timestamp,Fecha_Satelite_UTC,Fecha_Captura_Chile,Volcan,Sensor,VRP_MW,Distancia_km,Tipo_Registro,Clasificacion Mirova,Ruta Foto,Fecha_Proceso_GitHub,Ultima_Actualizacion,Editado
1771348680,2026-02-17 17:18:00,2026-02-17 14:18:00,Isluga,VIIRS,0.0,0.0,RUTINA,NULO,No descargada,2026-02-17 17:20:42,2026-02-17 17:20:42,NO
1771348680,2026-02-17 17:18:00,2026-02-17 14:18:00,Lascar,VIIRS,0.0,0.0,RUTINA,NULO,No descargada,2026-02-17 17:20:42,2026-02-17 17:20:42,NO
1771333200,2026-02-17 13:00:00,2026-02-17 10:00:00,Chaiten,MODIS,0.0,0.0,RUTINA,NULO,No descargada,2026-02-17 11:20:40,2026-02-17 17:20:42,NO
1771333200,2026-02-17 13:00:00,2026-02-17 10:00:00,Villarrica,MODIS,0.0,0.0,RUTINA,NULO,No descargada,2026-02-17 11:20:40,2026-02-17 17:20:42,NO
1771333200,2026-02-17 13:00:00,2026-02-17 10:00:00,Puyehue-Cordon Caulle,MODIS,0.0,0.0,RUTINA,NULO,No descargada,2026-02-17 11:20:40,2026-02-17 17:20:42,NO
1771333200,2026-02-17 13:00:00,2026-02-17 10:00:00,Llaima,MODIS,0.0,0.0,RUTINA,NULO,No descargada,2026-02-17 11:20:40,2026-02-17 17:20:42,NO
1771332900,2026-02-17 12:55:00,2026-02-17 09:55:00,Copahue,MODIS,0.0,0.0,RUTINA,NULO,No descargada,2026-02-17 11:20:40,2026-02-17 17:20:42,NO
1771332900,2026-02-17 12:55:00,2026-02-17 09:55:00,PlanchonPeteroa,MODIS,0.0,0.0,RUTINA,NULO,No descargada,2026-02-17 11:20:40,2026-02-17 17:20:42,NO
1771332900,2026-02-17 12:55:00,2026-02-17 09:55:00,Nevados de Chillan,MODIS,0.0,0.0,RUTINA,NULO,No descargada,2026-02-17 11:20:40,2026-02-17 17:20:42,NO
1771332900,2026-02-17 12:55:00,2026-02-17 09:55:00,Lastarria,MODIS,0.0,0.0,RUTINA,NULO,No descargada,2026-02-17 11:20:40,2026-02-17 17:20:42,NO
1771332900,2026-02-17 12:55:00,2026-02-17 09:55:00,Tupungatito,MODIS,0.0,0.0,RUTINA,NULO,No descargada,2026-02-17 11:20:40,2026-02-17 17:20:42,NO
1771332900,2026-02-17 12:55:00,2026-02-17 09:55:00,Lascar,MODIS,0.0,0.0,RUTINA,NULO,No descargada,2026-02-17 11:20:40,2026-02-17 17:20:42,NO
1771332600,2026-02-17 12:50:00,2026-02-17 09:50:00,Isluga,MODIS,0.0,0.0,RUTINA,NULO,No descargada,2026-02-17 11:20:40,2026-02-17 17:20:42,NO
1771314000,2026-02-17 07:40:00,2026-02-17 04:40:00,Chaiten,MODIS,0.0,0.0,RUTINA,NULO,No descargada,2026-02-17 07:20:39,2026-02-17 11:15:39,NO
1771313700,2026-02-17 07:35:00,2026-02-17 04:35:00,Nevados de Chillan,MODIS,0.0,0.0,RUTINA,NULO,No descargada,2026-02-17 07:20:39,2026-02-17 11:15:39,NO
1771313700,2026-02-17 07:35:00,2026-02-17 04:35:00,Copahue,MODIS,0.0,0.0,RUTINA,NULO,No descargada,2026-02-17 07:20:39,2026-02-17 11:15:39,NO
1771313700,2026-02-17 07:35:00,2026-02-17 04:35:00,Llaima,MODIS,0.0,0.0,RUTINA,NULO,No descargada,2026-02-17 07:20:39,2026-02-17 11:15:39,NO
1771313700,2026-02-17 07:35:00,2026-02-17 04:35:00,Tupungatito,MODIS,0.0,0.0,RUTINA,NULO,No descargada,2026-02-17 07:20:39,2026-02-17 11:15:39,NO
1771313700,2026-02-17 07:35:00,2026-02-17 04:35:00,PlanchonPeteroa,MODIS,0.0,0.0,RUTINA,NULO,No descargada,2026-02-17 07:20:39,2026-02-17 11:15:39,NO
1771313700,2026-02-17 07:35:00,2026-02-17 04:35:00,Lastarria,MODIS,0.0,0.0,RUTINA,NULO,No descargada,2026-02-17 07:20:39,2026-02-17 11:15:39,NO
1771313700,2026-02-17 07:35:00,2026-02-17 04:35:00,Villarrica,MODIS,0.0,0.0,RUTINA,NULO,No descargada,2026-02-17 07:20:39,2026-02-17 11:15:39,NO
1771313700,2026-02-17 07:35:00,2026-02-17 04:35:00,Puyehue-Cordon Caulle,MODIS,0.0,0.0,RUTINA,NULO,No descargada,2026-02-17 07:20:39,2026-02-17 11:15:39,NO
1771313400,2026-02-17 07:30:00,2026-02-17 04:30:00,Isluga,MODIS,0.0,0.0,RUTINA,NULO,No descargada,2026-02-17 07:20:39,2026-02-17 11:15:39,NO
1771313400,2026-02-17 07:30:00,2026-02-17 04:30:00,Lascar,MODIS,1.03,1.0,ALERTA_TERMICA,Bajo,imagenes_satelitales/Lascar/2026-02-17/07-30-00_Lascar_MODIS_Latest.png,2026-02-17 07:20:39,2026-02-17 11:15:39,NO
1771311241,2026-02-17 06:54:01,2026-02-17 03:54:01,Llaima,VIIRS,0.0,0.0,RUTINA,NULO,No descargada,2026-02-17 06:36:11,2026-02-17 17:20:42,NO
1771311241,2026-02-17 06:54:01,2026-02-17 03:54:01,Llaima,VIIRS375,0.0,0.0,RUTINA,NULO,No descargada,2026-02-17 06:50:41,2026-02-17 17:20:42,NO
1771311241,2026-02-17 06:54:01,2026-02-17 03:54:01,Villarrica,VIIRS375,0.0,0.0,RUTINA,NULO,No descargada,2026-02-17 06:50:41,2026-02-17 17:20:42,NO
1771311241,2026-02-17 06:54:01,2026-02-17 03:54:01,Villarrica,VIIRS,0.0,0.0,RUTINA,NULO,No descargada,2026-02-17 06:36:11,2026-02-17 17:20:42,NO
1771311241,2026-02-17 06:54:01,2026-02-17 03:54:01,Puyehue-Cordon Caulle,VIIRS,0.0,0.0,RUTINA,NULO,No descargada,2026-02-17 06:36:11,2026-02-17 17:20:42,NO
1771311241,2026-02-17 06:54:01,2026-02-17 03:54:01,Chaiten,VIIRS375,0.0,0.0,RUTINA,NULO,No descargada,2026-02-17 06:50:41,2026-02-17 17:20:42,NO
1771311241,2026-02-17 06:54:01,2026-02-17 03:54:01,Puyehue-Cordon Caulle,VIIRS375,0.0,0.0,RUTINA,NULO,No descargada,2026-02-17 06:50:41,2026-02-17 17:20:42,NO
1771311241,2026-02-17 06:54:01,2026-02-17 03:54:01,Chaiten,VIIRS,0.0,0.0,RUTINA,NULO,No descargada,2026-02-17 06:36:11,2026-02-17 17:20:42,NO
1771309800,2026-02-17 06:30:00,2026-02-17 03:30:00,Nevados de Chillan,VIIRS,0.0,0.0,RUTINA,NULO,No descargada,2026-02-17 07:20:39,2026-02-17 17:20:42,NO
1771309800,2026-02-17 06:30:00,2026-02-17 03:30:00,Isluga,VIIRS,0.0,0.0,RUTINA,NULO,No descargada,2026-02-17 07:20:39,2026-02-17 17:15:41,NO
1771309800,2026-02-17 06:30:00,2026-02-17 03:30:00,Copahue,VIIRS375,0.0,0.0,RUTINA,NULO,No descargada,2026-02-17 07:20:39,2026-02-17 17:20:42,NO
1771309800,2026-02-17 06:30:00,2026-02-17 03:30:00,Nevados de Chillan,VIIRS375,0.0,0.0,RUTINA,NULO,No descargada,2026-02-17 07:20:39,2026-02-17 17:20:42,NO
1771309800,2026-02-17 06:30:00,2026-02-17 03:30:00,Lastarria,VIIRS,0.0,0.0,RUTINA,NULO,No descargada,2026-02-17 07:20:39,2026-02-17 17:20:42,NO
1771309800,2026-02-17 06:30:00,2026-02-17 03:30:00,Lascar,VIIRS,0.0,0.0,RUTINA,NULO,No descargada,2026-02-17 07:20:39,2026-02-17 17:15:41,NO
1771309800,2026-02-17 06:30:00,2026-02-17 03:30:00,Lastarria,VIIRS375,0.0,0.0,RUTINA,NULO,No descargada,2026-02-17 07:20:39,2026-02-17 17:20:42,NO
1771309800,2026-02-17 06:30:00,2026-02-17 03:30:00,PlanchonPeteroa,VIIRS375,0.0,0.0,RUTINA,NULO,No descargada,2026-02-17 07:20:39,2026-02-17 17:20:42,NO
1771309800,2026-02-17 06:30:00,2026-02-17 03:30:00,Lascar,VIIRS375,0.0,0.0,RUTINA,NULO,No descargada,2026-02-17 07:20:39,2026-02-17 17:20:42,NO
1771309800,2026-02-17 06:30:00,2026-02-17 03:30:00,Tupungatito,VIIRS375,0.1,4.89,ALERTA_TERMICA,Muy Bajo,imagenes_satelitales/Tupungatito/2026-02-17/06-30-00_Tupungatito_VIIRS375_Latest.png,2026-02-17 07:20:39,2026-02-17 17:20:42,NO
1771309800,2026-02-17 06:30:00,2026-02-17 03:30:00,Tupungatito,VIIRS,0.0,0.0,RUTINA,NULO,No descargada,2026-02-17 07:20:39,2026-02-17 17:20:42,NO
1771309800,2026-02-17 06:30:00,2026-02-17 03:30:00,PlanchonPeteroa,VIIRS,0.0,0.0,RUTINA,NULO,No descargada,2026-02-17 07:20:39,2026-02-17 17:20:42,NO
1771309800,2026-02-17 06:30:00,2026-02-17 03:30:00,Isluga,VIIRS375,0.0,0.0,RUTINA,NULO,No descargada,2026-02-17 07:20:39,2026-02-17 17:20:42,NO
1771309800,2026-02-17 06:30:00,2026-02-17 03:30:00,Copahue,VIIRS,0.0,0.0,RUTINA,NULO,No descargada,2026-02-17 07:20:39,2026-02-17 17:20:42,NO
1771305121,2026-02-17 05:12:01,2026-02-17 02:12:01,PlanchonPeteroa,VIIRS375,0.0,0.0,RUTINA,NULO,No descargada,2026-02-17 05:06:38,2026-02-17 07:15:42,NO
1771305121,2026-02-17 05:12:01,2026-02-17 02:12:01,Tupungatito,VIIRS375,0.47,5.41,FALSO_POSITIVO,NULO,No descargada,2026-02-17 05:06:38,2026-02-17 07:15:42,NO
1771305121,2026-02-17 05:12:01,2026-02-17 02:12:01,Lastarria,VIIRS375,0.0,0.0,RUTINA,NULO,No descargada,2026-02-17 05:06:38,2026-02-17 07:15:42,NO
1771305121,2026-02-17 05:12:01,2026-02-17 02:12:01,Chaiten,VIIRS375,0.0,0.0,RUTINA,NULO,No descargada,2026-02-17 05:06:38,2026-02-17 06:45:38,NO
1771305121,2026-02-17 05:12:01,2026-02-17 02:12:01,Puyehue-Cordon Caulle,VIIRS375,0.0,0.0,RUTINA,NULO,No descargada,2026-02-17 05:06:38,2026-02-17 06:45:38,NO
1771305121,2026-02-17 05:12:01,2026-02-17 02:12:01,PlanchonPeteroa,VIIRS,0.0,0.0,RUTINA,NULO,No descargada,2026-02-17 05:06:38,2026-02-17 07:15:42,NO
1771305121,2026-02-17 05:12:01,2026-02-17 02:12:01,Nevados de Chillan,VIIRS,0.0,0.0,RUTINA,NULO,No descargada,2026-02-17 05:06:38,2026-02-17 07:15:42,NO
1771305121,2026-02-17 05:12:01,2026-02-17 02:12:01,Lastarria,VIIRS,0.0,0.0,RUTINA,NULO,No descargada,2026-02-17 05:06:38,2026-02-17 07:15:42,NO
1771305121,2026-02-17 05:12:01,2026-02-17 02:12:01,Llaima,VIIRS375,0.0,0.0,RUTINA,NULO,No descargada,2026-02-17 05:06:38,2026-02-17 06:45:38,NO
1771305121,2026-02-17 05:12:01,2026-02-17 02:12:01,Puyehue-Cordon Caulle,VIIRS,0.0,0.0,RUTINA,NULO,No descargada,2026-02-17 05:06:38,2026-02-17 06:30:43,NO
1771305121,2026-02-17 05:12:01,2026-02-17 02:12:01,Llaima,VIIRS,0.0,0.0,RUTINA,NULO,No descargada,2026-02-17 05:06:38,2026-02-17 06:30:43,NO
1771305121,2026-02-17 05:12:01,2026-02-17 02:12:01,Copahue,VIIRS,0.0,0.0,RUTINA,NULO,No descargada,2026-02-17 05:06:38,2026-02-17 07:15:42,NO
1771305121,2026-02-17 05:12:01,2026-02-17 02:12:01,Copahue,VIIRS375,0.0,0.0,RUTINA,NULO,No descargada,2026-02-17 05:06:38,2026-02-17 07:15:42,NO
1771305121,2026-02-17 05:12:01,2026-02-17 02:12:01,Villarrica,VIIRS,0.0,0.0,RUTINA,NULO,No descargada,2026-02-17 05:06:38,2026-02-17 06:30:43,NO
1771305121,2026-02-17 05:12:01,2026-02-17 02:12:01,Chaiten,VIIRS,0.0,0.0,RUTINA,NULO,No descargada,2026-02-17 05:06:38,2026-02-17 06:30:43,NO
1771305121,2026-02-17 05:12:01,2026-02-17 02:12:01,Villarrica,VIIRS375,0.45,25.33,FALSO_POSITIVO,NULO,No descargada,2026-02-17 05:06:38,2026-02-17 06:45:38,NO
1771305121,2026-02-17 05:12:01,2026-02-17 02:12:01,Tupungatito,VIIRS,0.0,0.0,RUTINA,NULO,No descargada,2026-02-17 05:06:38,2026-02-17 07:15:42,NO
1771305121,2026-02-17 05:12:01,2026-02-17 02:12:01,Nevados de Chillan,VIIRS375,0.0,0.0,RUTINA,NULO,No descargada,2026-02-17 05:06:38,2026-02-17 07:15:42,NO
1771304761,2026-02-17 05:06:01,2026-02-17 02:06:01,Isluga,VIIRS,0.0,0.0,RUTINA,NULO,No descargada,2026-02-17 05:06:38,2026-02-17 07:15:42,NO
1771304761,2026-02-17 05:06:01,2026-02-17 02:06:01,Isluga,VIIRS375,0.0,0.0,RUTINA,NULO,No descargada,2026-02-17 05:06:38,2026-02-17 07:15:42,NO
1771304761,2026-02-17 05:06:01,2026-02-17 02:06:01,Lascar,VIIRS,0.0,0.0,RUTINA,NULO,No descargada,2026-02-17 05:06:38,2026-02-17 07:15:42,NO
1771304761,2026-02-17 05:06:01,2026-02-17 02:06:01,Lascar,VIIRS375,0.09,1.55,ALERTA_TERMICA,Muy Bajo,imagenes_satelitales/Lascar/2026-02-17/05-06-01_Lascar_VIIRS375_Latest.png,2026-02-17 05:06:38,2026-02-17 07:15:42,NO
1771293600,2026-02-17 02:00:00,2026-02-16 23:00:00,Lascar,MODIS,0.0,0.0,RUTINA,NULO,No descargada,2026-02-17 00:35:39,2026-02-17 07:15:42,NO
1771293600,2026-02-17 02:00:00,2026-02-16 23:00:00,Lastarria,MODIS,0.0,0.0,RUTINA,NULO,No descargada,2026-02-17 00:35:39,2026-02-17 07:15:42,NO
1771293600,2026-02-17 02:00:00,2026-02-16 23:00:00,Isluga,MODIS,0.0,0.0,RUTINA,NULO,No descargada,2026-02-17 00:35:39,2026-02-17 07:15:42,NO
1771293300,2026-02-17 01:55:00,2026-02-16 22:55:00,PlanchonPeteroa,MODIS,0.0,0.0,RUTINA,NULO,No descargada,2026-02-17 00:35:39,2026-02-17 07:15:42,NO
1771293300,2026-02-17 01:55:00,2026-02-16 22:55:00,Copahue,MODIS,0.0,0.0,RUTINA,NULO,No descargada,2026-02-17 00:35:39,2026-02-17 07:15:42,NO
1771293300,2026-02-17 01:55:00,2026-02-16 22:55:00,Llaima,MODIS,0.0,0.0,RUTINA,NULO,No descargada,2026-02-17 00:35:39,2026-02-17 07:15:42,NO
1771293300,2026-02-17 01:55:00,2026-02-16 22:55:00,Puyehue-Cordon Caulle,MODIS,0.0,0.0,RUTINA,NULO,No descargada,2026-02-17 00:35:39,2026-02-17 07:15:42,NO
1771293300,2026-02-17 01:55:00,2026-02-16 22:55:00,Chaiten,MODIS,0.0,0.0,RUTINA,NULO,No descargada,2026-02-17 00:35:39,2026-02-17 07:15:42,NO
1771293300,2026-02-17 01:55:00,2026-02-16 22:55:00,Tupungatito,MODIS,0.0,0.0,RUTINA,NULO,No descargada,2026-02-17 00:35:39,2026-02-17 07:15:42,NO
1771293300,2026-02-17 01:55:00,2026-02-16 22:55:00,Nevados de Chillan,MODIS,0.0,0.0,RUTINA,NULO,No descargada,2026-02-17 00:35:39,2026-02-17 07:15:42,NO
1771293300,2026-02-17 01:55:00,2026-02-16 22:55:00,Villarrica,MODIS,0.0,0.0,RUTINA,NULO,No descargada,2026-02-17 00:35:39,2026-02-17 07:15:42,NO
1771274400,2026-02-16 20:40:00,2026-02-16 17:40:00,Lastarria,MODIS,0.0,0.0,RUTINA,NULO,No descargada,2026-02-16 19:20:44,2026-02-17 00:31:01,NO
1771274400,2026-02-16 20:40:00,2026-02-16 17:40:00,Lascar,MODIS,0.0,0.0,RUTINA,NULO,No descargada,2026-02-16 19:20:44,2026-02-17 00:31:01,NO
1771274400,2026-02-16 20:40:00,2026-02-16 17:40:00,Isluga,MODIS,0.0,0.0,RUTINA,NULO,No descargada,2026-02-16 19:20:44,2026-02-17 00:31:01,NO
1771274100,2026-02-16 20:35:00,2026-02-16 17:35:00,Villarrica,MODIS,0.0,0.0,RUTINA,NULO,No descargada,2026-02-16 19:20:44,2026-02-17 00:31:01,NO
1771274100,2026-02-16 20:35:00,2026-02-16 17:35:00,Tupungatito,MODIS,0.0,0.0,RUTINA,NULO,No descargada,2026-02-16 19:20:44,2026-02-17 00:31:01,NO
1771274100,2026-02-16 20:35:00,2026-02-16 17:35:00,Puyehue-Cordon Caulle,MODIS,0.0,0.0,RUTINA,NULO,No descargada,2026-02-16 19:20:44,2026-02-17 00:31:01,NO
1771274100,2026-02-16 20:35:00,2026-02-16 17:35:00,PlanchonPeteroa,MODIS,0.0,0.0,RUTINA,NULO,No descargada,2026-02-16 19:20:44,2026-02-17 00:31:01,NO
1771274100,2026-02-16 20:35:00,2026-02-16 17:35:00,Chaiten,MODIS,0.0,0.0,RUTINA,NULO,No descargada,2026-02-16 19:20:44,2026-02-17 00:31:01,NO
1771274100,2026-02-16 20:35:00,2026-02-16 17:35:00,Copahue,MODIS,0.0,0.0,RUTINA,NULO,No descargada,2026-02-16 19:20:44,2026-02-17 00:31:01,NO
1771274100,2026-02-16 20:35:00,2026-02-16 17:35:00,Llaima,MODIS,0.0,0.0,RUTINA,NULO,No descargada,2026-02-16 19:20:44,2026-02-17 00:31:01,NO
1771274100,2026-02-16 20:35:00,2026-02-16 17:35:00,Nevados de Chillan,MODIS,0.0,0.0,RUTINA,NULO,No descargada,2026-02-16 19:20:44,2026-02-17 00:31:01,NO
1771270201,2026-02-16 19:30:01,2026-02-16 16:30:01,Nevados de Chillan,VIIRS,0.0,0.0,RUTINA,NULO,No descargada,2026-02-16 19:35:38,2026-02-17 05:00:39,NO
1771270201,2026-02-16 19:30:01,2026-02-16 16:30:01,Villarrica,VIIRS,0.0,0.0,RUTINA,NULO,No descargada,2026-02-16 19:35:38,2026-02-17 05:00:39,NO
1771270201,2026-02-16 19:30:01,2026-02-16 16:30:01,Nevados de Chillan,VIIRS375,0.0,0.0,RUTINA,NULO,No descargada,2026-02-16 19:20:44,2026-02-17 05:00:39,NO
1771270201,2026-02-16 19:30:01,2026-02-16 16:30:01,PlanchonPeteroa,VIIRS375,0.0,0.0,RUTINA,NULO,No descargada,2026-02-16 19:20:44,2026-02-17 05:00:39,NO
1771270201,2026-02-16 19:30:01,2026-02-16 16:30:01,Copahue,VIIRS375,0.0,0.0,RUTINA,NULO,No descargada,2026-02-16 19:20:44,2026-02-17 05:00:39,NO
1771270201,2026-02-16 19:30:01,2026-02-16 16:30:01,Tupungatito,VIIRS375,0.0,0.0,RUTINA,NULO,No descargada,2026-02-16 19:20:44,2026-02-17 05:00:39,NO
1771270201,2026-02-16 19:30:01,2026-02-16 16:30:01,Copahue,VIIRS,0.0,0.0,RUTINA,NULO,No descargada,2026-02-16 19:35:38,2026-02-17 05:00:39,NO
1771270201,2026-02-16 19:30:01,2026-02-16 16:30:01,PlanchonPeteroa,VIIRS,0.0,0.0,RUTINA,NULO,No descargada,2026-02-16 19:35:38,2026-02-17 05:00:39,NO
1771270201,2026-02-16 19:30:01,2026-02-16 16:30:01,Chaiten,VIIRS375,0.0,0.0,RUTINA,NULO,No descargada,2026-02-16 19:20:44,2026-02-17 05:00:39,NO
1771270201,2026-02-16 19:30:01,2026-02-16 16:30:01,Tupungatito,VIIRS,0.0,0.0,RUTINA,NULO,No descargada,2026-02-16 19:35:38,2026-02-17 05:00:39,NO
1771270201,2026-02-16 19:30:01,2026-02-16 16:30:01,Llaima,VIIRS,0.0,0.0,RUTINA,NULO,No descargada,2026-02-16 19:35:38,2026-02-17 05:00:39,NO
1771270201,2026-02-16 19:30:01,2026-02-16 16:30:01,Villarrica,VIIRS375,0.0,0.0,RUTINA,NULO,No descargada,2026-02-16 19:20:44,2026-02-17 05:00:39,NO
1771270201,2026-02-16 19:30:01,2026-02-16 16:30:01,Chaiten,VIIRS,0.0,0.0,RUTINA,NULO,No descargada,2026-02-16 19:35:38,2026-02-17 05:00:39,NO
1771270201,2026-02-16 19:30:01,2026-02-16 16:30:01,Puyehue-Cordon Caulle,VIIRS375,0.0,0.0,RUTINA,NULO,No descargada,2026-02-16 19:20:44,2026-02-17 05:00:39,NO
1771270201,2026-02-16 19:30:01,2026-02-16 16:30:01,Puyehue-Cordon Caulle,VIIRS,0.0,0.0,RUTINA,NULO,No descargada,2026-02-16 19:35:38,2026-02-17 05:00:39,NO
1771270201,2026-02-16 19:30:01,2026-02-16 16:30:01,Llaima,VIIRS375,0.0,0.0,RUTINA,NULO,No descargada,2026-02-16 19:20:44,2026-02-17 05:00:39,NO
1771269480,2026-02-16 19:18:00,2026-02-16 16:18:00,Isluga,VIIRS375,0.0,0.0,RUTINA,NULO,No descargada,2026-02-16 19:50:40,2026-02-17 05:00:39,NO
1771269480,2026-02-16 19:18:00,2026-02-16 16:18:00,Isluga,VIIRS,0.0,0.0,RUTINA,NULO,No descargada,2026-02-16 19:20:44,2026-02-17 05:00:39,NO
1771269120,2026-02-16 19:12:00,2026-02-16 16:12:00,Lascar,VIIRS,0.0,0.0,RUTINA,NULO,No descargada,2026-02-16 18:50:42,2026-02-17 05:00:39,NO
1771269120,2026-02-16 19:12:00,2026-02-16 16:12:00,Lastarria,VIIRS375,0.86,10.67,FALSO_POSITIVO,NULO,No descargada,2026-02-16 19:50:40,2026-02-17 05:00:39,NO
1771269120,2026-02-16 19:12:00,2026-02-16 16:12:00,Lascar,VIIRS375,0.0,0.0,RUTINA,NULO,No descargada,2026-02-16 19:50:40,2026-02-17 05:00:39,NO
1771269120,2026-02-16 19:12:00,2026-02-16 16:12:00,Lastarria,VIIRS,0.0,0.0,RUTINA,NULO,No descargada,2026-02-16 18:50:42,2026-02-17 05:00:39,NO
1771269120,2026-02-16 19:12:00,2026-02-16 16:12:00,Llaima,VIIRS,0.0,0.0,RUTINA,NULO,No descargada,2026-02-16 19:20:44,2026-02-16 19:30:41,NO
1771269120,2026-02-16 19:12:00,2026-02-16 16:12:00,Tupungatito,VIIRS,0.0,0.0,RUTINA,NULO,No descargada,2026-02-16 19:20:44,2026-02-16 19:30:41,NO
1771269120,2026-02-16 19:12:00,2026-02-16 16:12:00,Nevados de Chillan,VIIRS,0.0,0.0,RUTINA,NULO,No descargada,2026-02-16 18:50:42,2026-02-16 19:30:41,NO
1771269120,2026-02-16 19:12:00,2026-02-16 16:12:00,PlanchonPeteroa,VIIRS,0.0,0.0,RUTINA,NULO,No descargada,2026-02-16 18:50:42,2026-02-16 19:30:41,NO
1771269120,2026-02-16 19:12:00,2026-02-16 16:12:00,Puyehue-Cordon Caulle,VIIRS,0.0,0.0,RUTINA,NULO,No descargada,2026-02-16 19:20:44,2026-02-16 19:30:41,NO
1771269120,2026-02-16 19:12:00,2026-02-16 16:12:00,Copahue,VIIRS,0.0,0.0,RUTINA,NULO,No descargada,2026-02-16 18:50:42,2026-02-16 19:30:41,NO
1771269120,2026-02-16 19:12:00,2026-02-16 16:12:00,Chaiten,VIIRS,0.0,0.0,RUTINA,NULO,No descargada,2026-02-16 19:20:44,2026-02-16 19:30:41,NO
1771269120,2026-02-16 19:12:00,2026-02-16 16:12:00,Villarrica,VIIRS,0.0,0.0,RUTINA,NULO,No descargada,2026-02-16 19:20:44,2026-02-16 19:30:41,NO
1771264441,2026-02-16 17:54:01,2026-02-16 14:54:01,Lascar,VIIRS,0.0,0.0,RUTINA,NULO,No descargada,2026-02-16 18:05:42,2026-02-16 18:45:45,NO
1771264441,2026-02-16 17:54:01,2026-02-16 14:54:01,PlanchonPeteroa,VIIRS375,0.0,0.0,RUTINA,NULO,No descargada,2026-02-16 17:35:41,2026-02-16 19:15:40,NO
1771264441,2026-02-16 17:54:01,2026-02-16 14:54:01,Isluga,VIIRS375,0.0,0.0,RUTINA,NULO,No descargada,2026-02-16 17:35:41,2026-02-16 19:45:41,NO
1771264441,2026-02-16 17:54:01,2026-02-16 14:54:01,Copahue,VIIRS,0.0,0.0,RUTINA,NULO,No descargada,2026-02-16 18:05:42,2026-02-16 18:45:45,NO
1771264441,2026-02-16 17:54:01,2026-02-16 14:54:01,Lastarria,VIIRS,0.0,0.0,RUTINA,NULO,No descargada,2026-02-16 18:05:42,2026-02-16 18:45:45,NO
1771264441,2026-02-16 17:54:01,2026-02-16 14:54:01,Tupungatito,VIIRS,0.0,0.0,RUTINA,NULO,No descargada,2026-02-16 18:05:42,2026-02-16 19:15:40,NO
1771264441,2026-02-16 17:54:01,2026-02-16 14:54:01,Nevados de Chillan,VIIRS375,0.0,0.0,RUTINA,NULO,No descargada,2026-02-16 17:35:41,2026-02-16 19:15:40,NO
1771264441,2026-02-16 17:54:01,2026-02-16 14:54:01,Lascar,VIIRS375,0.0,0.0,RUTINA,NULO,No descargada,2026-02-16 17:35:41,2026-02-16 19:45:41,NO
1771264441,2026-02-16 17:54:01,2026-02-16 14:54:01,PlanchonPeteroa,VIIRS,0.0,0.0,RUTINA,NULO,No descargada,2026-02-16 18:05:42,2026-02-16 18:45:45,NO
1771264441,2026-02-16 17:54:01,2026-02-16 14:54:01,Isluga,VIIRS,0.0,0.0,RUTINA,NULO,No descargada,2026-02-16 18:05:42,2026-02-16 19:15:40,NO
1771264441,2026-02-16 17:54:01,2026-02-16 14:54:01,Tupungatito,VIIRS375,0.0,0.0,RUTINA,NULO,No descargada,2026-02-16 17:35:41,2026-02-16 19:15:40,NO
1771264441,2026-02-16 17:54:01,2026-02-16 14:54:01,Copahue,VIIRS375,0.0,0.0,RUTINA,NULO,No descargada,2026-02-16 17:35:41,2026-02-16 19:15:40,NO
1771264441,2026-02-16 17:54:01,2026-02-16 14:54:01,Lastarria,VIIRS375,0.0,0.0,RUTINA,NULO,No descargada,2026-02-16 17:35:41,2026-02-16 19:45:41,NO
1771264441,2026-02-16 17:54:01,2026-02-16 14:54:01,Nevados de Chillan,VIIRS,0.0,0.0,RUTINA,NULO,No descargada,2026-02-16 18:05:42,2026-02-16 18:45:45,NO
1771264081,2026-02-16 17:48:01,2026-02-16 14:48:01,Puyehue-Cordon Caulle,VIIRS,0.0,0.0,RUTINA,NULO,No descargada,2026-02-16 17:50:36,2026-02-16 19:15:40,NO
1771264081,2026-02-16 17:48:01,2026-02-16 14:48:01,Villarrica,VIIRS375,0.0,0.0,RUTINA,NULO,No descargada,2026-02-16 17:35:41,2026-02-16 19:15:40,NO
1771264081,2026-02-16 17:48:01,2026-02-16 14:48:01,Villarrica,VIIRS,0.0,0.0,RUTINA,NULO,No descargada,2026-02-16 17:50:36,2026-02-16 19:15:40,NO
1771264081,2026-02-16 17:48:01,2026-02-16 14:48:01,Puyehue-Cordon Caulle,VIIRS375,0.0,0.0,RUTINA,NULO,No descargada,2026-02-16 17:35:41,2026-02-16 19:15:40,NO
1771264081,2026-02-16 17:48:01,2026-02-16 14:48:01,Llaima,VIIRS,0.0,0.0,RUTINA,NULO,No descargada,2026-02-16 17:50:36,2026-02-16 19:15:40,NO
1771264081,2026-02-16 17:48:01,2026-02-16 14:48:01,Chaiten,VIIRS,0.0,0.0,RUTINA,NULO,No descargada,2026-02-16 17:50:36,2026-02-16 19:15:40,NO
1771264081,2026-02-16 17:48:01,2026-02-16 14:48:01,Llaima,VIIRS375,0.0,0.0,RUTINA,NULO,No descargada,2026-02-16 17:35:41,2026-02-16 19:15:40,NO
1771264081,2026-02-16 17:48:01,2026-02-16 14:48:01,Chaiten,VIIRS375,0.0,0.0,RUTINA,NULO,No descargada,2026-02-16 17:35:41,2026-02-16 19:15:40,NO
1771263360,2026-02-16 17:36:00,2026-02-16 14:36:00,Lastarria,VIIRS,0.0,0.0,RUTINA,NULO,No descargada,2026-02-16 17:35:41,2026-02-16 18:00:45,NO
1771263360,2026-02-16 17:36:00,2026-02-16 14:36:00,Lascar,VIIRS,0.0,0.0,RUTINA,NULO,No descargada,2026-02-16 17:35:41,2026-02-16 18:00:45,NO
1771263360,2026-02-16 17:36:00,2026-02-16 14:36:00,Isluga,VIIRS,0.0,0.0,RUTINA,NULO,No descargada,2026-02-16 17:35:41,2026-02-16 18:00:45,NO
1771263000,2026-02-16 17:30:00,2026-02-16 14:30:00,Copahue,VIIRS,0.0,0.0,RUTINA,NULO,No descargada,2026-02-16 17:35:41,2026-02-16 18:00:45,NO
1771263000,2026-02-16 17:30:00,2026-02-16 14:30:00,PlanchonPeteroa,VIIRS,0.0,0.0,RUTINA,NULO,No descargada,2026-02-16 17:35:41,2026-02-16 18:00:45,NO
1771263000,2026-02-16 17:30:00,2026-02-16 14:30:00,Nevados de Chillan,VIIRS,0.0,0.0,RUTINA,NULO,No descargada,2026-02-16 17:35:41,2026-02-16 18:00:45,NO
1771263000,2026-02-16 17:30:00,2026-02-16 14:30:00,Tupungatito,VIIRS,0.0,0.0,RUTINA,NULO,No descargada,2026-02-16 17:35:41,2026-02-16 18:00:45,NO
1771250400,2026-02-16 14:00:00,2026-02-16 11:00:00,Chaiten,MODIS,0.0,0.0,RUTINA,NULO,No descargada,2026-02-16 13:05:39,2026-02-16 19:15:40,NO
1771250100,2026-02-16 13:55:00,2026-02-16 10:55:00,Copahue,MODIS,0.0,0.0,RUTINA,NULO,No descargada,2026-02-16 12:35:42,2026-02-16 19:15:40,NO
1771250100,2026-02-16 13:55:00,2026-02-16 10:55:00,Llaima,MODIS,0.0,0.0,RUTINA,NULO,No descargada,2026-02-16 12:35:42,2026-02-16 19:15:40,NO
1771250100,2026-02-16 13:55:00,2026-02-16 10:55:00,Nevados de Chillan,MODIS,0.0,0.0,RUTINA,NULO,No descargada,2026-02-16 12:35:42,2026-02-16 19:15:40,NO
1771250100,2026-02-16 13:55:00,2026-02-16 10:55:00,Tupungatito,MODIS,0.0,0.0,RUTINA,NULO,No descargada,2026-02-16 12:35:42,2026-02-16 19:15:40,NO
1771250100,2026-02-16 13:55:00,2026-02-16 10:55:00,Villarrica,MODIS,0.0,0.0,RUTINA,NULO,No descargada,2026-02-16 12:35:42,2026-02-16 19:15:40,NO
1771250100,2026-02-16 13:55:00,2026-02-16 10:55:00,Lastarria,MODIS,0.0,0.0,RUTINA,NULO,No descargada,2026-02-16 12:35:42,2026-02-16 19:15:40,NO
1771250100,2026-02-16 13:55:00,2026-02-16 10:55:00,Puyehue-Cordon Caulle,MODIS,0.0,0.0,RUTINA,NULO,No descargada,2026-02-16 12:35:42,2026-02-16 19:15:40,NO
1771250100,2026-02-16 13:55:00,2026-02-16 10:55:00,PlanchonPeteroa,MODIS,0.0,0.0,RUTINA,NULO,No descargada,2026-02-16 12:35:42,2026-02-16 19:15:40,NO
1771249800,2026-02-16 13:50:00,2026-02-16 10:50:00,Lascar,MODIS,0.0,0.0,RUTINA,NULO,No descargada,2026-02-16 12:35:42,2026-02-16 19:15:40,NO
1771249800,2026-02-16 13:50:00,2026-02-16 10:50:00,Isluga,MODIS,0.0,0.0,RUTINA,NULO,No descargada,2026-02-16 12:35:42,2026-02-16 19:15:40,NO
1771244400,2026-02-16 12:20:00,2026-02-16 09:20:00,Chaiten,MODIS,0.0,0.0,RUTINA,NULO,No descargada,2026-02-16 10:50:43,2026-02-16 13:00:45,NO
1771225200,2026-02-16 07:00:00,2026-02-16 04:00:00,Nevados de Chillan,MODIS,0.0,0.0,RUTINA,NULO,No descargada,2026-02-16 06:20:42,2026-02-16 12:30:45,NO
1771225200,2026-02-16 07:00:00,2026-02-16 04:00:00,Llaima,MODIS,0.0,0.0,RUTINA,NULO,No descargada,2026-02-16 06:20:42,2026-02-16 12:30:45,NO
1771225200,2026-02-16 07:00:00,2026-02-16 04:00:00,PlanchonPeteroa,MODIS,0.0,0.0,RUTINA,NULO,No descargada,2026-02-16 06:20:42,2026-02-16 12:30:45,NO
1771225200,2026-02-16 07:00:00,2026-02-16 04:00:00,Villarrica,MODIS,0.0,0.0,RUTINA,NULO,No descargada,2026-02-16 06:20:42,2026-02-16 12:30:45,NO
1771225200,2026-02-16 07:00:00,2026-02-16 04:00:00,Copahue,MODIS,0.0,0.0,RUTINA,NULO,No descargada,2026-02-16 06:20:42,2026-02-16 12:30:45,NO
1771225200,2026-02-16 07:00:00,2026-02-16 04:00:00,Puyehue-Cordon Caulle,MODIS,0.0,0.0,RUTINA,NULO,No descargada,2026-02-16 06:20:42,2026-02-16 12:30:45,NO
1771225200,2026-02-16 07:00:00,2026-02-16 04:00:00,Chaiten,MODIS,0.0,0.0,RUTINA,NULO,No descargada,2026-02-16 06:20:42,2026-02-16 10:45:40,NO
1771224900,2026-02-16 06:55:00,2026-02-16 03:55:00,Isluga,MODIS,0.0,0.0,RUTINA,NULO,No descargada,2026-02-16 06:05:41,2026-02-16 12:30:45,NO
1771224900,2026-02-16 06:55:00,2026-02-16 03:55:00,Lascar,MODIS,0.0,0.0,RUTINA,NULO,No descargada,2026-02-16 06:05:41,2026-02-16 12:30:45,NO
1771224900,2026-02-16 06:55:00,2026-02-16 03:55:00,Tupungatito,MODIS,0.0,0.0,RUTINA,NULO,No descargada,2026-02-16 06:20:42,2026-02-16 12:30:45,NO
1771224900,2026-02-16 06:55:00,2026-02-16 03:55:00,Lastarria,MODIS,0.0,0.0,RUTINA,NULO,No descargada,2026-02-16 06:05:41,2026-02-16 12:30:45,NO
1771224840,2026-02-16 06:54:00,2026-02-16 03:54:00,Villarrica,VIIRS,0.0,0.0,RUTINA,NULO,No descargada,2026-02-16 07:20:43,2026-02-16 17:45:41,NO
1771224840,2026-02-16 06:54:00,2026-02-16 03:54:00,Nevados de Chillan,VIIRS,0.0,0.0,RUTINA,NULO,No descargada,2026-02-16 07:20:43,2026-02-16 17:30:43,NO
1771224840,2026-02-16 06:54:00,2026-02-16 03:54:00,Copahue,VIIRS375,0.0,0.0,RUTINA,NULO,No descargada,2026-02-16 08:20:42,2026-02-16 17:30:43,NO
1771224840,2026-02-16 06:54:00,2026-02-16 03:54:00,Llaima,VIIRS375,0.0,0.0,RUTINA,NULO,No descargada,2026-02-16 08:20:42,2026-02-16 17:30:43,NO
1771224840,2026-02-16 06:54:00,2026-02-16 03:54:00,Chaiten,VIIRS375,0.0,0.0,RUTINA,NULO,No descargada,2026-02-16 08:20:42,2026-02-16 17:30:43,NO
1771224840,2026-02-16 06:54:00,2026-02-16 03:54:00,Villarrica,VIIRS375,0.0,0.0,RUTINA,NULO,No descargada,2026-02-16 08:20:42,2026-02-16 17:30:43,NO
1771224840,2026-02-16 06:54:00,2026-02-16 03:54:00,Llaima,VIIRS,0.0,0.0,RUTINA,NULO,No descargada,2026-02-16 07:20:43,2026-02-16 17:45:41,NO
1771224840,2026-02-16 06:54:00,2026-02-16 03:54:00,Puyehue-Cordon Caulle,VIIRS375,0.0,0.0,RUTINA,NULO,No descargada,2026-02-16 08:20:42,2026-02-16 17:30:43,NO
1771224840,2026-02-16 06:54:00,2026-02-16 03:54:00,Nevados de Chillan,VIIRS375,0.0,0.0,RUTINA,NULO,No descargada,2026-02-16 08:20:42,2026-02-16 17:30:43,NO
1771224840,2026-02-16 06:54:00,2026-02-16 03:54:00,Chaiten,VIIRS,0.0,0.0,RUTINA,NULO,No descargada,2026-02-16 07:20:43,2026-02-16 17:45:41,NO
1771224840,2026-02-16 06:54:00,2026-02-16 03:54:00,Puyehue-Cordon Caulle,VIIRS,0.0,0.0,RUTINA,NULO,No descargada,2026-02-16 07:20:43,2026-02-16 17:45:41,NO
1771224840,2026-02-16 06:54:00,2026-02-16 03:54:00,Copahue,VIIRS,0.0,0.0,RUTINA,NULO,No descargada,2026-02-16 07:20:43,2026-02-16 17:30:43,NO
1771224480,2026-02-16 06:48:00,2026-02-16 03:48:00,PlanchonPeteroa,VIIRS,0.0,0.0,RUTINA,NULO,No descargada,2026-02-16 07:20:43,2026-02-16 17:30:43,NO
1771224480,2026-02-16 06:48:00,2026-02-16 03:48:00,Tupungatito,VIIRS375,0.0,0.0,RUTINA,NULO,No descargada,2026-02-16 08:20:42,2026-02-16 17:30:43,NO
1771224480,2026-02-16 06:48:00,2026-02-16 03:48:00,PlanchonPeteroa,VIIRS375,0.0,0.0,RUTINA,NULO,No descargada,2026-02-16 08:20:42,2026-02-16 17:30:43,NO
1771224480,2026-02-16 06:48:00,2026-02-16 03:48:00,Tupungatito,VIIRS,0.0,0.0,RUTINA,NULO,No descargada,2026-02-16 07:20:43,2026-02-16 17:30:43,NO
1771224480,2026-02-16 06:48:00,2026-02-16 03:48:00,Isluga,VIIRS375,0.0,0.0,RUTINA,NULO,No descargada,2026-02-16 08:20:42,2026-02-16 17:30:43,NO
1771224480,2026-02-16 06:48:00,2026-02-16 03:48:00,Isluga,VIIRS,0.0,0.0,RUTINA,NULO,No descargada,2026-02-16 07:20:43,2026-02-16 17:30:43,NO
1771224480,2026-02-16 06:48:00,2026-02-16 03:48:00,Lastarria,VIIRS,0.0,0.0,RUTINA,NULO,No descargada,2026-02-16 07:20:43,2026-02-16 17:30:43,NO
1771224480,2026-02-16 06:48:00,2026-02-16 03:48:00,Lastarria,VIIRS375,0.0,0.0,RUTINA,NULO,No descargada,2026-02-16 08:20:42,2026-02-16 17:30:43,NO
1771219801,2026-02-16 05:30:01,2026-02-16 02:30:01,Villarrica,VIIRS375,0.0,0.0,RUTINA,NULO,No descargada,2026-02-16 05:20:42,2026-02-16 08:15:40,NO
1771219801,2026-02-16 05:30:01,2026-02-16 02:30:01,Tupungatito,VIIRS,0.34,5.03,FALSO_POSITIVO,NULO,No descargada,2026-02-16 05:20:42,2026-02-16 07:10:46,NO
1771219801,2026-02-16 05:30:01,2026-02-16 02:30:01,Lastarria,VIIRS,0.0,0.0,RUTINA,NULO,No descargada,2026-02-16 05:05:38,2026-02-16 07:10:46,NO
1771219801,2026-02-16 05:30:01,2026-02-16 02:30:01,Llaima,VIIRS,0.0,0.0,RUTINA,NULO,No descargada,2026-02-16 05:05:38,2026-02-16 07:10:46,NO
1771219801,2026-02-16 05:30:01,2026-02-16 02:30:01,Puyehue-Cordon Caulle,VIIRS375,0.0,0.0,RUTINA,NULO,No descargada,2026-02-16 05:20:42,2026-02-16 08:15:40,NO
1771219801,2026-02-16 05:30:01,2026-02-16 02:30:01,Nevados de Chillan,VIIRS375,0.0,0.0,RUTINA,NULO,No descargada,2026-02-16 05:20:42,2026-02-16 08:15:40,NO
1771219801,2026-02-16 05:30:01,2026-02-16 02:30:01,Nevados de Chillan,VIIRS,0.0,0.0,RUTINA,NULO,No descargada,2026-02-16 05:05:38,2026-02-16 07:10:46,NO
1771219801,2026-02-16 05:30:01,2026-02-16 02:30:01,Lascar,VIIRS375,4.34,1.55,ALERTA_TERMICA,Bajo,imagenes_satelitales/Lascar/2026-02-16/05-30-01_Lascar_VIIRS375_Latest.png,2026-02-16 05:20:42,2026-02-16 16:45:41,NO
1771219801,2026-02-16 05:30:01,2026-02-16 02:30:01,PlanchonPeteroa,VIIRS,0.0,0.0,RUTINA,NULO,No descargada,2026-02-16 05:05:38,2026-02-16 07:10:46,NO
1771219801,2026-02-16 05:30:01,2026-02-16 02:30:01,Puyehue-Cordon Caulle,VIIRS,0.0,0.0,RUTINA,NULO,No descargada,2026-02-16 05:20:42,2026-02-16 07:10:46,NO
1771219801,2026-02-16 05:30:01,2026-02-16 02:30:01,Copahue,VIIRS375,0.0,0.0,RUTINA,NULO,No descargada,2026-02-16 05:20:42,2026-02-16 08:15:40,NO
1771219801,2026-02-16 05:30:01,2026-02-16 02:30:01,PlanchonPeteroa,VIIRS375,0.12,1.68,ALERTA_TERMICA,Muy Bajo,imagenes_satelitales/PlanchonPeteroa/2026-02-16/05-30-01_PlanchonPeteroa_VIIRS375_Latest.png,2026-02-16 05:20:42,2026-02-16 08:15:40,NO
1771219801,2026-02-16 05:30:01,2026-02-16 02:30:01,Copahue,VIIRS,0.0,0.0,RUTINA,NULO,No descargada,2026-02-16 05:05:38,2026-02-16 07:10:46,NO
1771219801,2026-02-16 05:30:01,2026-02-16 02:30:01,Llaima,VIIRS375,0.0,0.0,RUTINA,NULO,No descargada,2026-02-16 05:20:42,2026-02-16 08:15:40,NO
1771219801,2026-02-16 05:30:01,2026-02-16 02:30:01,Lastarria,VIIRS375,0.04,2.4,ALERTA_TERMICA,Muy Bajo,imagenes_satelitales/Lastarria/2026-02-16/05-30-01_Lastarria_VIIRS375_Latest.png,2026-02-16 05:20:42,2026-02-16 08:15:40,NO
1771219801,2026-02-16 05:30:01,2026-02-16 02:30:01,Tupungatito,VIIRS375,0.09,5.21,FALSO_POSITIVO,NULO,No descargada,2026-02-16 05:20:42,2026-02-16 08:15:40,NO
1771219801,2026-02-16 05:30:01,2026-02-16 02:30:01,Villarrica,VIIRS,0.0,0.0,RUTINA,NULO,No descargada,2026-02-16 05:20:42,2026-02-16 07:10:46,NO
1771219801,2026-02-16 05:30:01,2026-02-16 02:30:01,Lascar,VIIRS,4.03,1.68,ALERTA_TERMICA,Bajo,imagenes_satelitales/Lascar/2026-02-16/05-30-01_Lascar_VIIRS750_Latest.png,2026-02-16 05:05:38,2026-02-16 17:30:43,NO
1771219441,2026-02-16 05:24:01,2026-02-16 02:24:01,Isluga,VIIRS375,0.0,0.0,RUTINA,NULO,No descargada,2026-02-16 05:20:42,2026-02-16 08:15:40,NO
1771219441,2026-02-16 05:24:01,2026-02-16 02:24:01,Isluga,VIIRS,0.0,0.0,RUTINA,NULO,No descargada,2026-02-16 05:05:38,2026-02-16 07:10:46,NO
1771218720,2026-02-16 05:12:00,2026-02-16 02:12:00,Chaiten,VIIRS,0.0,0.0,RUTINA,NULO,No descargada,2026-02-16 05:20:42,2026-02-16 07:10:46,NO
1771218720,2026-02-16 05:12:00,2026-02-16 02:12:00,Chaiten,VIIRS375,0.0,0.0,RUTINA,NULO,No descargada,2026-02-16 05:50:43,2026-02-16 08:15:40,NO
1771210500,2026-02-16 02:55:00,2026-02-15 23:55:00,PlanchonPeteroa,MODIS,0.0,0.0,RUTINA,NULO,No descargada,2026-02-16 01:05:39,2026-02-16 06:16:07,NO
1771210500,2026-02-16 02:55:00,2026-02-15 23:55:00,Copahue,MODIS,0.0,0.0,RUTINA,NULO,No descargada,2026-02-16 01:05:39,2026-02-16 06:16:07,NO
1771210500,2026-02-16 02:55:00,2026-02-15 23:55:00,Nevados de Chillan,MODIS,0.0,0.0,RUTINA,NULO,No descargada,2026-02-16 01:05:39,2026-02-16 06:16:07,NO
1771210500,2026-02-16 02:55:00,2026-02-15 23:55:00,Chaiten,MODIS,0.0,0.0,RUTINA,NULO,No descargada,2026-02-16 01:05:39,2026-02-16 06:16:07,NO
1771210500,2026-02-16 02:55:00,2026-02-15 23:55:00,Llaima,MODIS,0.0,0.0,RUTINA,NULO,No descargada,2026-02-16 01:05:39,2026-02-16 06:16:07,NO
1771210500,2026-02-16 02:55:00,2026-02-15 23:55:00,Puyehue-Cordon Caulle,MODIS,0.0,0.0,RUTINA,NULO,No descargada,2026-02-16 01:05:39,2026-02-16 06:16:07,NO
1771210500,2026-02-16 02:55:00,2026-02-15 23:55:00,Villarrica,MODIS,0.0,0.0,RUTINA,NULO,No descargada,2026-02-16 01:05:39,2026-02-16 06:16:07,NO
1771204800,2026-02-16 01:20:00,2026-02-15 22:20:00,Isluga,MODIS,0.0,0.0,RUTINA,NULO,No descargada,2026-02-15 23:50:37,2026-02-16 06:00:44,NO
1771204800,2026-02-16 01:20:00,2026-02-15 22:20:00,Lastarria,MODIS,0.0,0.0,RUTINA,NULO,No descargada,2026-02-15 23:50:37,2026-02-16 06:00:44,NO
1771204800,2026-02-16 01:20:00,2026-02-15 22:20:00,Lascar,MODIS,1.04,1.41,ALERTA_TERMICA,Bajo,imagenes_satelitales/Lascar/2026-02-16/01-20-00_Lascar_MODIS_Latest.png,2026-02-15 23:50:37,2026-02-16 06:00:44,NO
1771204500,2026-02-16 01:15:00,2026-02-15 22:15:00,Copahue,MODIS,0.0,0.0,RUTINA,NULO,No descargada,2026-02-15 23:50:37,2026-02-16 01:00:41,NO
1771204500,2026-02-16 01:15:00,2026-02-15 22:15:00,Tupungatito,MODIS,0.0,0.0,RUTINA,NULO,No descargada,2026-02-15 23:50:37,2026-02-16 06:16:07,NO
1771204500,2026-02-16 01:15:00,2026-02-15 22:15:00,Nevados de Chillan,MODIS,0.0,0.0,RUTINA,NULO,No descargada,2026-02-15 23:50:37,2026-02-16 01:00:41,NO
1771204500,2026-02-16 01:15:00,2026-02-15 22:15:00,PlanchonPeteroa,MODIS,0.0,0.0,RUTINA,NULO,No descargada,2026-02-15 23:50:37,2026-02-16 01:00:41,NO
1771185600,2026-02-15 20:00:00,2026-02-15 17:00:00,Isluga,MODIS,0.0,0.0,RUTINA,NULO,No descargada,2026-02-15 19:55:40,2026-02-15 23:45:40,NO
1771185600,2026-02-15 20:00:00,2026-02-15 17:00:00,Tupungatito,MODIS,0.0,0.0,RUTINA,NULO,No descargada,2026-02-15 19:55:40,2026-02-15 23:45:40,NO
1771185600,2026-02-15 20:00:00,2026-02-15 17:00:00,Lascar,MODIS,0.0,0.0,RUTINA,NULO,No descargada,2026-02-15 19:55:40,2026-02-15 23:45:40,NO
1771185600,2026-02-15 20:00:00,2026-02-15 17:00:00,Lastarria,MODIS,0.0,0.0,RUTINA,NULO,No descargada,2026-02-15 19:55:40,2026-02-15 23:45:40,NO
1771185300,2026-02-15 19:55:00,2026-02-15 16:55:00,Puyehue-Cordon Caulle,MODIS,0.0,0.0,RUTINA,NULO,No descargada,2026-02-15 18:35:41,2026-02-16 01:00:41,NO
1771185300,2026-02-15 19:55:00,2026-02-15 16:55:00,Copahue,MODIS,0.0,0.0,RUTINA,NULO,No descargada,2026-02-15 18:35:41,2026-02-15 23:45:40,NO
1771185300,2026-02-15 19:55:00,2026-02-15 16:55:00,PlanchonPeteroa,MODIS,0.0,0.0,RUTINA,NULO,No descargada,2026-02-15 18:35:41,2026-02-15 23:45:40,NO
1771185300,2026-02-15 19:55:00,2026-02-15 16:55:00,Nevados de Chillan,MODIS,0.0,0.0,RUTINA,NULO,No descargada,2026-02-15 18:35:41,2026-02-15 23:45:40,NO
1771185300,2026-02-15 19:55:00,2026-02-15 16:55:00,Villarrica,MODIS,0.0,0.0,RUTINA,NULO,No descargada,2026-02-15 18:35:41,2026-02-16 01:00:41,NO
1771185300,2026-02-15 19:55:00,2026-02-15 16:55:00,Chaiten,MODIS,0.0,0.0,RUTINA,NULO,No descargada,2026-02-15 18:35:41,2026-02-16 01:00:41,NO
1771185300,2026-02-15 19:55:00,2026-02-15 16:55:00,Llaima,MODIS,0.0,0.0,RUTINA,NULO,No descargada,2026-02-15 18:35:41,2026-02-16 01:00:41,NO
1771184881,2026-02-15 19:48:01,2026-02-15 16:48:01,Copahue,VIIRS375,0.0,0.0,RUTINA,NULO,No descargada,2026-02-15 20:50:39,2026-02-16 05:15:38,NO
1771184881,2026-02-15 19:48:01,2026-02-15 16:48:01,Llaima,VIIRS375,0.0,0.0,RUTINA,NULO,No descargada,2026-02-15 20:50:39,2026-02-16 05:15:38,NO
1771184881,2026-02-15 19:48:01,2026-02-15 16:48:01,Llaima,VIIRS,0.0,0.0,RUTINA,NULO,No descargada,2026-02-15 19:55:40,2026-02-16 05:00:46,NO
1771184881,2026-02-15 19:48:01,2026-02-15 16:48:01,Puyehue-Cordon Caulle,VIIRS,0.0,0.0,RUTINA,NULO,No descargada,2026-02-15 19:55:40,2026-02-16 05:15:38,NO
1771184881,2026-02-15 19:48:01,2026-02-15 16:48:01,Copahue,VIIRS,0.0,0.0,RUTINA,NULO,No descargada,2026-02-15 19:55:40,2026-02-16 05:00:46,NO
1771184881,2026-02-15 19:48:01,2026-02-15 16:48:01,Chaiten,VIIRS375,0.0,0.0,RUTINA,NULO,No descargada,2026-02-15 20:50:39,2026-02-16 05:45:43,NO
1771184881,2026-02-15 19:48:01,2026-02-15 16:48:01,Villarrica,VIIRS375,0.0,0.0,RUTINA,NULO,No descargada,2026-02-15 20:50:39,2026-02-16 05:15:38,NO
1771184881,2026-02-15 19:48:01,2026-02-15 16:48:01,Puyehue-Cordon Caulle,VIIRS375,0.0,0.0,RUTINA,NULO,No descargada,2026-02-15 20:50:39,2026-02-16 05:15:38,NO
1771184881,2026-02-15 19:48:01,2026-02-15 16:48:01,Chaiten,VIIRS,0.0,0.0,RUTINA,NULO,No descargada,2026-02-15 19:55:40,2026-02-16 05:15:38,NO
1771184881,2026-02-15 19:48:01,2026-02-15 16:48:01,Villarrica,VIIRS,0.0,0.0,RUTINA,NULO,No descargada,2026-02-15 19:55:40,2026-02-16 05:15:38,NO
1771183800,2026-02-15 19:30:00,2026-02-15 16:30:00,Puyehue-Cordon Caulle,VIIRS375,0.0,0.0,RUTINA,NULO,No descargada,2026-02-15 20:05:41,2026-02-15 20:45:40,NO
1771183800,2026-02-15 19:30:00,2026-02-15 16:30:00,Villarrica,VIIRS375,0.0,0.0,RUTINA,NULO,No descargada,2026-02-15 20:05:41,2026-02-15 20:45:40,NO
1771183800,2026-02-15 19:30:00,2026-02-15 16:30:00,Tupungatito,VIIRS,0.0,0.0,RUTINA,NULO,No descargada,2026-02-15 19:35:38,2026-02-16 05:15:38,NO
1771183800,2026-02-15 19:30:00,2026-02-15 16:30:00,Tupungatito,VIIRS375,0.0,0.0,RUTINA,NULO,No descargada,2026-02-15 20:20:41,2026-02-16 05:15:38,NO
1771183800,2026-02-15 19:30:00,2026-02-15 16:30:00,Nevados de Chillan,VIIRS,0.0,0.0,RUTINA,NULO,No descargada,2026-02-15 19:35:38,2026-02-16 05:00:46,NO
1771183800,2026-02-15 19:30:00,2026-02-15 16:30:00,Copahue,VIIRS375,0.0,0.0,RUTINA,NULO,No descargada,2026-02-15 20:05:41,2026-02-15 20:45:40,NO
1771183800,2026-02-15 19:30:00,2026-02-15 16:30:00,Chaiten,VIIRS,0.0,0.0,RUTINA,NULO,No descargada,2026-02-15 19:35:38,2026-02-15 19:50:42,NO
1771183800,2026-02-15 19:30:00,2026-02-15 16:30:00,Nevados de Chillan,VIIRS375,0.0,0.0,RUTINA,NULO,No descargada,2026-02-15 20:05:41,2026-02-16 05:15:38,NO
1771183800,2026-02-15 19:30:00,2026-02-15 16:30:00,Chaiten,VIIRS375,0.0,0.0,RUTINA,NULO,No descargada,2026-02-15 20:05:41,2026-02-15 20:45:40,NO
1771183800,2026-02-15 19:30:00,2026-02-15 16:30:00,Llaima,VIIRS375,0.0,0.0,RUTINA,NULO,No descargada,2026-02-15 20:05:41,2026-02-15 20:45:40,NO
1771183800,2026-02-15 19:30:00,2026-02-15 16:30:00,Llaima,VIIRS,0.0,0.0,RUTINA,NULO,No descargada,2026-02-15 19:35:38,2026-02-15 19:50:42,NO
1771183800,2026-02-15 19:30:00,2026-02-15 16:30:00,PlanchonPeteroa,VIIRS375,0.0,0.0,RUTINA,NULO,No descargada,2026-02-15 20:05:41,2026-02-16 05:15:38,NO
1771183800,2026-02-15 19:30:00,2026-02-15 16:30:00,Villarrica,VIIRS,0.0,0.0,RUTINA,NULO,No descargada,2026-02-15 19:35:38,2026-02-15 19:50:42,NO
1771183800,2026-02-15 19:30:00,2026-02-15 16:30:00,Copahue,VIIRS,0.0,0.0,RUTINA,NULO,No descargada,2026-02-15 19:35:38,2026-02-15 19:50:42,NO
1771183800,2026-02-15 19:30:00,2026-02-15 16:30:00,PlanchonPeteroa,VIIRS,0.0,0.0,RUTINA,NULO,No descargada,2026-02-15 19:35:38,2026-02-16 05:00:46,NO
1771183800,2026-02-15 19:30:00,2026-02-15 16:30:00,Puyehue-Cordon Caulle,VIIRS,0.0,0.0,RUTINA,NULO,No descargada,2026-02-15 19:35:38,2026-02-15 19:50:42,NO
1771179481,2026-02-15 18:18:01,2026-02-15 15:18:01,Isluga,VIIRS,0.0,0.0,RUTINA,NULO,No descargada,2026-02-15 18:50:40,2026-02-16 05:00:46,NO
1771179481,2026-02-15 18:18:01,2026-02-15 15:18:01,Isluga,VIIRS375,0.0,0.0,RUTINA,NULO,No descargada,2026-02-15 19:35:38,2026-02-16 05:15:38,NO
1771179121,2026-02-15 18:12:01,2026-02-15 15:12:01,Lastarria,VIIRS375,0.96,10.3,FALSO_POSITIVO,NULO,No descargada,2026-02-15 19:20:41,2026-02-16 05:15:38,NO
1771179121,2026-02-15 18:12:01,2026-02-15 15:12:01,Tupungatito,VIIRS375,0.0,0.0,RUTINA,NULO,No descargada,2026-02-15 19:20:41,2026-02-15 20:15:41,NO
1771179121,2026-02-15 18:12:01,2026-02-15 15:12:01,Nevados de Chillan,VIIRS375,0.0,0.0,RUTINA,NULO,No descargada,2026-02-15 19:20:41,2026-02-15 20:00:45,NO
1771179121,2026-02-15 18:12:01,2026-02-15 15:12:01,Tupungatito,VIIRS,0.0,0.0,RUTINA,NULO,No descargada,2026-02-15 18:50:40,2026-02-15 19:30:42,NO
1771179121,2026-02-15 18:12:01,2026-02-15 15:12:01,Lastarria,VIIRS,0.0,0.0,RUTINA,NULO,No descargada,2026-02-15 18:35:41,2026-02-16 05:00:46,NO
1771179121,2026-02-15 18:12:01,2026-02-15 15:12:01,Lascar,VIIRS375,0.0,0.0,RUTINA,NULO,No descargada,2026-02-15 19:20:41,2026-02-16 05:15:38,NO
1771179121,2026-02-15 18:12:01,2026-02-15 15:12:01,Llaima,VIIRS375,0.0,0.0,RUTINA,NULO,No descargada,2026-02-15 19:20:41,2026-02-15 20:00:45,NO
1771179121,2026-02-15 18:12:01,2026-02-15 15:12:01,PlanchonPeteroa,VIIRS375,0.0,0.0,RUTINA,NULO,No descargada,2026-02-15 19:20:41,2026-02-15 20:00:45,NO
1771179121,2026-02-15 18:12:01,2026-02-15 15:12:01,Puyehue-Cordon Caulle,VIIRS375,0.0,0.0,RUTINA,NULO,No descargada,2026-02-15 19:20:41,2026-02-15 20:00:45,NO
1771179121,2026-02-15 18:12:01,2026-02-15 15:12:01,Nevados de Chillan,VIIRS,0.0,0.0,RUTINA,NULO,No descargada,2026-02-15 18:50:40,2026-02-15 19:30:42,NO
1771179121,2026-02-15 18:12:01,2026-02-15 15:12:01,Villarrica,VIIRS375,0.0,0.0,RUTINA,NULO,No descargada,2026-02-15 19:20:41,2026-02-15 20:00:45,NO
1771179121,2026-02-15 18:12:01,2026-02-15 15:12:01,Copahue,VIIRS375,0.0,0.0,RUTINA,NULO,No descargada,2026-02-15 19:20:41,2026-02-15 20:00:45,NO
1771179121,2026-02-15 18:12:01,2026-02-15 15:12:01,Villarrica,VIIRS,0.0,0.0,RUTINA,NULO,No descargada,2026-02-15 18:50:40,2026-02-15 19:30:42,NO
1771179121,2026-02-15 18:12:01,2026-02-15 15:12:01,Llaima,VIIRS,0.0,0.0,RUTINA,NULO,No descargada,2026-02-15 18:50:40,2026-02-15 19:30:42,NO
1771179121,2026-02-15 18:12:01,2026-02-15 15:12:01,PlanchonPeteroa,VIIRS,0.0,0.0,RUTINA,NULO,No descargada,2026-02-15 18:50:40,2026-02-15 19:30:42,NO
1771179121,2026-02-15 18:12:01,2026-02-15 15:12:01,Copahue,VIIRS,0.0,0.0,RUTINA,NULO,No descargada,2026-02-15 18:50:40,2026-02-15 19:30:42,NO
1771179121,2026-02-15 18:12:01,2026-02-15 15:12:01,Lascar,VIIRS,0.0,0.0,RUTINA,NULO,No descargada,2026-02-15 18:35:41,2026-02-16 05:00:46,NO
1771179121,2026-02-15 18:12:01,2026-02-15 15:12:01,Puyehue-Cordon Caulle,VIIRS,0.0,0.0,RUTINA,NULO,No descargada,2026-02-15 18:50:40,2026-02-15 19:30:42,NO
1771178761,2026-02-15 18:06:01,2026-02-15 15:06:01,Chaiten,VIIRS,0.0,0.0,RUTINA,NULO,No descargada,2026-02-15 18:35:41,2026-02-15 19:30:42,NO
1771178761,2026-02-15 18:06:01,2026-02-15 15:06:01,Chaiten,VIIRS375,0.0,0.0,RUTINA,NULO,No descargada,2026-02-15 19:20:41,2026-02-15 20:00:45,NO
1771178040,2026-02-15 17:54:00,2026-02-15 14:54:00,Lascar,VIIRS,0.0,0.0,RUTINA,NULO,No descargada,2026-02-15 18:20:40,2026-02-15 18:30:41,NO
1771178040,2026-02-15 17:54:00,2026-02-15 14:54:00,Isluga,VIIRS,0.0,0.0,RUTINA,NULO,No descargada,2026-02-15 18:20:40,2026-02-15 18:45:36,NO
1771178040,2026-02-15 17:54:00,2026-02-15 14:54:00,Lastarria,VIIRS375,0.0,0.0,RUTINA,NULO,No descargada,2026-02-15 18:35:41,2026-02-15 19:15:38,NO
1771178040,2026-02-15 17:54:00,2026-02-15 14:54:00,Isluga,VIIRS375,0.0,0.0,RUTINA,NULO,No descargada,2026-02-15 18:35:41,2026-02-15 19:30:42,NO
1771178040,2026-02-15 17:54:00,2026-02-15 14:54:00,Lascar,VIIRS375,0.0,0.0,RUTINA,NULO,No descargada,2026-02-15 18:35:41,2026-02-15 19:15:38,NO
1771178040,2026-02-15 17:54:00,2026-02-15 14:54:00,Lastarria,VIIRS,0.0,0.0,RUTINA,NULO,No descargada,2026-02-15 18:20:40,2026-02-15 18:30:41,NO
1771177680,2026-02-15 17:48:00,2026-02-15 14:48:00,Chaiten,VIIRS375,0.0,0.0,RUTINA,NULO,No descargada,2026-02-15 18:35:41,2026-02-15 19:15:38,NO
1771177680,2026-02-15 17:48:00,2026-02-15 14:48:00,Villarrica,VIIRS375,0.0,0.0,RUTINA,NULO,No descargada,2026-02-15 18:35:41,2026-02-15 19:15:38,NO
1771177680,2026-02-15 17:48:00,2026-02-15 14:48:00,PlanchonPeteroa,VIIRS375,0.0,0.0,RUTINA,NULO,No descargada,2026-02-15 18:35:41,2026-02-15 19:15:38,NO
1771177680,2026-02-15 17:48:00,2026-02-15 14:48:00,Tupungatito,VIIRS375,0.0,0.0,RUTINA,NULO,No descargada,2026-02-15 18:35:41,2026-02-15 19:15:38,NO
1771177680,2026-02-15 17:48:00,2026-02-15 14:48:00,Llaima,VIIRS375,0.0,0.0,RUTINA,NULO,No descargada,2026-02-15 18:35:41,2026-02-15 19:15:38,NO
1771177680,2026-02-15 17:48:00,2026-02-15 14:48:00,Copahue,VIIRS375,0.0,0.0,RUTINA,NULO,No descargada,2026-02-15 18:35:41,2026-02-15 19:15:38,NO
1771177680,2026-02-15 17:48:00,2026-02-15 14:48:00,Copahue,VIIRS,0.0,0.0,RUTINA,NULO,No descargada,2026-02-15 18:20:40,2026-02-15 18:45:36,NO
1771177680,2026-02-15 17:48:00,2026-02-15 14:48:00,Chaiten,VIIRS,0.0,0.0,RUTINA,NULO,No descargada,2026-02-15 18:20:40,2026-02-15 18:30:41,NO
1771177680,2026-02-15 17:48:00,2026-02-15 14:48:00,Nevados de Chillan,VIIRS375,0.0,0.0,RUTINA,NULO,No descargada,2026-02-15 18:35:41,2026-02-15 19:15:38,NO
1771177680,2026-02-15 17:48:00,2026-02-15 14:48:00,PlanchonPeteroa,VIIRS,0.0,0.0,RUTINA,NULO,No descargada,2026-02-15 18:20:40,2026-02-15 18:45:36,NO
1771177680,2026-02-15 17:48:00,2026-02-15 14:48:00,Puyehue-Cordon Caulle,VIIRS,0.0,0.0,RUTINA,NULO,No descargada,2026-02-15 18:20:40,2026-02-15 18:45:36,NO
1771177680,2026-02-15 17:48:00,2026-02-15 14:48:00,Villarrica,VIIRS,0.0,0.0,RUTINA,NULO,No descargada,2026-02-15 18:20:40,2026-02-15 18:45:36,NO
1771177680,2026-02-15 17:48:00,2026-02-15 14:48:00,Nevados de Chillan,VIIRS,0.0,0.0,RUTINA,NULO,No descargada,2026-02-15 18:20:40,2026-02-15 18:45:36,NO
1771177680,2026-02-15 17:48:00,2026-02-15 14:48:00,Llaima,VIIRS,0.0,0.0,RUTINA,NULO,No descargada,2026-02-15 18:20:40,2026-02-15 18:45:36,NO
1771177680,2026-02-15 17:48:00,2026-02-15 14:48:00,Puyehue-Cordon Caulle,VIIRS375,0.0,0.0,RUTINA,NULO,No descargada,2026-02-15 18:35:41,2026-02-15 19:15:38,NO
1771177680,2026-02-15 17:48:00,2026-02-15 14:48:00,Tupungatito,VIIRS,0.0,0.0,RUTINA,NULO,No descargada,2026-02-15 18:20:40,2026-02-15 18:45:36,NO
1771161600,2026-02-15 13:20:00,2026-02-15 10:20:00,Chaiten,MODIS,0.0,0.0,RUTINA,NULO,No descargada,2026-02-15 11:50:39,2026-02-15 18:30:41,NO
1771161600,2026-02-15 13:20:00,2026-02-15 10:20:00,Villarrica,MODIS,0.0,0.0,RUTINA,NULO,No descargada,2026-02-15 11:50:39,2026-02-15 18:30:41,NO
1771161600,2026-02-15 13:20:00,2026-02-15 10:20:00,Puyehue-Cordon Caulle,MODIS,0.0,0.0,RUTINA,NULO,No descargada,2026-02-15 11:50:39,2026-02-15 18:30:41,NO
1771161300,2026-02-15 13:15:00,2026-02-15 10:15:00,Lascar,MODIS,0.0,0.0,RUTINA,NULO,No descargada,2026-02-15 11:50:39,2026-02-15 19:50:42,NO
1771161300,2026-02-15 13:15:00,2026-02-15 10:15:00,Llaima,MODIS,0.0,0.0,RUTINA,NULO,No descargada,2026-02-15 11:50:39,2026-02-15 18:30:41,NO
1771161300,2026-02-15 13:15:00,2026-02-15 10:15:00,Lastarria,MODIS,0.0,0.0,RUTINA,NULO,No descargada,2026-02-15 11:50:39,2026-02-15 19:50:42,NO
1771161300,2026-02-15 13:15:00,2026-02-15 10:15:00,PlanchonPeteroa,MODIS,0.0,0.0,RUTINA,NULO,No descargada,2026-02-15 11:50:39,2026-02-15 18:30:41,NO
1771161300,2026-02-15 13:15:00,2026-02-15 10:15:00,Nevados de Chillan,MODIS,0.0,0.0,RUTINA,NULO,No descargada,2026-02-15 11:50:39,2026-02-15 18:30:41,NO
1771161300,2026-02-15 13:15:00,2026-02-15 10:15:00,Tupungatito,MODIS,0.0,0.0,RUTINA,NULO,No descargada,2026-02-15 11:50:39,2026-02-15 19:50:42,NO
1771161300,2026-02-15 13:15:00,2026-02-15 10:15:00,Copahue,MODIS,0.0,0.0,RUTINA,NULO,No descargada,2026-02-15 11:50:39,2026-02-15 18:30:41,NO
1771161000,2026-02-15 13:10:00,2026-02-15 10:10:00,Isluga,MODIS,0.0,0.0,RUTINA,NULO,No descargada,2026-02-15 11:50:39,2026-02-15 19:50:42,NO
1771142400,2026-02-15 08:00:00,2026-02-15 05:00:00,Chaiten,MODIS,0.0,0.0,RUTINA,NULO,No descargada,2026-02-15 07:35:41,2026-02-15 11:45:39,NO
1771142400,2026-02-15 08:00:00,2026-02-15 05:00:00,Copahue,MODIS,0.0,0.0,RUTINA,NULO,No descargada,2026-02-15 07:35:41,2026-02-15 11:45:39,NO
1771142400,2026-02-15 08:00:00,2026-02-15 05:00:00,Villarrica,MODIS,0.0,0.0,RUTINA,NULO,No descargada,2026-02-15 07:35:41,2026-02-15 11:45:39,NO
1771142400,2026-02-15 08:00:00,2026-02-15 05:00:00,Puyehue-Cordon Caulle,MODIS,0.0,0.0,RUTINA,NULO,No descargada,2026-02-15 07:35:41,2026-02-15 11:45:39,NO
1771142400,2026-02-15 08:00:00,2026-02-15 05:00:00,Nevados de Chillan,MODIS,0.0,0.0,RUTINA,NULO,No descargada,2026-02-15 07:35:41,2026-02-15 11:45:39,NO
1771142400,2026-02-15 08:00:00,2026-02-15 05:00:00,Llaima,MODIS,0.0,0.0,RUTINA,NULO,No descargada,2026-02-15 07:35:41,2026-02-15 11:45:39,NO
1771142100,2026-02-15 07:55:00,2026-02-15 04:55:00,Isluga,MODIS,0.0,0.0,RUTINA,NULO,No descargada,2026-02-15 07:20:45,2026-02-15 11:45:39,NO
1771142100,2026-02-15 07:55:00,2026-02-15 04:55:00,Lascar,MODIS,0.62,1.41,ALERTA_TERMICA,Muy Bajo,imagenes_satelitales/Lascar/2026-02-15/07-55-00_Lascar_MODIS_Latest.png,2026-02-15 07:20:45,2026-02-15 11:45:39,NO
1771142100,2026-02-15 07:55:00,2026-02-15 04:55:00,PlanchonPeteroa,MODIS,0.0,0.0,RUTINA,NULO,No descargada,2026-02-15 07:20:45,2026-02-15 11:45:39,NO
1771142100,2026-02-15 07:55:00,2026-02-15 04:55:00,Lastarria,MODIS,0.0,0.0,RUTINA,NULO,No descargada,2026-02-15 07:20:45,2026-02-15 11:45:39,NO
1771142100,2026-02-15 07:55:00,2026-02-15 04:55:00,Tupungatito,MODIS,0.0,0.0,RUTINA,NULO,No descargada,2026-02-15 07:20:45,2026-02-15 11:45:39,NO
1771134841,2026-02-15 05:54:01,2026-02-15 02:54:01,Chaiten,VIIRS375,0.0,0.0,RUTINA,NULO,No descargada,2026-02-15 07:20:45,2026-02-15 18:30:41,NO
1771134841,2026-02-15 05:54:01,2026-02-15 02:54:01,Chaiten,VIIRS,0.0,0.0,RUTINA,NULO,No descargada,2026-02-15 06:35:36,2026-02-15 18:15:42,NO
1771134481,2026-02-15 05:48:01,2026-02-15 02:48:01,Nevados de Chillan,VIIRS,0.0,0.0,RUTINA,NULO,No descargada,2026-02-15 06:20:40,2026-02-15 18:15:42,NO
1771134481,2026-02-15 05:48:01,2026-02-15 02:48:01,Villarrica,VIIRS375,0.0,0.0,RUTINA,NULO,No descargada,2026-02-15 07:20:45,2026-02-15 18:30:41,NO
1771134481,2026-02-15 05:48:01,2026-02-15 02:48:01,Villarrica,VIIRS,0.0,0.0,RUTINA,NULO,No descargada,2026-02-15 06:20:40,2026-02-15 18:15:42,NO
1771134481,2026-02-15 05:48:01,2026-02-15 02:48:01,Tupungatito,VIIRS375,0.0,0.0,RUTINA,NULO,No descargada,2026-02-15 07:20:45,2026-02-15 18:30:41,NO
1771134481,2026-02-15 05:48:01,2026-02-15 02:48:01,Lascar,VIIRS,4.54,1.5,ALERTA_TERMICA,Bajo,imagenes_satelitales/Lascar/2026-02-15/05-48-01_Lascar_VIIRS750_Latest.png,2026-02-15 06:20:40,2026-02-15 18:15:42,NO
1771134481,2026-02-15 05:48:01,2026-02-15 02:48:01,Copahue,VIIRS,0.0,0.0,RUTINA,NULO,No descargada,2026-02-15 06:20:40,2026-02-15 18:15:42,NO
1771134481,2026-02-15 05:48:01,2026-02-15 02:48:01,Lascar,VIIRS375,4.7,18.04,FALSO_POSITIVO,NULO,No descargada,2026-02-15 07:20:45,2026-02-15 18:30:41,NO
1771134481,2026-02-15 05:48:01,2026-02-15 02:48:01,Nevados de Chillan,VIIRS375,0.0,0.0,RUTINA,NULO,No descargada,2026-02-15 07:20:45,2026-02-15 18:30:41,NO
1771134481,2026-02-15 05:48:01,2026-02-15 02:48:01,PlanchonPeteroa,VIIRS375,0.18,1.91,ALERTA_TERMICA,Muy Bajo,imagenes_satelitales/PlanchonPeteroa/2026-02-15/05-48-01_PlanchonPeteroa_VIIRS375_Latest.png,2026-02-15 07:20:45,2026-02-15 18:30:41,NO
1771134481,2026-02-15 05:48:01,2026-02-15 02:48:01,Lastarria,VIIRS375,0.25,2.4,ALERTA_TERMICA,Muy Bajo,imagenes_satelitales/Lastarria/2026-02-15/05-48-01_Lastarria_VIIRS375_Latest.png,2026-02-15 07:20:45,2026-02-15 18:30:41,NO
1771134481,2026-02-15 05:48:01,2026-02-15 02:48:01,PlanchonPeteroa,VIIRS,0.0,0.0,RUTINA,NULO,No descargada,2026-02-15 06:20:40,2026-02-15 18:15:42,NO
1771134481,2026-02-15 05:48:01,2026-02-15 02:48:01,Lastarria,VIIRS,0.0,0.0,RUTINA,NULO,No descargada,2026-02-15 06:20:40,2026-02-15 18:15:42,NO
1771134481,2026-02-15 05:48:01,2026-02-15 02:48:01,Copahue,VIIRS375,0.0,0.0,RUTINA,NULO,No descargada,2026-02-15 07:20:45,2026-02-15 18:30:41,NO
1771134481,2026-02-15 05:48:01,2026-02-15 02:48:01,Llaima,VIIRS,0.0,0.0,RUTINA,NULO,No descargada,2026-02-15 06:20:40,2026-02-15 18:15:42,NO
1771134481,2026-02-15 05:48:01,2026-02-15 02:48:01,Llaima,VIIRS375,0.0,0.0,RUTINA,NULO,No descargada,2026-02-15 07:20:45,2026-02-15 18:30:41,NO
1771134481,2026-02-15 05:48:01,2026-02-15 02:48:01,Tupungatito,VIIRS,0.0,0.0,RUTINA,NULO,No descargada,2026-02-15 06:35:36,2026-02-15 18:15:42,NO
1771133400,2026-02-15 05:30:00,2026-02-15 02:30:00,Puyehue-Cordon Caulle,VIIRS375,0.42,7.83,ALERTA_TERMICA,Muy Bajo,imagenes_satelitales/Puyehue-Cordon Caulle/2026-02-15/05-30-00_Puyehue-Cordon Caulle_VIIRS375_Latest.png,2026-02-15 07:35:41,2026-02-15 18:30:41,NO
1771133400,2026-02-15 05:30:00,2026-02-15 02:30:00,Puyehue-Cordon Caulle,VIIRS,0.0,0.0,RUTINA,NULO,No descargada,2026-02-15 07:20:45,2026-02-15 18:15:42,NO
1771133040,2026-02-15 05:24:00,2026-02-15 02:24:00,Isluga,VIIRS,0.0,0.0,RUTINA,NULO,No descargada,2026-02-15 07:20:45,2026-02-15 18:15:42,NO
1771133040,2026-02-15 05:24:00,2026-02-15 02:24:00,Isluga,VIIRS375,0.0,0.0,RUTINA,NULO,No descargada,2026-02-15 07:35:41,2026-02-15 18:00:41,NO
1771122000,2026-02-15 02:20:00,2026-02-14 23:20:00,Isluga,MODIS,0.0,0.0,RUTINA,NULO,No descargada,2026-02-15 01:05:37,2026-02-15 07:15:43,NO
1771122000,2026-02-15 02:20:00,2026-02-14 23:20:00,Lastarria,MODIS,0.0,0.0,RUTINA,NULO,No descargada,2026-02-15 01:05:37,2026-02-15 07:15:43,NO
1771122000,2026-02-15 02:20:00,2026-02-14 23:20:00,Lascar,MODIS,0.0,0.0,RUTINA,NULO,No descargada,2026-02-15 01:05:37,2026-02-15 07:15:43,NO
1771121700,2026-02-15 02:15:00,2026-02-14 23:15:00,Nevados de Chillan,MODIS,0.0,0.0,RUTINA,NULO,No descargada,2026-02-15 00:35:39,2026-02-15 07:30:41,NO
1771121700,2026-02-15 02:15:00,2026-02-14 23:15:00,Tupungatito,MODIS,0.0,0.0,RUTINA,NULO,No descargada,2026-02-15 01:05:37,2026-02-15 07:15:43,NO
1771121700,2026-02-15 02:15:00,2026-02-14 23:15:00,Puyehue-Cordon Caulle,MODIS,0.0,0.0,RUTINA,NULO,No descargada,2026-02-15 01:05:37,2026-02-15 07:30:41,NO
1771121700,2026-02-15 02:15:00,2026-02-14 23:15:00,Villarrica,MODIS,0.0,0.0,RUTINA,NULO,No descargada,2026-02-15 00:35:39,2026-02-15 07:30:41,NO
1771121700,2026-02-15 02:15:00,2026-02-14 23:15:00,Copahue,MODIS,0.0,0.0,RUTINA,NULO,No descargada,2026-02-15 00:35:39,2026-02-15 07:30:41,NO
1771121700,2026-02-15 02:15:00,2026-02-14 23:15:00,Llaima,MODIS,0.0,0.0,RUTINA,NULO,No descargada,2026-02-15 00:35:39,2026-02-15 07:30:41,NO
1771121700,2026-02-15 02:15:00,2026-02-14 23:15:00,Chaiten,MODIS,0.0,0.0,RUTINA,NULO,No descargada,2026-02-15 01:05:37,2026-02-15 07:30:41,NO
1771121700,2026-02-15 02:15:00,2026-02-14 23:15:00,PlanchonPeteroa,MODIS,0.0,0.0,RUTINA,NULO,No descargada,2026-02-15 00:35:39,2026-02-15 07:15:43,NO
1771102500,2026-02-14 20:55:00,2026-02-14 17:55:00,Chaiten,MODIS,0.0,0.0,RUTINA,NULO,No descargada,2026-02-14 19:20:39,2026-02-15 01:00:39,NO
1771102500,2026-02-14 20:55:00,2026-02-14 17:55:00,Puyehue-Cordon Caulle,MODIS,0.0,0.0,RUTINA,NULO,No descargada,2026-02-14 19:20:39,2026-02-15 01:00:39,NO
1771102500,2026-02-14 20:55:00,2026-02-14 17:55:00,PlanchonPeteroa,MODIS,0.0,0.0,RUTINA,NULO,No descargada,2026-02-14 19:20:39,2026-02-15 00:30:40,NO
1771102500,2026-02-14 20:55:00,2026-02-14 17:55:00,Tupungatito,MODIS,0.0,0.0,RUTINA,NULO,No descargada,2026-02-14 19:20:39,2026-02-15 01:00:39,NO
1771102500,2026-02-14 20:55:00,2026-02-14 17:55:00,Nevados de Chillan,MODIS,0.0,0.0,RUTINA,NULO,No descargada,2026-02-14 19:20:39,2026-02-15 00:30:40,NO
1771102500,2026-02-14 20:55:00,2026-02-14 17:55:00,Villarrica,MODIS,0.0,0.0,RUTINA,NULO,No descargada,2026-02-14 19:20:39,2026-02-15 00:30:40,NO
1771102500,2026-02-14 20:55:00,2026-02-14 17:55:00,Llaima,MODIS,0.0,0.0,RUTINA,NULO,No descargada,2026-02-14 19:20:39,2026-02-15 00:30:40,NO
1771102500,2026-02-14 20:55:00,2026-02-14 17:55:00,Copahue,MODIS,0.0,0.0,RUTINA,NULO,No descargada,2026-02-14 19:20:39,2026-02-15 00:30:40,NO
1771099561,2026-02-14 20:06:01,2026-02-14 17:06:01,Chaiten,VIIRS375,0.0,0.0,RUTINA,NULO,No descargada,2026-02-14 21:35:38,2026-02-15 07:15:43,NO
1771099561,2026-02-14 20:06:01,2026-02-14 17:06:01,Chaiten,VIIRS,0.0,0.0,RUTINA,NULO,No descargada,2026-02-14 19:50:40,2026-02-15 06:30:36,NO
1771098480,2026-02-14 19:48:00,2026-02-14 16:48:00,Villarrica,VIIRS375,0.0,0.0,RUTINA,NULO,No descargada,2026-02-14 21:05:40,2026-02-15 07:15:43,NO
1771098480,2026-02-14 19:48:00,2026-02-14 16:48:00,Villarrica,VIIRS,0.0,0.0,RUTINA,NULO,No descargada,2026-02-14 20:20:40,2026-02-15 06:15:38,NO
1771098480,2026-02-14 19:48:00,2026-02-14 16:48:00,Nevados de Chillan,VIIRS375,0.0,0.0,RUTINA,NULO,No descargada,2026-02-14 21:05:40,2026-02-15 07:15:43,NO
1771098480,2026-02-14 19:48:00,2026-02-14 16:48:00,Puyehue-Cordon Caulle,VIIRS,0.0,0.0,RUTINA,NULO,No descargada,2026-02-14 20:20:40,2026-02-15 07:15:43,NO
1771098480,2026-02-14 19:48:00,2026-02-14 16:48:00,Puyehue-Cordon Caulle,VIIRS375,0.0,0.0,RUTINA,NULO,No descargada,2026-02-14 21:05:40,2026-02-15 07:30:41,NO
1771098480,2026-02-14 19:48:00,2026-02-14 16:48:00,Copahue,VIIRS,0.0,0.0,RUTINA,NULO,No descargada,2026-02-14 20:20:40,2026-02-15 06:15:38,NO
1771098480,2026-02-14 19:48:00,2026-02-14 16:48:00,Llaima,VIIRS375,0.0,0.0,RUTINA,NULO,No descargada,2026-02-14 21:05:40,2026-02-15 07:15:43,NO
1771098480,2026-02-14 19:48:00,2026-02-14 16:48:00,Copahue,VIIRS375,0.0,0.0,RUTINA,NULO,No descargada,2026-02-14 21:05:40,2026-02-15 07:15:43,NO
1771098480,2026-02-14 19:48:00,2026-02-14 16:48:00,Nevados de Chillan,VIIRS,0.0,0.0,RUTINA,NULO,No descargada,2026-02-14 20:20:40,2026-02-15 06:15:38,NO
1771098480,2026-02-14 19:48:00,2026-02-14 16:48:00,Llaima,VIIRS,0.0,0.0,RUTINA,NULO,No descargada,2026-02-14 20:20:40,2026-02-15 06:15:38,NO
1771098480,2026-02-14 19:48:00,2026-02-14 16:48:00,Chaiten,VIIRS375,0.0,0.0,RUTINA,NULO,No descargada,2026-02-14 21:05:40,2026-02-14 21:30:40,NO
1771097100,2026-02-14 19:25:00,2026-02-14 16:25:00,Isluga,MODIS,0.0,0.0,RUTINA,NULO,No descargada,2026-02-14 18:20:46,2026-02-15 01:00:39,NO
1771096800,2026-02-14 19:20:00,2026-02-14 16:20:00,Lastarria,MODIS,0.0,0.0,RUTINA,NULO,No descargada,2026-02-14 18:20:46,2026-02-15 01:00:39,NO
1771096800,2026-02-14 19:20:00,2026-02-14 16:20:00,Lascar,MODIS,0.0,0.0,RUTINA,NULO,No descargada,2026-02-14 18:20:46,2026-02-15 01:00:39,NO
1771094161,2026-02-14 18:36:01,2026-02-14 15:36:01,Isluga,VIIRS,0.0,0.0,RUTINA,NULO,No descargada,2026-02-14 18:20:46,2026-02-15 07:15:43,NO
1771094161,2026-02-14 18:36:01,2026-02-14 15:36:01,Isluga,VIIRS375,0.0,0.0,RUTINA,NULO,No descargada,2026-02-14 19:50:40,2026-02-15 07:15:43,NO
1771093801,2026-02-14 18:30:01,2026-02-14 15:30:01,Villarrica,VIIRS375,0.0,0.0,RUTINA,NULO,No descargada,2026-02-14 19:35:38,2026-02-14 21:00:40,NO
1771093801,2026-02-14 18:30:01,2026-02-14 15:30:01,Villarrica,VIIRS,0.0,0.0,RUTINA,NULO,No descargada,2026-02-14 18:20:46,2026-02-14 20:15:38,NO
1771093801,2026-02-14 18:30:01,2026-02-14 15:30:01,Tupungatito,VIIRS,0.0,0.0,RUTINA,NULO,No descargada,2026-02-14 18:20:46,2026-02-15 06:30:36,NO
1771093801,2026-02-14 18:30:01,2026-02-14 15:30:01,PlanchonPeteroa,VIIRS,0.0,0.0,RUTINA,NULO,No descargada,2026-02-14 18:20:46,2026-02-15 06:15:38,NO
1771093801,2026-02-14 18:30:01,2026-02-14 15:30:01,Chaiten,VIIRS,0.0,0.0,RUTINA,NULO,No descargada,2026-02-14 18:20:46,2026-02-14 19:45:40,NO
1771093801,2026-02-14 18:30:01,2026-02-14 15:30:01,Llaima,VIIRS,0.0,0.0,RUTINA,NULO,No descargada,2026-02-14 18:20:46,2026-02-14 20:15:38,NO
1771093801,2026-02-14 18:30:01,2026-02-14 15:30:01,Lastarria,VIIRS375,0.0,0.0,RUTINA,NULO,No descargada,2026-02-14 19:35:38,2026-02-15 07:15:43,NO
1771093801,2026-02-14 18:30:01,2026-02-14 15:30:01,Lascar,VIIRS375,1.85,1.13,ALERTA_TERMICA,Bajo,imagenes_satelitales/Lascar/2026-02-14/18-30-01_Lascar_VIIRS375_Latest.png,2026-02-14 19:35:38,2026-02-15 07:15:43,NO
1771093801,2026-02-14 18:30:01,2026-02-14 15:30:01,PlanchonPeteroa,VIIRS375,0.0,0.0,RUTINA,NULO,No descargada,2026-02-14 19:35:38,2026-02-15 07:15:43,NO
1771093801,2026-02-14 18:30:01,2026-02-14 15:30:01,Lastarria,VIIRS,0.0,0.0,RUTINA,NULO,No descargada,2026-02-14 18:20:46,2026-02-15 06:15:38,NO
1771093801,2026-02-14 18:30:01,2026-02-14 15:30:01,Nevados de Chillan,VIIRS375,0.0,0.0,RUTINA,NULO,No descargada,2026-02-14 19:35:38,2026-02-14 21:00:40,NO
1771093801,2026-02-14 18:30:01,2026-02-14 15:30:01,Puyehue-Cordon Caulle,VIIRS375,0.0,0.0,RUTINA,NULO,No descargada,2026-02-14 19:50:40,2026-02-14 21:00:40,NO
1771093801,2026-02-14 18:30:01,2026-02-14 15:30:01,Chaiten,VIIRS375,0.0,0.0,RUTINA,NULO,No descargada,2026-02-14 19:50:40,2026-02-14 21:00:40,NO
1771093801,2026-02-14 18:30:01,2026-02-14 15:30:01,Nevados de Chillan,VIIRS,0.0,0.0,RUTINA,NULO,No descargada,2026-02-14 18:20:46,2026-02-14 20:15:38,NO
1771093801,2026-02-14 18:30:01,2026-02-14 15:30:01,Puyehue-Cordon Caulle,VIIRS,0.0,0.0,RUTINA,NULO,No descargada,2026-02-14 18:20:46,2026-02-14 20:15:38,NO
1771093801,2026-02-14 18:30:01,2026-02-14 15:30:01,Copahue,VIIRS,0.0,0.0,RUTINA,NULO,No descargada,2026-02-14 18:20:46,2026-02-14 20:15:38,NO
1771093801,2026-02-14 18:30:01,2026-02-14 15:30:01,Lascar,VIIRS,0.0,0.0,RUTINA,NULO,No descargada,2026-02-14 18:20:46,2026-02-15 06:15:38,NO
1771093801,2026-02-14 18:30:01,2026-02-14 15:30:01,Tupungatito,VIIRS375,0.0,0.0,RUTINA,NULO,No descargada,2026-02-14 19:50:40,2026-02-15 07:15:43,NO
1771093801,2026-02-14 18:30:01,2026-02-14 15:30:01,Llaima,VIIRS375,0.0,0.0,RUTINA,NULO,No descargada,2026-02-14 19:35:38,2026-02-14 21:00:40,NO
1771093801,2026-02-14 18:30:01,2026-02-14 15:30:01,Copahue,VIIRS375,0.0,0.0,RUTINA,NULO,No descargada,2026-02-14 19:35:38,2026-02-14 21:00:40,NO
1771092720,2026-02-14 18:12:00,2026-02-14 15:12:00,Tupungatito,VIIRS375,0.0,0.0,RUTINA,NULO,No descargada,2026-02-14 19:05:41,2026-02-14 19:45:40,NO
1771092720,2026-02-14 18:12:00,2026-02-14 15:12:00,Lascar,VIIRS375,0.0,0.0,RUTINA,NULO,No descargada,2026-02-14 19:05:41,2026-02-14 19:30:41,NO
1771092720,2026-02-14 18:12:00,2026-02-14 15:12:00,Isluga,VIIRS375,0.0,0.0,RUTINA,NULO,No descargada,2026-02-14 19:05:41,2026-02-14 19:45:40,NO
1771092720,2026-02-14 18:12:00,2026-02-14 15:12:00,Lastarria,VIIRS375,0.71,10.3,FALSO_POSITIVO,NULO,No descargada,2026-02-14 19:05:41,2026-02-14 19:30:41,NO
1771092360,2026-02-14 18:06:00,2026-02-14 15:06:00,Puyehue-Cordon Caulle,VIIRS375,0.0,0.0,RUTINA,NULO,No descargada,2026-02-14 18:50:38,2026-02-14 19:45:40,NO
1771092360,2026-02-14 18:06:00,2026-02-14 15:06:00,Chaiten,VIIRS375,0.0,0.0,RUTINA,NULO,No descargada,2026-02-14 18:50:38,2026-02-14 19:45:40,NO
1771092360,2026-02-14 18:06:00,2026-02-14 15:06:00,Copahue,VIIRS375,0.0,0.0,RUTINA,NULO,No descargada,2026-02-14 18:50:38,2026-02-14 19:30:41,NO
1771092360,2026-02-14 18:06:00,2026-02-14 15:06:00,Villarrica,VIIRS375,0.0,0.0,RUTINA,NULO,No descargada,2026-02-14 18:50:38,2026-02-14 19:30:41,NO
1771092360,2026-02-14 18:06:00,2026-02-14 15:06:00,Nevados de Chillan,VIIRS375,0.0,0.0,RUTINA,NULO,No descargada,2026-02-14 18:50:38,2026-02-14 19:30:41,NO
1771092360,2026-02-14 18:06:00,2026-02-14 15:06:00,PlanchonPeteroa,VIIRS375,0.0,0.0,RUTINA,NULO,No descargada,2026-02-14 18:50:38,2026-02-14 19:30:41,NO
1771092360,2026-02-14 18:06:00,2026-02-14 15:06:00,Llaima,VIIRS375,0.0,0.0,RUTINA,NULO,No descargada,2026-02-14 18:50:38,2026-02-14 19:30:41,NO
1771072800,2026-02-14 12:40:00,2026-02-14 09:40:00,Nevados de Chillan,MODIS,0.0,0.0,RUTINA,NULO,No descargada,2026-02-14 10:50:38,2026-02-14 19:15:39,NO
1771072800,2026-02-14 12:40:00,2026-02-14 09:40:00,Llaima,MODIS,0.0,0.0,RUTINA,NULO,No descargada,2026-02-14 10:50:38,2026-02-14 19:15:39,NO
1771072800,2026-02-14 12:40:00,2026-02-14 09:40:00,Copahue,MODIS,0.0,0.0,RUTINA,NULO,No descargada,2026-02-14 10:50:38,2026-02-14 19:15:39,NO
1771072800,2026-02-14 12:40:00,2026-02-14 09:40:00,PlanchonPeteroa,MODIS,0.0,0.0,RUTINA,NULO,No descargada,2026-02-14 10:50:38,2026-02-14 19:15:39,NO
1771072800,2026-02-14 12:40:00,2026-02-14 09:40:00,Puyehue-Cordon Caulle,MODIS,0.0,0.0,RUTINA,NULO,No descargada,2026-02-14 10:50:38,2026-02-14 19:15:39,NO
1771072800,2026-02-14 12:40:00,2026-02-14 09:40:00,Chaiten,MODIS,0.0,0.0,RUTINA,NULO,No descargada,2026-02-14 10:50:38,2026-02-14 19:15:39,NO
1771072800,2026-02-14 12:40:00,2026-02-14 09:40:00,Villarrica,MODIS,0.0,0.0,RUTINA,NULO,No descargada,2026-02-14 10:50:38,2026-02-14 19:15:39,NO
1771072500,2026-02-14 12:35:00,2026-02-14 09:35:00,Lascar,MODIS,0.0,0.0,RUTINA,NULO,No descargada,2026-02-14 10:50:38,2026-02-14 18:15:37,NO
1771072500,2026-02-14 12:35:00,2026-02-14 09:35:00,Tupungatito,MODIS,0.0,0.0,RUTINA,NULO,No descargada,2026-02-14 10:50:38,2026-02-14 19:15:39,NO
1771072500,2026-02-14 12:35:00,2026-02-14 09:35:00,Lastarria,MODIS,0.0,0.0,RUTINA,NULO,No descargada,2026-02-14 10:50:38,2026-02-14 18:15:37,NO
1771053600,2026-02-14 07:20:00,2026-02-14 04:20:00,Tupungatito,MODIS,0.0,0.0,RUTINA,NULO,No descargada,2026-02-14 10:30:40,2026-02-14 10:45:42,NO
1771053600,2026-02-14 07:20:00,2026-02-14 04:20:00,PlanchonPeteroa,MODIS,0.0,0.0,RUTINA,NULO,No descargada,2026-02-14 07:05:38,2026-02-14 10:45:42,NO
1771053600,2026-02-14 07:20:00,2026-02-14 04:20:00,Puyehue-Cordon Caulle,MODIS,0.0,0.0,RUTINA,NULO,No descargada,2026-02-14 07:05:38,2026-02-14 10:45:42,NO
1771053600,2026-02-14 07:20:00,2026-02-14 04:20:00,Llaima,MODIS,0.0,0.0,RUTINA,NULO,No descargada,2026-02-14 07:05:38,2026-02-14 10:45:42,NO
1771053600,2026-02-14 07:20:00,2026-02-14 04:20:00,Copahue,MODIS,0.0,0.0,RUTINA,NULO,No descargada,2026-02-14 07:05:38,2026-02-14 10:45:42,NO
1771053600,2026-02-14 07:20:00,2026-02-14 04:20:00,Chaiten,MODIS,0.0,0.0,RUTINA,NULO,No descargada,2026-02-14 07:05:38,2026-02-14 10:45:42,NO
1771053600,2026-02-14 07:20:00,2026-02-14 04:20:00,Nevados de Chillan,MODIS,0.0,0.0,RUTINA,NULO,No descargada,2026-02-14 07:05:38,2026-02-14 10:45:42,NO
1771053600,2026-02-14 07:20:00,2026-02-14 04:20:00,Villarrica,MODIS,0.0,0.0,RUTINA,NULO,No descargada,2026-02-14 07:05:38,2026-02-14 10:45:42,NO
1771053300,2026-02-14 07:15:00,2026-02-14 04:15:00,Isluga,MODIS,0.0,0.0,RUTINA,NULO,No descargada,2026-02-14 07:05:38,2026-02-14 18:15:37,NO
1771053300,2026-02-14 07:15:00,2026-02-14 04:15:00,Lastarria,MODIS,0.0,0.0,RUTINA,NULO,No descargada,2026-02-14 07:05:38,2026-02-14 10:45:42,NO
1771053300,2026-02-14 07:15:00,2026-02-14 04:15:00,Lascar,MODIS,3.94,1.41,ALERTA_TERMICA,Bajo,imagenes_satelitales/Lascar/2026-02-14/07-15-00_Lascar_MODIS_Latest.png,2026-02-14 07:05:38,2026-02-14 10:45:42,NO
1771049521,2026-02-14 06:12:01,2026-02-14 03:12:01,Chaiten,VIIRS,0.0,0.0,RUTINA,NULO,No descargada,2026-02-14 07:05:38,2026-02-14 18:15:37,NO
1771049521,2026-02-14 06:12:01,2026-02-14 03:12:01,Llaima,VIIRS375,0.0,0.0,RUTINA,NULO,No descargada,2026-02-14 07:50:39,2026-02-14 18:45:39,NO
1771049521,2026-02-14 06:12:01,2026-02-14 03:12:01,Puyehue-Cordon Caulle,VIIRS,0.0,0.0,RUTINA,NULO,No descargada,2026-02-14 07:05:38,2026-02-14 18:15:37,NO
1771049521,2026-02-14 06:12:01,2026-02-14 03:12:01,Puyehue-Cordon Caulle,VIIRS375,0.0,0.0,RUTINA,NULO,No descargada,2026-02-14 07:50:39,2026-02-14 18:45:39,NO
1771049521,2026-02-14 06:12:01,2026-02-14 03:12:01,Llaima,VIIRS,0.0,0.0,RUTINA,NULO,No descargada,2026-02-14 07:05:38,2026-02-14 18:15:37,NO
1771049521,2026-02-14 06:12:01,2026-02-14 03:12:01,Villarrica,VIIRS375,0.0,0.0,RUTINA,NULO,No descargada,2026-02-14 07:50:39,2026-02-14 18:45:39,NO
1771049521,2026-02-14 06:12:01,2026-02-14 03:12:01,Copahue,VIIRS,0.0,0.0,RUTINA,NULO,No descargada,2026-02-14 07:05:38,2026-02-14 18:15:37,NO
1771049521,2026-02-14 06:12:01,2026-02-14 03:12:01,Villarrica,VIIRS,0.0,0.0,RUTINA,NULO,No descargada,2026-02-14 07:05:38,2026-02-14 18:15:37,NO
1771049521,2026-02-14 06:12:01,2026-02-14 03:12:01,Copahue,VIIRS375,0.0,0.0,RUTINA,NULO,No descargada,2026-02-14 07:50:39,2026-02-14 18:45:39,NO
1771049521,2026-02-14 06:12:01,2026-02-14 03:12:01,Chaiten,VIIRS375,0.0,0.0,RUTINA,NULO,No descargada,2026-02-14 07:50:39,2026-02-14 18:45:39,NO
1771049161,2026-02-14 06:06:01,2026-02-14 03:06:01,Tupungatito,VIIRS375,0.08,4.89,ALERTA_TERMICA,Muy Bajo,imagenes_satelitales/Tupungatito/2026-02-14/06-06-01_Tupungatito_VIIRS375_Latest.png,2026-02-14 10:30:40,2026-02-14 19:00:40,NO
1771049161,2026-02-14 06:06:01,2026-02-14 03:06:01,Lascar,VIIRS375,3.75,1.5,ALERTA_TERMICA,Bajo,imagenes_satelitales/Lascar/2026-02-14/06-06-01_Lascar_VIIRS375_Latest.png,2026-02-14 07:50:39,2026-02-14 19:00:40,NO
1771049161,2026-02-14 06:06:01,2026-02-14 03:06:01,Nevados de Chillan,VIIRS,0.0,0.0,RUTINA,NULO,No descargada,2026-02-14 07:05:38,2026-02-14 18:15:37,NO
1771049161,2026-02-14 06:06:01,2026-02-14 03:06:01,Lastarria,VIIRS375,0.34,5.41,FALSO_POSITIVO,NULO,No descargada,2026-02-14 07:50:39,2026-02-14 19:00:40,NO
1771049161,2026-02-14 06:06:01,2026-02-14 03:06:01,Lastarria,VIIRS,0.0,0.0,RUTINA,NULO,No descargada,2026-02-14 07:05:38,2026-02-14 18:15:37,NO
1771049161,2026-02-14 06:06:01,2026-02-14 03:06:01,Lascar,VIIRS,2.63,1.68,ALERTA_TERMICA,Bajo,imagenes_satelitales/Lascar/2026-02-14/06-06-01_Lascar_VIIRS750_Latest.png,2026-02-14 07:05:38,2026-02-14 18:15:37,NO
1771049161,2026-02-14 06:06:01,2026-02-14 03:06:01,Isluga,VIIRS,0.0,0.0,RUTINA,NULO,No descargada,2026-02-14 07:05:38,2026-02-14 18:15:37,NO
1771049161,2026-02-14 06:06:01,2026-02-14 03:06:01,PlanchonPeteroa,VIIRS,0.0,0.0,RUTINA,NULO,No descargada,2026-02-14 07:05:38,2026-02-14 18:15:37,NO
1771049161,2026-02-14 06:06:01,2026-02-14 03:06:01,Nevados de Chillan,VIIRS375,0.0,0.0,RUTINA,NULO,No descargada,2026-02-14 07:50:39,2026-02-14 18:45:39,NO
1771049161,2026-02-14 06:06:01,2026-02-14 03:06:01,PlanchonPeteroa,VIIRS375,0.0,0.0,RUTINA,NULO,No descargada,2026-02-14 07:50:39,2026-02-14 18:45:39,NO
1771049161,2026-02-14 06:06:01,2026-02-14 03:06:01,Isluga,VIIRS375,0.0,0.0,RUTINA,NULO,No descargada,2026-02-14 07:50:39,2026-02-14 19:00:40,NO
1771049161,2026-02-14 06:06:01,2026-02-14 03:06:01,Tupungatito,VIIRS,0.0,0.0,RUTINA,NULO,No descargada,2026-02-14 10:30:40,2026-02-14 18:15:37,NO
1771043401,2026-02-14 04:30:01,2026-02-14 01:30:01,Villarrica,VIIRS375,0.0,0.0,RUTINA,NULO,No descargada,2026-02-14 05:35:34,2026-02-14 07:45:37,NO
1771043401,2026-02-14 04:30:01,2026-02-14 01:30:01,Copahue,VIIRS,0.0,0.0,RUTINA,NULO,No descargada,2026-02-14 05:20:37,2026-02-14 07:00:40,NO
1771043401,2026-02-14 04:30:01,2026-02-14 01:30:01,Llaima,VIIRS,0.0,0.0,RUTINA,NULO,No descargada,2026-02-14 05:20:37,2026-02-14 07:00:40,NO
1771043401,2026-02-14 04:30:01,2026-02-14 01:30:01,Nevados de Chillan,VIIRS375,0.0,0.0,RUTINA,NULO,No descargada,2026-02-14 05:35:34,2026-02-14 07:45:37,NO
1771043401,2026-02-14 04:30:01,2026-02-14 01:30:01,Puyehue-Cordon Caulle,VIIRS,0.0,0.0,RUTINA,NULO,No descargada,2026-02-14 05:20:37,2026-02-14 07:00:40,NO
1771043401,2026-02-14 04:30:01,2026-02-14 01:30:01,Copahue,VIIRS375,0.0,0.0,RUTINA,NULO,No descargada,2026-02-14 05:35:34,2026-02-14 07:45:37,NO
1771043401,2026-02-14 04:30:01,2026-02-14 01:30:01,Llaima,VIIRS375,0.0,0.0,RUTINA,NULO,No descargada,2026-02-14 05:35:34,2026-02-14 07:45:37,NO
1771043401,2026-02-14 04:30:01,2026-02-14 01:30:01,Chaiten,VIIRS375,0.0,0.0,RUTINA,NULO,No descargada,2026-02-14 05:35:34,2026-02-14 07:45:37,NO
1771043401,2026-02-14 04:30:01,2026-02-14 01:30:01,Villarrica,VIIRS,0.0,0.0,RUTINA,NULO,No descargada,2026-02-14 05:20:37,2026-02-14 07:00:40,NO
1771043401,2026-02-14 04:30:01,2026-02-14 01:30:01,Chaiten,VIIRS,0.0,0.0,RUTINA,NULO,No descargada,2026-02-14 05:20:37,2026-02-14 07:00:40,NO
1771043401,2026-02-14 04:30:01,2026-02-14 01:30:01,Nevados de Chillan,VIIRS,0.0,0.0,RUTINA,NULO,No descargada,2026-02-14 05:20:37,2026-02-14 07:00:40,NO
1771043401,2026-02-14 04:30:01,2026-02-14 01:30:01,Puyehue-Cordon Caulle,VIIRS375,0.0,0.0,RUTINA,NULO,No descargada,2026-02-14 05:35:34,2026-02-14 07:45:37,NO
1771038600,2026-02-14 03:10:00,2026-02-14 00:10:00,Chaiten,MODIS,0.0,0.0,RUTINA,NULO,No descargada,2026-02-14 01:50:39,2026-02-14 07:00:40,NO
1771033200,2026-02-14 01:40:00,2026-02-13 22:40:00,Lastarria,MODIS,0.0,0.0,RUTINA,NULO,No descargada,2026-02-14 00:35:38,2026-02-14 07:00:40,NO
1771033200,2026-02-14 01:40:00,2026-02-13 22:40:00,Isluga,MODIS,0.0,0.0,RUTINA,NULO,No descargada,2026-02-14 00:35:38,2026-02-14 07:00:40,NO
1771033200,2026-02-14 01:40:00,2026-02-13 22:40:00,Lascar,MODIS,3.43,1.41,ALERTA_TERMICA,Bajo,imagenes_satelitales/Lascar/2026-02-14/01-40-00_Lascar_MODIS_Latest.png,2026-02-14 00:35:38,2026-02-14 07:00:40,NO
1771032900,2026-02-14 01:35:00,2026-02-13 22:35:00,Puyehue-Cordon Caulle,MODIS,0.0,0.0,RUTINA,NULO,No descargada,2026-02-14 00:20:41,2026-02-14 07:00:40,NO
1771032900,2026-02-14 01:35:00,2026-02-13 22:35:00,Villarrica,MODIS,0.0,0.0,RUTINA,NULO,No descargada,2026-02-14 00:20:41,2026-02-14 07:00:40,NO
1771032900,2026-02-14 01:35:00,2026-02-13 22:35:00,Nevados de Chillan,MODIS,0.0,0.0,RUTINA,NULO,No descargada,2026-02-14 00:20:41,2026-02-14 07:00:40,NO
1771032900,2026-02-14 01:35:00,2026-02-13 22:35:00,Chaiten,MODIS,0.0,0.0,RUTINA,NULO,No descargada,2026-02-14 00:20:41,2026-02-14 01:45:41,NO
1771032900,2026-02-14 01:35:00,2026-02-13 22:35:00,PlanchonPeteroa,MODIS,0.0,0.0,RUTINA,NULO,No descargada,2026-02-14 00:20:41,2026-02-14 07:00:40,NO
1771032900,2026-02-14 01:35:00,2026-02-13 22:35:00,Llaima,MODIS,0.0,0.0,RUTINA,NULO,No descargada,2026-02-14 00:20:41,2026-02-14 07:00:40,NO
1771032900,2026-02-14 01:35:00,2026-02-13 22:35:00,Copahue,MODIS,0.0,0.0,RUTINA,NULO,No descargada,2026-02-14 00:20:41,2026-02-14 07:00:40,NO
1771014300,2026-02-13 20:25:00,2026-02-13 17:25:00,Isluga,MODIS,0.0,0.0,RUTINA,NULO,No descargada,2026-02-13 20:35:39,2026-02-14 00:30:45,NO
1771014000,2026-02-13 20:20:00,2026-02-13 17:20:00,Lascar,MODIS,0.0,0.0,RUTINA,NULO,No descargada,2026-02-13 18:50:40,2026-02-14 00:30:45,NO
1771014000,2026-02-13 20:20:00,2026-02-13 17:20:00,Llaima,MODIS,0.0,0.0,RUTINA,NULO,No descargada,2026-02-13 18:50:40,2026-02-14 00:15:35,NO
1771014000,2026-02-13 20:20:00,2026-02-13 17:20:00,Lastarria,MODIS,0.0,0.0,RUTINA,NULO,No descargada,2026-02-13 18:50:40,2026-02-14 00:30:45,NO
1771014000,2026-02-13 20:20:00,2026-02-13 17:20:00,Copahue,MODIS,0.0,0.0,RUTINA,NULO,No descargada,2026-02-13 18:50:40,2026-02-14 00:15:35,NO
1771014000,2026-02-13 20:20:00,2026-02-13 17:20:00,PlanchonPeteroa,MODIS,0.0,0.0,RUTINA,NULO,No descargada,2026-02-13 18:50:40,2026-02-14 00:15:35,NO
1771014000,2026-02-13 20:20:00,2026-02-13 17:20:00,Villarrica,MODIS,0.0,0.0,RUTINA,NULO,No descargada,2026-02-13 18:50:40,2026-02-14 00:15:35,NO
1771014000,2026-02-13 20:20:00,2026-02-13 17:20:00,Nevados de Chillan,MODIS,0.0,0.0,RUTINA,NULO,No descargada,2026-02-13 18:50:40,2026-02-14 00:15:35,NO
1771013700,2026-02-13 20:15:00,2026-02-13 17:15:00,Puyehue-Cordon Caulle,MODIS,0.0,0.0,RUTINA,NULO,No descargada,2026-02-13 18:50:40,2026-02-14 00:15:35,NO
1771013700,2026-02-13 20:15:00,2026-02-13 17:15:00,Chaiten,MODIS,0.0,0.0,RUTINA,NULO,No descargada,2026-02-13 18:50:40,2026-02-14 00:15:35,NO
1771013160,2026-02-13 20:06:00,2026-02-13 17:06:00,Puyehue-Cordon Caulle,VIIRS,0.0,0.0,RUTINA,NULO,No descargada,2026-02-13 20:35:39,2026-02-14 05:15:38,NO
1771013160,2026-02-13 20:06:00,2026-02-13 17:06:00,Chaiten,VIIRS,0.0,0.0,RUTINA,NULO,No descargada,2026-02-13 20:35:39,2026-02-14 05:15:38,NO
1771013160,2026-02-13 20:06:00,2026-02-13 17:06:00,Chaiten,VIIRS375,0.0,0.0,RUTINA,NULO,No descargada,2026-02-13 21:20:39,2026-02-14 05:30:43,NO
1771013160,2026-02-13 20:06:00,2026-02-13 17:06:00,Puyehue-Cordon Caulle,VIIRS375,0.0,0.0,RUTINA,NULO,No descargada,2026-02-13 21:20:39,2026-02-14 05:30:43,NO
1771008841,2026-02-13 18:54:01,2026-02-13 15:54:01,Lascar,VIIRS,0.0,0.0,RUTINA,NULO,No descargada,2026-02-13 19:35:39,2026-02-14 07:00:40,NO
1771008841,2026-02-13 18:54:01,2026-02-13 15:54:01,Isluga,VIIRS,0.0,0.0,RUTINA,NULO,No descargada,2026-02-13 19:35:39,2026-02-14 07:00:40,NO
1771008841,2026-02-13 18:54:01,2026-02-13 15:54:01,Lascar,VIIRS375,0.0,0.0,RUTINA,NULO,No descargada,2026-02-13 20:35:39,2026-02-14 07:45:37,NO
1771008841,2026-02-13 18:54:01,2026-02-13 15:54:01,Isluga,VIIRS375,0.0,0.0,RUTINA,NULO,No descargada,2026-02-13 20:35:39,2026-02-14 07:45:37,NO
1771008481,2026-02-13 18:48:01,2026-02-13 15:48:01,Nevados de Chillan,VIIRS,0.0,0.0,RUTINA,NULO,No descargada,2026-02-13 19:20:52,2026-02-14 05:15:38,NO
1771008481,2026-02-13 18:48:01,2026-02-13 15:48:01,Copahue,VIIRS,0.0,0.0,RUTINA,NULO,No descargada,2026-02-13 19:20:52,2026-02-14 05:15:38,NO
1771008481,2026-02-13 18:48:01,2026-02-13 15:48:01,Puyehue-Cordon Caulle,VIIRS,0.0,0.0,RUTINA,NULO,No descargada,2026-02-13 19:20:52,2026-02-13 20:30:42,NO
1771008481,2026-02-13 18:48:01,2026-02-13 15:48:01,Villarrica,VIIRS,0.0,0.0,RUTINA,NULO,No descargada,2026-02-13 19:20:52,2026-02-14 05:15:38,NO
1771008481,2026-02-13 18:48:01,2026-02-13 15:48:01,Llaima,VIIRS,0.0,0.0,RUTINA,NULO,No descargada,2026-02-13 19:20:52,2026-02-14 05:15:38,NO
1771008481,2026-02-13 18:48:01,2026-02-13 15:48:01,Chaiten,VIIRS,0.0,0.0,RUTINA,NULO,No descargada,2026-02-13 19:20:52,2026-02-13 20:30:42,NO
1771008481,2026-02-13 18:48:01,2026-02-13 15:48:01,PlanchonPeteroa,VIIRS,0.0,0.0,RUTINA,NULO,No descargada,2026-02-13 19:20:52,2026-02-14 07:00:40,NO
1771007400,2026-02-13 18:30:00,2026-02-13 15:30:00,Lastarria,VIIRS375,0.75,25.72,FALSO_POSITIVO,NULO,No descargada,2026-02-13 19:35:39,2026-02-14 07:45:37,NO
1771007400,2026-02-13 18:30:00,2026-02-13 15:30:00,Isluga,VIIRS,0.0,0.0,RUTINA,NULO,No descargada,2026-02-13 18:50:40,2026-02-13 19:31:03,NO
1771007400,2026-02-13 18:30:00,2026-02-13 15:30:00,Isluga,VIIRS375,0.0,0.0,RUTINA,NULO,No descargada,2026-02-13 19:35:39,2026-02-13 20:30:42,NO
1771007400,2026-02-13 18:30:00,2026-02-13 15:30:00,Nevados de Chillan,VIIRS375,0.0,0.0,RUTINA,NULO,No descargada,2026-02-13 19:35:39,2026-02-14 05:30:43,NO
1771007400,2026-02-13 18:30:00,2026-02-13 15:30:00,Lastarria,VIIRS,0.0,0.0,RUTINA,NULO,No descargada,2026-02-13 18:50:40,2026-02-14 07:00:40,NO
1771007400,2026-02-13 18:30:00,2026-02-13 15:30:00,PlanchonPeteroa,VIIRS375,0.0,0.0,RUTINA,NULO,No descargada,2026-02-13 19:35:39,2026-02-14 07:45:37,NO
1771007400,2026-02-13 18:30:00,2026-02-13 15:30:00,PlanchonPeteroa,VIIRS,0.0,0.0,RUTINA,NULO,No descargada,2026-02-13 18:50:40,2026-02-13 19:15:40,NO
1771007400,2026-02-13 18:30:00,2026-02-13 15:30:00,Nevados de Chillan,VIIRS,0.0,0.0,RUTINA,NULO,No descargada,2026-02-13 18:50:40,2026-02-13 19:15:40,NO
1771007400,2026-02-13 18:30:00,2026-02-13 15:30:00,Lascar,VIIRS375,0.0,0.0,RUTINA,NULO,No descargada,2026-02-13 19:35:39,2026-02-13 20:30:42,NO
1771007400,2026-02-13 18:30:00,2026-02-13 15:30:00,Lascar,VIIRS,0.0,0.0,RUTINA,NULO,No descargada,2026-02-13 18:50:40,2026-02-13 19:31:03,NO
1771007040,2026-02-13 18:24:00,2026-02-13 15:24:00,Villarrica,VIIRS375,0.0,0.0,RUTINA,NULO,No descargada,2026-02-13 19:35:39,2026-02-14 05:30:43,NO
1771007040,2026-02-13 18:24:00,2026-02-13 15:24:00,Chaiten,VIIRS,0.0,0.0,RUTINA,NULO,No descargada,2026-02-13 18:50:40,2026-02-13 19:15:40,NO
1771007040,2026-02-13 18:24:00,2026-02-13 15:24:00,Llaima,VIIRS375,0.0,0.0,RUTINA,NULO,No descargada,2026-02-13 19:35:39,2026-02-14 05:30:43,NO
1771007040,2026-02-13 18:24:00,2026-02-13 15:24:00,Villarrica,VIIRS,0.0,0.0,RUTINA,NULO,No descargada,2026-02-13 18:50:40,2026-02-13 19:15:40,NO
1771007040,2026-02-13 18:24:00,2026-02-13 15:24:00,Chaiten,VIIRS375,0.0,0.0,RUTINA,NULO,No descargada,2026-02-13 19:35:39,2026-02-13 21:15:43,NO
1771007040,2026-02-13 18:24:00,2026-02-13 15:24:00,Llaima,VIIRS,0.0,0.0,RUTINA,NULO,No descargada,2026-02-13 18:50:40,2026-02-13 19:15:40,NO
1771007040,2026-02-13 18:24:00,2026-02-13 15:24:00,Puyehue-Cordon Caulle,VIIRS,0.0,0.0,RUTINA,NULO,No descargada,2026-02-13 18:50:40,2026-02-13 19:15:40,NO
1771007040,2026-02-13 18:24:00,2026-02-13 15:24:00,Puyehue-Cordon Caulle,VIIRS375,0.0,0.0,RUTINA,NULO,No descargada,2026-02-13 19:35:39,2026-02-13 21:15:43,NO
1771002721,2026-02-13 17:12:01,2026-02-13 14:12:01,Lascar,VIIRS,0.0,0.0,RUTINA,NULO,No descargada,2026-02-13 18:05:51,2026-02-13 18:45:58,NO
1771002721,2026-02-13 17:12:01,2026-02-13 14:12:01,Lascar,VIIRS375,0.0,0.0,RUTINA,NULO,No descargada,2026-02-13 18:50:40,2026-02-13 19:31:03,NO
1771002721,2026-02-13 17:12:01,2026-02-13 14:12:01,Isluga,VIIRS375,0.0,0.0,RUTINA,NULO,No descargada,2026-02-13 18:20:43,2026-02-13 19:31:03,NO
1770990000,2026-02-13 13:40:00,2026-02-13 10:40:00,Chaiten,MODIS,0.0,0.0,RUTINA,NULO,No descargada,2026-02-13 12:05:39,2026-02-13 18:45:58,NO
1770990000,2026-02-13 13:40:00,2026-02-13 10:40:00,Puyehue-Cordon Caulle,MODIS,0.0,0.0,RUTINA,NULO,No descargada,2026-02-13 12:05:39,2026-02-13 18:45:58,NO
1770989700,2026-02-13 13:35:00,2026-02-13 10:35:00,Llaima,MODIS,0.0,0.0,RUTINA,NULO,No descargada,2026-02-13 11:50:39,2026-02-13 18:45:58,NO
1770989700,2026-02-13 13:35:00,2026-02-13 10:35:00,Nevados de Chillan,MODIS,0.0,0.0,RUTINA,NULO,No descargada,2026-02-13 11:50:39,2026-02-13 18:45:58,NO
1770989700,2026-02-13 13:35:00,2026-02-13 10:35:00,Lastarria,MODIS,0.0,0.0,RUTINA,NULO,No descargada,2026-02-13 11:50:39,2026-02-13 18:45:58,NO
1770989700,2026-02-13 13:35:00,2026-02-13 10:35:00,Lascar,MODIS,0.0,0.0,RUTINA,NULO,No descargada,2026-02-13 11:50:39,2026-02-13 18:45:58,NO
1770989700,2026-02-13 13:35:00,2026-02-13 10:35:00,PlanchonPeteroa,MODIS,0.0,0.0,RUTINA,NULO,No descargada,2026-02-13 11:50:39,2026-02-13 18:45:58,NO
1770989700,2026-02-13 13:35:00,2026-02-13 10:35:00,Villarrica,MODIS,0.0,0.0,RUTINA,NULO,No descargada,2026-02-13 11:50:39,2026-02-13 18:45:58,NO
1770989700,2026-02-13 13:35:00,2026-02-13 10:35:00,Copahue,MODIS,0.0,0.0,RUTINA,NULO,No descargada,2026-02-13 11:50:39,2026-02-13 18:45:58,NO
1770989400,2026-02-13 13:30:00,2026-02-13 10:30:00,Isluga,MODIS,0.0,0.0,RUTINA,NULO,No descargada,2026-02-13 11:50:39,2026-02-13 20:30:42,NO
1770970800,2026-02-13 08:20:00,2026-02-13 05:20:00,Puyehue-Cordon Caulle,MODIS,0.0,0.0,RUTINA,NULO,No descargada,2026-02-13 07:35:37,2026-02-13 12:00:46,NO
1770970800,2026-02-13 08:20:00,2026-02-13 05:20:00,Villarrica,MODIS,0.0,0.0,RUTINA,NULO,No descargada,2026-02-13 07:35:37,2026-02-13 11:45:45,NO
1770970800,2026-02-13 08:20:00,2026-02-13 05:20:00,Nevados de Chillan,MODIS,0.0,0.0,RUTINA,NULO,No descargada,2026-02-13 07:35:37,2026-02-13 11:45:45,NO
1770970800,2026-02-13 08:20:00,2026-02-13 05:20:00,Copahue,MODIS,0.0,0.0,RUTINA,NULO,No descargada,2026-02-13 07:35:37,2026-02-13 11:45:45,NO
1770970800,2026-02-13 08:20:00,2026-02-13 05:20:00,PlanchonPeteroa,MODIS,0.0,0.0,RUTINA,NULO,No descargada,2026-02-13 07:35:37,2026-02-13 11:45:45,NO
1770970800,2026-02-13 08:20:00,2026-02-13 05:20:00,Llaima,MODIS,0.0,0.0,RUTINA,NULO,No descargada,2026-02-13 07:35:37,2026-02-13 11:45:45,NO
1770970800,2026-02-13 08:20:00,2026-02-13 05:20:00,Chaiten,MODIS,0.0,0.0,RUTINA,NULO,No descargada,2026-02-13 07:35:37,2026-02-13 12:00:46,NO
1770970500,2026-02-13 08:15:00,2026-02-13 05:15:00,Isluga,MODIS,0.0,0.0,RUTINA,NULO,No descargada,2026-02-13 07:35:37,2026-02-13 11:45:45,NO
1770965100,2026-02-13 06:45:00,2026-02-13 03:45:00,Chaiten,MODIS,0.0,0.0,RUTINA,NULO,No descargada,2026-02-13 06:35:38,2026-02-13 07:30:42,NO
1770965100,2026-02-13 06:45:00,2026-02-13 03:45:00,Puyehue-Cordon Caulle,MODIS,0.0,0.0,RUTINA,NULO,No descargada,2026-02-13 06:35:38,2026-02-13 07:30:42,NO
1770964800,2026-02-13 06:40:00,2026-02-13 03:40:00,Copahue,MODIS,0.0,0.0,RUTINA,NULO,No descargada,2026-02-13 06:35:38,2026-02-13 07:30:42,NO
1770964800,2026-02-13 06:40:00,2026-02-13 03:40:00,Nevados de Chillan,MODIS,0.0,0.0,RUTINA,NULO,No descargada,2026-02-13 06:35:38,2026-02-13 07:30:42,NO
1770964800,2026-02-13 06:40:00,2026-02-13 03:40:00,PlanchonPeteroa,MODIS,0.0,0.0,RUTINA,NULO,No descargada,2026-02-13 06:35:38,2026-02-13 07:30:42,NO
1770964800,2026-02-13 06:40:00,2026-02-13 03:40:00,Llaima,MODIS,0.0,0.0,RUTINA,NULO,No descargada,2026-02-13 06:35:38,2026-02-13 07:30:42,NO
1770964800,2026-02-13 06:40:00,2026-02-13 03:40:00,Villarrica,MODIS,0.0,0.0,RUTINA,NULO,No descargada,2026-02-13 06:35:38,2026-02-13 07:30:42,NO
1770964201,2026-02-13 06:30:01,2026-02-13 03:30:01,Puyehue-Cordon Caulle,VIIRS,0.0,0.0,RUTINA,NULO,No descargada,2026-02-13 06:35:38,2026-02-13 18:45:58,NO
1770964201,2026-02-13 06:30:01,2026-02-13 03:30:01,Chaiten,VIIRS,0.0,0.0,RUTINA,NULO,No descargada,2026-02-13 06:35:38,2026-02-13 18:45:58,NO
1770964201,2026-02-13 06:30:01,2026-02-13 03:30:01,Villarrica,VIIRS,0.0,0.0,RUTINA,NULO,No descargada,2026-02-13 06:35:38,2026-02-13 18:45:58,NO
1770964201,2026-02-13 06:30:01,2026-02-13 03:30:01,Nevados de Chillan,VIIRS375,0.0,0.0,RUTINA,NULO,No descargada,2026-02-13 08:05:39,2026-02-13 19:31:03,NO
1770964201,2026-02-13 06:30:01,2026-02-13 03:30:01,PlanchonPeteroa,VIIRS375,0.0,0.0,RUTINA,NULO,No descargada,2026-02-13 08:05:39,2026-02-13 19:31:03,NO
1770964201,2026-02-13 06:30:01,2026-02-13 03:30:01,Chaiten,VIIRS375,0.0,0.0,RUTINA,NULO,No descargada,2026-02-13 08:05:39,2026-02-13 19:31:03,NO
1770964201,2026-02-13 06:30:01,2026-02-13 03:30:01,Puyehue-Cordon Caulle,VIIRS375,0.02,8.19,ALERTA_TERMICA,Muy Bajo,imagenes_satelitales/Puyehue-Cordon Caulle/2026-02-13/06-30-01_Puyehue-Cordon Caulle_VIIRS375_Latest.png,2026-02-13 08:05:39,2026-02-13 19:31:03,NO
1770964201,2026-02-13 06:30:01,2026-02-13 03:30:01,Nevados de Chillan,VIIRS,0.0,0.0,RUTINA,NULO,No descargada,2026-02-13 06:35:38,2026-02-13 18:45:58,NO
1770964201,2026-02-13 06:30:01,2026-02-13 03:30:01,Llaima,VIIRS375,0.0,0.0,RUTINA,NULO,No descargada,2026-02-13 08:05:39,2026-02-13 19:31:03,NO
1770964201,2026-02-13 06:30:01,2026-02-13 03:30:01,Copahue,VIIRS375,0.0,0.0,RUTINA,NULO,No descargada,2026-02-13 08:05:39,2026-02-13 20:45:41,NO
1770964201,2026-02-13 06:30:01,2026-02-13 03:30:01,Villarrica,VIIRS375,0.0,0.0,RUTINA,NULO,No descargada,2026-02-13 08:05:39,2026-02-13 19:31:03,NO
1770964201,2026-02-13 06:30:01,2026-02-13 03:30:01,Llaima,VIIRS,0.0,0.0,RUTINA,NULO,No descargada,2026-02-13 06:35:38,2026-02-13 18:45:58,NO
1770964201,2026-02-13 06:30:01,2026-02-13 03:30:01,PlanchonPeteroa,VIIRS,0.0,0.0,RUTINA,NULO,No descargada,2026-02-13 06:35:38,2026-02-13 18:45:58,NO
1770964201,2026-02-13 06:30:01,2026-02-13 03:30:01,Copahue,VIIRS,0.0,0.0,RUTINA,NULO,No descargada,2026-02-13 06:35:38,2026-02-13 19:15:40,NO
1770963841,2026-02-13 06:24:01,2026-02-13 03:24:01,Lastarria,VIIRS,0.0,0.0,RUTINA,NULO,No descargada,2026-02-13 06:35:38,2026-02-13 18:45:58,NO
1770963841,2026-02-13 06:24:01,2026-02-13 03:24:01,Lastarria,VIIRS375,0.1,1.55,ALERTA_TERMICA,Muy Bajo,imagenes_satelitales/Lastarria/2026-02-13/06-24-01_Lastarria_VIIRS375_Latest.png,2026-02-13 09:20:40,2026-02-13 19:31:03,NO
1770963841,2026-02-13 06:24:01,2026-02-13 03:24:01,Lascar,VIIRS375,0.0,0.0,RUTINA,NULO,No descargada,2026-02-13 09:20:40,2026-02-13 18:45:58,NO
1770963841,2026-02-13 06:24:01,2026-02-13 03:24:01,Isluga,VIIRS,0.0,0.0,RUTINA,NULO,No descargada,2026-02-13 06:35:38,2026-02-13 18:45:58,NO
1770963841,2026-02-13 06:24:01,2026-02-13 03:24:01,Lascar,VIIRS,0.0,0.0,RUTINA,NULO,No descargada,2026-02-13 06:35:38,2026-02-13 18:00:44,NO
1770963841,2026-02-13 06:24:01,2026-02-13 03:24:01,Isluga,VIIRS375,0.0,0.0,RUTINA,NULO,No descargada,2026-02-13 09:20:40,2026-02-13 18:15:47,NO
1770962400,2026-02-13 06:00:00,2026-02-13 03:00:00,Isluga,VIIRS375,0.0,0.0,RUTINA,NULO,No descargada,2026-02-13 08:50:39,2026-02-13 09:15:43,NO
1770958081,2026-02-13 04:48:01,2026-02-13 01:48:01,Villarrica,VIIRS,0.0,0.0,RUTINA,NULO,No descargada,2026-02-13 04:35:37,2026-02-13 06:30:43,NO
1770958081,2026-02-13 04:48:01,2026-02-13 01:48:01,Llaima,VIIRS375,0.0,0.0,RUTINA,NULO,No descargada,2026-02-13 05:05:38,2026-02-13 08:00:42,NO
1770958081,2026-02-13 04:48:01,2026-02-13 01:48:01,Puyehue-Cordon Caulle,VIIRS,0.0,0.0,RUTINA,NULO,No descargada,2026-02-13 04:35:37,2026-02-13 06:30:43,NO
1770958081,2026-02-13 04:48:01,2026-02-13 01:48:01,PlanchonPeteroa,VIIRS,0.0,0.0,RUTINA,NULO,No descargada,2026-02-13 04:35:37,2026-02-13 06:30:43,NO
1770958081,2026-02-13 04:48:01,2026-02-13 01:48:01,Villarrica,VIIRS375,0.0,0.0,RUTINA,NULO,No descargada,2026-02-13 05:05:38,2026-02-13 08:00:42,NO
1770958081,2026-02-13 04:48:01,2026-02-13 01:48:01,Puyehue-Cordon Caulle,VIIRS375,0.0,0.0,RUTINA,NULO,No descargada,2026-02-13 05:05:38,2026-02-13 08:00:42,NO
1770958081,2026-02-13 04:48:01,2026-02-13 01:48:01,PlanchonPeteroa,VIIRS375,0.99,14.25,FALSO_POSITIVO,NULO,No descargada,2026-02-13 05:05:38,2026-02-13 08:00:42,NO
1770958081,2026-02-13 04:48:01,2026-02-13 01:48:01,Nevados de Chillan,VIIRS375,0.0,0.0,RUTINA,NULO,No descargada,2026-02-13 05:05:38,2026-02-13 08:00:42,NO
1770958081,2026-02-13 04:48:01,2026-02-13 01:48:01,Chaiten,VIIRS375,0.0,0.0,RUTINA,NULO,No descargada,2026-02-13 05:05:38,2026-02-13 08:00:42,NO
1770958081,2026-02-13 04:48:01,2026-02-13 01:48:01,Llaima,VIIRS,0.0,0.0,RUTINA,NULO,No descargada,2026-02-13 04:35:37,2026-02-13 06:30:43,NO
1770958081,2026-02-13 04:48:01,2026-02-13 01:48:01,Nevados de Chillan,VIIRS,0.0,0.0,RUTINA,NULO,No descargada,2026-02-13 04:35:37,2026-02-13 06:30:43,NO
1770958081,2026-02-13 04:48:01,2026-02-13 01:48:01,Copahue,VIIRS375,0.0,0.0,RUTINA,NULO,No descargada,2026-02-13 05:05:38,2026-02-13 08:00:42,NO
1770958081,2026-02-13 04:48:01,2026-02-13 01:48:01,Copahue,VIIRS,0.0,0.0,RUTINA,NULO,No descargada,2026-02-13 04:35:37,2026-02-13 06:30:43,NO
1770958081,2026-02-13 04:48:01,2026-02-13 01:48:01,Chaiten,VIIRS,0.0,0.0,RUTINA,NULO,No descargada,2026-02-13 04:35:37,2026-02-13 06:30:43,NO
1770957721,2026-02-13 04:42:01,2026-02-13 01:42:01,Lastarria,VIIRS,0.0,0.0,RUTINA,NULO,No descargada,2026-02-13 04:35:37,2026-02-13 06:30:43,NO
1770957721,2026-02-13 04:42:01,2026-02-13 01:42:01,Lascar,VIIRS,0.0,0.0,RUTINA,NULO,No descargada,2026-02-13 04:35:37,2026-02-13 06:30:43,NO
1770957721,2026-02-13 04:42:01,2026-02-13 01:42:01,Lastarria,VIIRS375,0.0,0.0,RUTINA,NULO,No descargada,2026-02-13 05:05:38,2026-02-13 09:15:43,NO
1770957721,2026-02-13 04:42:01,2026-02-13 01:42:01,Lascar,VIIRS375,0.0,0.0,RUTINA,NULO,No descargada,2026-02-13 05:05:38,2026-02-13 09:15:43,NO
1770950100,2026-02-13 02:35:00,2026-02-12 23:35:00,PlanchonPeteroa,MODIS,0.0,0.0,RUTINA,NULO,No descargada,2026-02-13 00:50:42,2026-02-13 06:30:43,NO
1770950100,2026-02-13 02:35:00,2026-02-12 23:35:00,Llaima,MODIS,0.0,0.0,RUTINA,NULO,No descargada,2026-02-13 01:05:39,2026-02-13 06:30:43,NO
1770950100,2026-02-13 02:35:00,2026-02-12 23:35:00,Villarrica,MODIS,0.0,0.0,RUTINA,NULO,No descargada,2026-02-13 01:05:39,2026-02-13 06:30:43,NO
1770950100,2026-02-13 02:35:00,2026-02-12 23:35:00,Puyehue-Cordon Caulle,MODIS,0.0,0.0,RUTINA,NULO,No descargada,2026-02-13 01:05:39,2026-02-13 06:30:43,NO
1770950100,2026-02-13 02:35:00,2026-02-12 23:35:00,Nevados de Chillan,MODIS,0.0,0.0,RUTINA,NULO,No descargada,2026-02-13 01:05:39,2026-02-13 06:30:43,NO
1770950100,2026-02-13 02:35:00,2026-02-12 23:35:00,Copahue,MODIS,0.0,0.0,RUTINA,NULO,No descargada,2026-02-13 01:05:39,2026-02-13 06:30:43,NO
1770950100,2026-02-13 02:35:00,2026-02-12 23:35:00,Chaiten,MODIS,0.0,0.0,RUTINA,NULO,No descargada,2026-02-13 01:05:39,2026-02-13 06:30:43,NO
1770944400,2026-02-13 01:00:00,2026-02-12 22:00:00,Lascar,MODIS,0.0,0.0,RUTINA,NULO,No descargada,2026-02-13 00:20:41,2026-02-13 11:45:45,NO
1770944400,2026-02-13 01:00:00,2026-02-12 22:00:00,Isluga,MODIS,0.0,0.0,RUTINA,NULO,No descargada,2026-02-13 00:20:41,2026-02-13 07:30:42,NO
1770930900,2026-02-12 21:15:00,2026-02-12 18:15:00,Chaiten,MODIS,0.0,0.0,RUTINA,NULO,No descargada,2026-02-12 20:50:38,2026-02-13 01:00:39,NO
1770930900,2026-02-12 21:15:00,2026-02-12 18:15:00,Puyehue-Cordon Caulle,MODIS,0.0,0.0,RUTINA,NULO,No descargada,2026-02-12 20:50:38,2026-02-13 01:00:39,NO
1770930900,2026-02-12 21:15:00,2026-02-12 18:15:00,Villarrica,MODIS,0.0,0.0,RUTINA,NULO,No descargada,2026-02-12 20:50:38,2026-02-13 01:00:39,NO
1770930900,2026-02-12 21:15:00,2026-02-12 18:15:00,Llaima,MODIS,0.0,0.0,RUTINA,NULO,No descargada,2026-02-12 20:50:38,2026-02-13 01:00:39,NO
1770925500,2026-02-12 19:45:00,2026-02-12 16:45:00,Lastarria,MODIS,0.0,0.0,RUTINA,NULO,No descargada,2026-02-13 08:50:39,2026-02-13 11:45:45,NO
1770925200,2026-02-12 19:40:00,2026-02-12 16:40:00,Nevados de Chillan,MODIS,0.0,0.0,RUTINA,NULO,No descargada,2026-02-12 18:35:40,2026-02-13 01:00:39,NO
1770925200,2026-02-12 19:40:00,2026-02-12 16:40:00,Llaima,MODIS,0.0,0.0,RUTINA,NULO,No descargada,2026-02-12 18:35:40,2026-02-12 20:45:40,NO
1770925200,2026-02-12 19:40:00,2026-02-12 16:40:00,Villarrica,MODIS,0.0,0.0,RUTINA,NULO,No descargada,2026-02-12 18:35:40,2026-02-12 20:45:40,NO
1770925200,2026-02-12 19:40:00,2026-02-12 16:40:00,Copahue,MODIS,0.0,0.0,RUTINA,NULO,No descargada,2026-02-12 18:35:40,2026-02-13 01:00:39,NO
1770925200,2026-02-12 19:40:00,2026-02-12 16:40:00,PlanchonPeteroa,MODIS,0.0,0.0,RUTINA,NULO,No descargada,2026-02-12 18:35:40,2026-02-13 00:45:39,NO
1770925200,2026-02-12 19:40:00,2026-02-12 16:40:00,Chaiten,MODIS,0.0,0.0,RUTINA,NULO,No descargada,2026-02-12 18:35:40,2026-02-12 20:45:40,NO
1770925200,2026-02-12 19:40:00,2026-02-12 16:40:00,Puyehue-Cordon Caulle,MODIS,0.0,0.0,RUTINA,NULO,No descargada,2026-02-12 18:35:40,2026-02-12 20:45:40,NO
1770923521,2026-02-12 19:12:01,2026-02-12 16:12:01,Lastarria,VIIRS375,0.0,0.0,RUTINA,NULO,No descargada,2026-02-12 23:20:39,2026-02-13 05:00:43,NO
1770923521,2026-02-12 19:12:01,2026-02-12 16:12:01,Lascar,VIIRS375,0.0,0.0,RUTINA,NULO,No descargada,2026-02-12 23:20:39,2026-02-13 05:00:43,NO
1770923521,2026-02-12 19:12:01,2026-02-12 16:12:01,Lascar,VIIRS,0.0,0.0,RUTINA,NULO,No descargada,2026-02-12 20:50:38,2026-02-13 04:30:43,NO
1770923521,2026-02-12 19:12:01,2026-02-12 16:12:01,Lastarria,VIIRS,0.0,0.0,RUTINA,NULO,No descargada,2026-02-12 20:50:38,2026-02-13 04:30:43,NO
1770923161,2026-02-12 19:06:01,2026-02-12 16:06:01,Villarrica,VIIRS375,0.0,0.0,RUTINA,NULO,No descargada,2026-02-12 23:20:39,2026-02-13 05:00:43,NO
1770923161,2026-02-12 19:06:01,2026-02-12 16:06:01,Llaima,VIIRS375,0.0,0.0,RUTINA,NULO,No descargada,2026-02-12 23:20:39,2026-02-13 05:00:43,NO
1770923161,2026-02-12 19:06:01,2026-02-12 16:06:01,Villarrica,VIIRS,0.0,0.0,RUTINA,NULO,No descargada,2026-02-12 20:20:39,2026-02-13 04:30:43,NO
1770923161,2026-02-12 19:06:01,2026-02-12 16:06:01,Puyehue-Cordon Caulle,VIIRS,0.0,0.0,RUTINA,NULO,No descargada,2026-02-12 20:50:38,2026-02-13 04:30:43,NO
1770923161,2026-02-12 19:06:01,2026-02-12 16:06:01,Copahue,VIIRS,0.0,0.0,RUTINA,NULO,No descargada,2026-02-12 20:20:39,2026-02-13 04:30:43,NO
1770923161,2026-02-12 19:06:01,2026-02-12 16:06:01,Chaiten,VIIRS375,0.0,0.0,RUTINA,NULO,No descargada,2026-02-12 23:20:39,2026-02-13 05:00:43,NO
1770923161,2026-02-12 19:06:01,2026-02-12 16:06:01,Nevados de Chillan,VIIRS,0.0,0.0,RUTINA,NULO,No descargada,2026-02-12 20:20:39,2026-02-13 04:30:43,NO
1770923161,2026-02-12 19:06:01,2026-02-12 16:06:01,Llaima,VIIRS,0.0,0.0,RUTINA,NULO,No descargada,2026-02-12 20:20:39,2026-02-13 04:30:43,NO
1770923161,2026-02-12 19:06:01,2026-02-12 16:06:01,Nevados de Chillan,VIIRS375,0.0,0.0,RUTINA,NULO,No descargada,2026-02-12 23:20:39,2026-02-13 05:00:43,NO
1770923161,2026-02-12 19:06:01,2026-02-12 16:06:01,PlanchonPeteroa,VIIRS,0.0,0.0,RUTINA,NULO,No descargada,2026-02-12 20:20:39,2026-02-13 04:30:43,NO
1770923161,2026-02-12 19:06:01,2026-02-12 16:06:01,Puyehue-Cordon Caulle,VIIRS375,0.0,0.0,RUTINA,NULO,No descargada,2026-02-12 23:20:39,2026-02-13 05:00:43,NO
1770923161,2026-02-12 19:06:01,2026-02-12 16:06:01,PlanchonPeteroa,VIIRS375,0.0,0.0,RUTINA,NULO,No descargada,2026-02-12 23:20:39,2026-02-13 05:00:43,NO
1770923161,2026-02-12 19:06:01,2026-02-12 16:06:01,Copahue,VIIRS375,0.0,0.0,RUTINA,NULO,No descargada,2026-02-12 23:20:39,2026-02-13 05:00:43,NO
1770923161,2026-02-12 19:06:01,2026-02-12 16:06:01,Chaiten,VIIRS,0.0,0.0,RUTINA,NULO,No descargada,2026-02-12 20:50:38,2026-02-13 04:30:43,NO
1770922080,2026-02-12 18:48:00,2026-02-12 15:48:00,Copahue,VIIRS375,0.0,0.0,RUTINA,NULO,No descargada,2026-02-12 22:20:38,2026-02-12 23:15:38,NO
1770922080,2026-02-12 18:48:00,2026-02-12 15:48:00,PlanchonPeteroa,VIIRS375,0.0,0.0,RUTINA,NULO,No descargada,2026-02-12 22:20:38,2026-02-12 23:15:38,NO
1770922080,2026-02-12 18:48:00,2026-02-12 15:48:00,Villarrica,VIIRS375,0.0,0.0,RUTINA,NULO,No descargada,2026-02-12 22:20:38,2026-02-12 23:15:38,NO
1770922080,2026-02-12 18:48:00,2026-02-12 15:48:00,Isluga,VIIRS375,0.0,0.0,RUTINA,NULO,No descargada,2026-02-12 22:20:38,2026-02-13 08:45:42,NO
1770922080,2026-02-12 18:48:00,2026-02-12 15:48:00,Llaima,VIIRS375,0.0,0.0,RUTINA,NULO,No descargada,2026-02-12 22:20:38,2026-02-12 23:15:38,NO
1770922080,2026-02-12 18:48:00,2026-02-12 15:48:00,Isluga,VIIRS,0.0,0.0,RUTINA,NULO,No descargada,2026-02-12 21:50:40,2026-02-13 06:30:43,NO
1770922080,2026-02-12 18:48:00,2026-02-12 15:48:00,Nevados de Chillan,VIIRS375,0.0,0.0,RUTINA,NULO,No descargada,2026-02-12 22:20:38,2026-02-12 23:15:38,NO
1770922080,2026-02-12 18:48:00,2026-02-12 15:48:00,Lascar,VIIRS375,0.0,0.0,RUTINA,NULO,No descargada,2026-02-12 22:20:38,2026-02-12 23:15:38,NO
1770922080,2026-02-12 18:48:00,2026-02-12 15:48:00,Lastarria,VIIRS375,0.0,0.0,RUTINA,NULO,No descargada,2026-02-12 22:20:38,2026-02-12 23:15:38,NO
1770921720,2026-02-12 18:42:00,2026-02-12 15:42:00,Chaiten,VIIRS375,0.0,0.0,RUTINA,NULO,No descargada,2026-02-12 22:20:38,2026-02-12 23:15:38,NO
1770917401,2026-02-12 17:30:01,2026-02-12 14:30:01,Isluga,VIIRS,0.0,0.0,RUTINA,NULO,No descargada,2026-02-12 18:35:40,2026-02-12 21:45:43,NO
1770917401,2026-02-12 17:30:01,2026-02-12 14:30:01,Lastarria,VIIRS375,0.0,0.0,RUTINA,NULO,No descargada,2026-02-12 19:50:41,2026-02-12 22:15:38,NO
1770917401,2026-02-12 17:30:01,2026-02-12 14:30:01,Lascar,VIIRS375,0.0,0.0,RUTINA,NULO,No descargada,2026-02-12 19:50:41,2026-02-12 22:15:38,NO
1770917401,2026-02-12 17:30:01,2026-02-12 14:30:01,Lascar,VIIRS,0.0,0.0,RUTINA,NULO,No descargada,2026-02-12 18:35:40,2026-02-12 20:45:40,NO
1770917401,2026-02-12 17:30:01,2026-02-12 14:30:01,Isluga,VIIRS375,0.0,0.0,RUTINA,NULO,No descargada,2026-02-12 19:50:41,2026-02-12 22:15:38,NO
1770917401,2026-02-12 17:30:01,2026-02-12 14:30:01,Lastarria,VIIRS,0.0,0.0,RUTINA,NULO,No descargada,2026-02-12 18:35:40,2026-02-12 20:45:40,NO
1770917041,2026-02-12 17:24:01,2026-02-12 14:24:01,Copahue,VIIRS,0.0,0.0,RUTINA,NULO,No descargada,2026-02-12 18:35:40,2026-02-12 20:15:41,NO
1770917041,2026-02-12 17:24:01,2026-02-12 14:24:01,PlanchonPeteroa,VIIRS375,0.0,0.0,RUTINA,NULO,No descargada,2026-02-12 19:35:42,2026-02-12 22:15:38,NO
1770917041,2026-02-12 17:24:01,2026-02-12 14:24:01,PlanchonPeteroa,VIIRS,0.0,0.0,RUTINA,NULO,No descargada,2026-02-12 18:35:40,2026-02-12 20:15:41,NO
1770917041,2026-02-12 17:24:01,2026-02-12 14:24:01,Nevados de Chillan,VIIRS,0.0,0.0,RUTINA,NULO,No descargada,2026-02-12 18:35:40,2026-02-12 20:15:41,NO
1770917041,2026-02-12 17:24:01,2026-02-12 14:24:01,Nevados de Chillan,VIIRS375,0.0,0.0,RUTINA,NULO,No descargada,2026-02-12 19:35:42,2026-02-12 22:15:38,NO
1770917041,2026-02-12 17:24:01,2026-02-12 14:24:01,Copahue,VIIRS375,0.0,0.0,RUTINA,NULO,No descargada,2026-02-12 19:50:41,2026-02-12 22:15:38,NO
1770901200,2026-02-12 13:00:00,2026-02-12 10:00:00,Puyehue-Cordon Caulle,MODIS,0.0,0.0,RUTINA,NULO,No descargada,2026-02-12 12:05:40,2026-02-12 18:30:40,NO
1770901200,2026-02-12 13:00:00,2026-02-12 10:00:00,Copahue,MODIS,0.0,0.0,RUTINA,NULO,No descargada,2026-02-12 12:05:40,2026-02-12 18:30:40,NO
1770901200,2026-02-12 13:00:00,2026-02-12 10:00:00,Nevados de Chillan,MODIS,0.0,0.0,RUTINA,NULO,No descargada,2026-02-12 12:05:40,2026-02-12 18:30:40,NO
1770901200,2026-02-12 13:00:00,2026-02-12 10:00:00,Chaiten,MODIS,0.0,0.0,RUTINA,NULO,No descargada,2026-02-12 12:05:40,2026-02-12 18:30:40,NO
1770901200,2026-02-12 13:00:00,2026-02-12 10:00:00,Villarrica,MODIS,0.0,0.0,RUTINA,NULO,No descargada,2026-02-12 12:05:40,2026-02-12 18:30:40,NO
1770901200,2026-02-12 13:00:00,2026-02-12 10:00:00,Llaima,MODIS,0.0,0.0,RUTINA,NULO,No descargada,2026-02-12 12:05:40,2026-02-12 18:30:40,NO
1770900900,2026-02-12 12:55:00,2026-02-12 09:55:00,Isluga,MODIS,0.0,0.0,RUTINA,NULO,No descargada,2026-02-12 12:35:39,2026-02-13 00:15:40,NO
1770900900,2026-02-12 12:55:00,2026-02-12 09:55:00,Lascar,MODIS,0.0,0.0,RUTINA,NULO,No descargada,2026-02-12 12:35:39,2026-02-13 00:15:40,NO
1770900900,2026-02-12 12:55:00,2026-02-12 09:55:00,PlanchonPeteroa,MODIS,0.0,0.0,RUTINA,NULO,No descargada,2026-02-12 12:35:39,2026-02-12 18:30:40,NO
1770900900,2026-02-12 12:55:00,2026-02-12 09:55:00,Lastarria,MODIS,0.0,0.0,RUTINA,NULO,No descargada,2026-02-12 12:35:39,2026-02-13 08:45:42,NO
1770882300,2026-02-12 07:45:00,2026-02-12 04:45:00,Chaiten,MODIS,0.0,0.0,RUTINA,NULO,No descargada,2026-02-12 07:05:38,2026-02-12 12:00:45,NO
1770882000,2026-02-12 07:40:00,2026-02-12 04:40:00,Copahue,MODIS,0.0,0.0,RUTINA,NULO,No descargada,2026-02-12 07:05:38,2026-02-12 12:00:45,NO
1770882000,2026-02-12 07:40:00,2026-02-12 04:40:00,Llaima,MODIS,0.0,0.0,RUTINA,NULO,No descargada,2026-02-12 07:05:38,2026-02-12 12:00:45,NO
1770882000,2026-02-12 07:40:00,2026-02-12 04:40:00,Villarrica,MODIS,0.0,0.0,RUTINA,NULO,No descargada,2026-02-12 07:05:38,2026-02-12 12:00:45,NO
1770882000,2026-02-12 07:40:00,2026-02-12 04:40:00,Puyehue-Cordon Caulle,MODIS,0.0,0.0,RUTINA,NULO,No descargada,2026-02-12 07:05:38,2026-02-12 12:00:45,NO
1770882000,2026-02-12 07:40:00,2026-02-12 04:40:00,Lastarria,MODIS,0.0,0.0,RUTINA,NULO,No descargada,2026-02-12 07:05:38,2026-02-12 12:30:40,NO
1770882000,2026-02-12 07:40:00,2026-02-12 04:40:00,PlanchonPeteroa,MODIS,0.0,0.0,RUTINA,NULO,No descargada,2026-02-12 07:05:38,2026-02-12 12:30:40,NO
1770882000,2026-02-12 07:40:00,2026-02-12 04:40:00,Nevados de Chillan,MODIS,0.0,0.0,RUTINA,NULO,No descargada,2026-02-12 07:05:38,2026-02-12 12:00:45,NO
1770881700,2026-02-12 07:35:00,2026-02-12 04:35:00,Lascar,MODIS,2.96,1.41,ALERTA_TERMICA,Bajo,imagenes_satelitales/Lascar/2026-02-12/07-35-00_Lascar_MODIS_Latest.png,2026-02-12 07:35:35,2026-02-12 12:30:40,NO
1770881700,2026-02-12 07:35:00,2026-02-12 04:35:00,Isluga,MODIS,0.0,0.0,RUTINA,NULO,No descargada,2026-02-12 07:35:35,2026-02-12 12:30:40,NO
1770878881,2026-02-12 06:48:01,2026-02-12 03:48:01,Llaima,VIIRS375,0.0,0.0,RUTINA,NULO,No descargada,2026-02-12 06:50:39,2026-02-12 22:15:38,NO
1770878881,2026-02-12 06:48:01,2026-02-12 03:48:01,Chaiten,VIIRS375,0.0,0.0,RUTINA,NULO,No descargada,2026-02-12 06:50:39,2026-02-12 22:15:38,NO
1770878881,2026-02-12 06:48:01,2026-02-12 03:48:01,Copahue,VIIRS375,0.0,0.0,RUTINA,NULO,No descargada,2026-02-12 06:50:39,2026-02-12 19:45:40,NO
1770878881,2026-02-12 06:48:01,2026-02-12 03:48:01,Nevados de Chillan,VIIRS,0.0,0.0,RUTINA,NULO,No descargada,2026-02-12 06:35:38,2026-02-12 18:30:40,NO
1770878881,2026-02-12 06:48:01,2026-02-12 03:48:01,PlanchonPeteroa,VIIRS375,0.0,0.0,RUTINA,NULO,No descargada,2026-02-12 06:50:39,2026-02-12 19:30:39,NO
1770878881,2026-02-12 06:48:01,2026-02-12 03:48:01,PlanchonPeteroa,VIIRS,0.0,0.0,RUTINA,NULO,No descargada,2026-02-12 06:35:38,2026-02-12 18:30:40,NO
1770878881,2026-02-12 06:48:01,2026-02-12 03:48:01,Villarrica,VIIRS375,0.0,0.0,RUTINA,NULO,No descargada,2026-02-12 06:50:39,2026-02-12 22:15:38,NO
1770878881,2026-02-12 06:48:01,2026-02-12 03:48:01,Puyehue-Cordon Caulle,VIIRS375,0.0,0.0,RUTINA,NULO,No descargada,2026-02-12 06:50:39,2026-02-12 23:00:40,NO
1770878881,2026-02-12 06:48:01,2026-02-12 03:48:01,Nevados de Chillan,VIIRS375,0.0,0.0,RUTINA,NULO,No descargada,2026-02-12 06:50:39,2026-02-12 19:30:39,NO
1770878881,2026-02-12 06:48:01,2026-02-12 03:48:01,Copahue,VIIRS,0.0,0.0,RUTINA,NULO,No descargada,2026-02-12 06:35:38,2026-02-12 18:30:40,NO
1770878881,2026-02-12 06:48:01,2026-02-12 03:48:01,Chaiten,VIIRS,0.0,0.0,RUTINA,NULO,No descargada,2026-02-12 06:35:38,2026-02-12 20:45:40,NO
1770878881,2026-02-12 06:48:01,2026-02-12 03:48:01,Llaima,VIIRS,0.0,0.0,RUTINA,NULO,No descargada,2026-02-12 06:35:38,2026-02-12 20:15:41,NO
1770878881,2026-02-12 06:48:01,2026-02-12 03:48:01,Puyehue-Cordon Caulle,VIIRS,0.0,0.0,RUTINA,NULO,No descargada,2026-02-12 06:35:38,2026-02-12 20:45:40,NO
1770878881,2026-02-12 06:48:01,2026-02-12 03:48:01,Villarrica,VIIRS,0.0,0.0,RUTINA,NULO,No descargada,2026-02-12 06:35:38,2026-02-12 20:15:41,NO
1770878521,2026-02-12 06:42:01,2026-02-12 03:42:01,Isluga,VIIRS375,0.0,0.0,RUTINA,NULO,No descargada,2026-02-12 07:05:38,2026-02-12 19:45:40,NO
1770878521,2026-02-12 06:42:01,2026-02-12 03:42:01,Isluga,VIIRS,0.0,0.0,RUTINA,NULO,No descargada,2026-02-12 06:35:38,2026-02-12 18:30:40,NO
1770877440,2026-02-12 06:24:00,2026-02-12 03:24:00,Lascar,VIIRS375,0.34,1.19,ALERTA_TERMICA,Muy Bajo,imagenes_satelitales/Lascar/2026-02-12/06-24-00_Lascar_VIIRS375_Latest.png,2026-02-12 07:35:35,2026-02-12 19:45:40,NO
1770877440,2026-02-12 06:24:00,2026-02-12 03:24:00,Lastarria,VIIRS,0.0,0.0,RUTINA,NULO,No descargada,2026-02-12 07:05:38,2026-02-12 18:30:40,NO
1770877440,2026-02-12 06:24:00,2026-02-12 03:24:00,Lascar,VIIRS,0.15,1.5,ALERTA_TERMICA,Muy Bajo,imagenes_satelitales/Lascar/2026-02-12/06-24-00_Lascar_VIIRS750_Latest.png,2026-02-12 07:05:38,2026-02-12 18:30:40,NO
1770877440,2026-02-12 06:24:00,2026-02-12 03:24:00,Lastarria,VIIRS375,0.07,1.55,ALERTA_TERMICA,Muy Bajo,imagenes_satelitales/Lastarria/2026-02-12/06-24-00_Lastarria_VIIRS375_Latest.png,2026-02-12 07:35:35,2026-02-12 19:45:40,NO
1770872761,2026-02-12 05:06:01,2026-02-12 02:06:01,Llaima,VIIRS,0.0,0.0,RUTINA,NULO,No descargada,2026-02-12 04:20:37,2026-02-12 06:30:42,NO
1770872761,2026-02-12 05:06:01,2026-02-12 02:06:01,PlanchonPeteroa,VIIRS,0.0,0.0,RUTINA,NULO,No descargada,2026-02-12 04:20:37,2026-02-12 06:30:42,NO
1770872761,2026-02-12 05:06:01,2026-02-12 02:06:01,Copahue,VIIRS375,0.0,0.0,RUTINA,NULO,No descargada,2026-02-12 04:50:33,2026-02-12 06:45:40,NO
1770872761,2026-02-12 05:06:01,2026-02-12 02:06:01,Puyehue-Cordon Caulle,VIIRS375,0.0,0.0,RUTINA,NULO,No descargada,2026-02-12 04:50:33,2026-02-12 06:45:40,NO
1770872761,2026-02-12 05:06:01,2026-02-12 02:06:01,Chaiten,VIIRS375,0.0,0.0,RUTINA,NULO,No descargada,2026-02-12 04:50:33,2026-02-12 06:45:40,NO
1770872761,2026-02-12 05:06:01,2026-02-12 02:06:01,Chaiten,VIIRS,0.0,0.0,RUTINA,NULO,No descargada,2026-02-12 04:20:37,2026-02-12 06:30:42,NO
1770872761,2026-02-12 05:06:01,2026-02-12 02:06:01,Copahue,VIIRS,0.0,0.0,RUTINA,NULO,No descargada,2026-02-12 04:20:37,2026-02-12 06:30:42,NO
1770872761,2026-02-12 05:06:01,2026-02-12 02:06:01,PlanchonPeteroa,VIIRS375,0.0,0.0,RUTINA,NULO,No descargada,2026-02-12 04:50:33,2026-02-12 06:45:40,NO
1770872761,2026-02-12 05:06:01,2026-02-12 02:06:01,Villarrica,VIIRS375,0.0,0.0,RUTINA,NULO,No descargada,2026-02-12 04:50:33,2026-02-12 06:45:40,NO
1770872761,2026-02-12 05:06:01,2026-02-12 02:06:01,Nevados de Chillan,VIIRS375,0.0,0.0,RUTINA,NULO,No descargada,2026-02-12 04:50:33,2026-02-12 06:45:40,NO
1770872761,2026-02-12 05:06:01,2026-02-12 02:06:01,Villarrica,VIIRS,0.0,0.0,RUTINA,NULO,No descargada,2026-02-12 04:20:37,2026-02-12 06:30:42,NO
1770872761,2026-02-12 05:06:01,2026-02-12 02:06:01,Nevados de Chillan,VIIRS,0.0,0.0,RUTINA,NULO,No descargada,2026-02-12 04:20:37,2026-02-12 06:30:42,NO
1770872761,2026-02-12 05:06:01,2026-02-12 02:06:01,Llaima,VIIRS375,0.0,0.0,RUTINA,NULO,No descargada,2026-02-12 04:50:33,2026-02-12 06:45:40,NO
1770872761,2026-02-12 05:06:01,2026-02-12 02:06:01,Puyehue-Cordon Caulle,VIIRS,0.0,0.0,RUTINA,NULO,No descargada,2026-02-12 04:20:37,2026-02-12 06:30:42,NO
1770872401,2026-02-12 05:00:01,2026-02-12 02:00:01,Lastarria,VIIRS375,0.0,0.0,RUTINA,NULO,No descargada,2026-02-12 04:50:33,2026-02-12 07:30:42,NO
1770872401,2026-02-12 05:00:01,2026-02-12 02:00:01,Isluga,VIIRS,0.0,0.0,RUTINA,NULO,No descargada,2026-02-12 04:50:33,2026-02-12 06:30:42,NO
1770872401,2026-02-12 05:00:01,2026-02-12 02:00:01,Lascar,VIIRS,0.68,2.25,ALERTA_TERMICA,Muy Bajo,imagenes_satelitales/Lascar/2026-02-12/05-00-01_Lascar_VIIRS750_Latest.png,2026-02-12 04:50:33,2026-02-12 07:00:41,NO
1770872401,2026-02-12 05:00:01,2026-02-12 02:00:01,Isluga,VIIRS375,0.0,0.0,RUTINA,NULO,No descargada,2026-02-12 04:35:38,2026-02-12 07:00:41,NO
1770872401,2026-02-12 05:00:01,2026-02-12 02:00:01,Lastarria,VIIRS,0.0,0.0,RUTINA,NULO,No descargada,2026-02-12 04:50:33,2026-02-12 07:00:41,NO
1770872401,2026-02-12 05:00:01,2026-02-12 02:00:01,Lascar,VIIRS375,1.17,18.97,FALSO_POSITIVO,NULO,No descargada,2026-02-12 04:35:38,2026-02-12 07:30:42,NO
1770861600,2026-02-12 02:00:00,2026-02-11 23:00:00,Lastarria,MODIS,0.0,0.0,RUTINA,NULO,No descargada,2026-02-12 02:20:40,2026-02-12 07:00:41,NO
1770861600,2026-02-12 02:00:00,2026-02-11 23:00:00,Isluga,MODIS,0.0,0.0,RUTINA,NULO,No descargada,2026-02-12 02:20:40,2026-02-12 07:30:42,NO
1770861600,2026-02-12 02:00:00,2026-02-11 23:00:00,Lascar,MODIS,2.3,1.41,ALERTA_TERMICA,Bajo,imagenes_satelitales/Lascar/2026-02-12/02-00-00_Lascar_MODIS_Latest.png,2026-02-12 02:20:40,2026-02-12 07:30:42,NO
1770861300,2026-02-12 01:55:00,2026-02-11 22:55:00,Nevados de Chillan,MODIS,0.0,0.0,RUTINA,NULO,No descargada,2026-02-12 00:20:38,2026-02-12 07:00:41,NO
1770861300,2026-02-12 01:55:00,2026-02-11 22:55:00,Puyehue-Cordon Caulle,MODIS,0.0,0.0,RUTINA,NULO,No descargada,2026-02-12 00:20:38,2026-02-12 07:00:41,NO
1770861300,2026-02-12 01:55:00,2026-02-11 22:55:00,Villarrica,MODIS,0.0,0.0,RUTINA,NULO,No descargada,2026-02-12 00:20:38,2026-02-12 07:00:41,NO
1770861300,2026-02-12 01:55:00,2026-02-11 22:55:00,Chaiten,MODIS,0.0,0.0,RUTINA,NULO,No descargada,2026-02-12 00:20:38,2026-02-12 07:00:41,NO
1770861300,2026-02-12 01:55:00,2026-02-11 22:55:00,Copahue,MODIS,0.0,0.0,RUTINA,NULO,No descargada,2026-02-12 00:20:38,2026-02-12 07:00:41,NO
1770861300,2026-02-12 01:55:00,2026-02-11 22:55:00,PlanchonPeteroa,MODIS,0.0,0.0,RUTINA,NULO,No descargada,2026-02-12 00:20:38,2026-02-12 07:00:41,NO
1770861300,2026-02-12 01:55:00,2026-02-11 22:55:00,Llaima,MODIS,0.0,0.0,RUTINA,NULO,No descargada,2026-02-12 00:20:38,2026-02-12 07:00:41,NO
1770842700,2026-02-11 20:45:00,2026-02-11 17:45:00,Lastarria,MODIS,0.0,0.0,RUTINA,NULO,No descargada,2026-02-11 19:35:36,2026-02-12 02:15:38,NO
1770842400,2026-02-11 20:40:00,2026-02-11 17:40:00,Copahue,MODIS,0.0,0.0,RUTINA,NULO,No descargada,2026-02-11 19:35:36,2026-02-12 00:15:41,NO
1770842400,2026-02-11 20:40:00,2026-02-11 17:40:00,Llaima,MODIS,0.0,0.0,RUTINA,NULO,No descargada,2026-02-11 19:35:36,2026-02-12 00:15:41,NO
1770842400,2026-02-11 20:40:00,2026-02-11 17:40:00,PlanchonPeteroa,MODIS,0.0,0.0,RUTINA,NULO,No descargada,2026-02-11 19:35:36,2026-02-12 00:15:41,NO
1770842400,2026-02-11 20:40:00,2026-02-11 17:40:00,Nevados de Chillan,MODIS,0.0,0.0,RUTINA,NULO,No descargada,2026-02-11 19:35:36,2026-02-12 00:15:41,NO
1770842400,2026-02-11 20:40:00,2026-02-11 17:40:00,Villarrica,MODIS,0.0,0.0,RUTINA,NULO,No descargada,2026-02-11 19:35:36,2026-02-12 00:15:41,NO
1770842400,2026-02-11 20:40:00,2026-02-11 17:40:00,Chaiten,MODIS,0.0,0.0,RUTINA,NULO,No descargada,2026-02-11 19:35:36,2026-02-12 00:15:41,NO
1770842400,2026-02-11 20:40:00,2026-02-11 17:40:00,Puyehue-Cordon Caulle,MODIS,0.0,0.0,RUTINA,NULO,No descargada,2026-02-11 19:35:36,2026-02-12 00:15:41,NO
1770837841,2026-02-11 19:24:01,2026-02-11 16:24:01,Llaima,VIIRS375,0.0,0.0,RUTINA,NULO,No descargada,2026-02-11 20:05:39,2026-02-12 04:45:36,NO
1770837841,2026-02-11 19:24:01,2026-02-11 16:24:01,Nevados de Chillan,VIIRS375,0.0,0.0,RUTINA,NULO,No descargada,2026-02-11 20:05:39,2026-02-12 04:45:36,NO
1770837841,2026-02-11 19:24:01,2026-02-11 16:24:01,Chaiten,VIIRS375,0.0,0.0,RUTINA,NULO,No descargada,2026-02-11 20:05:39,2026-02-12 04:45:36,NO
1770837841,2026-02-11 19:24:01,2026-02-11 16:24:01,Villarrica,VIIRS375,0.0,0.0,RUTINA,NULO,No descargada,2026-02-11 20:05:39,2026-02-12 04:45:36,NO
1770837841,2026-02-11 19:24:01,2026-02-11 16:24:01,PlanchonPeteroa,VIIRS,0.0,0.0,RUTINA,NULO,No descargada,2026-02-11 19:35:36,2026-02-12 04:15:35,NO
1770837841,2026-02-11 19:24:01,2026-02-11 16:24:01,Llaima,VIIRS,0.0,0.0,RUTINA,NULO,No descargada,2026-02-11 19:35:36,2026-02-12 04:15:35,NO
1770837841,2026-02-11 19:24:01,2026-02-11 16:24:01,Nevados de Chillan,VIIRS,0.0,0.0,RUTINA,NULO,No descargada,2026-02-11 19:35:36,2026-02-12 04:15:35,NO
1770837841,2026-02-11 19:24:01,2026-02-11 16:24:01,Villarrica,VIIRS,0.0,0.0,RUTINA,NULO,No descargada,2026-02-11 19:35:36,2026-02-12 04:15:35,NO
1770837841,2026-02-11 19:24:01,2026-02-11 16:24:01,PlanchonPeteroa,VIIRS375,0.0,0.0,RUTINA,NULO,No descargada,2026-02-11 20:05:39,2026-02-12 04:45:36,NO
1770837841,2026-02-11 19:24:01,2026-02-11 16:24:01,Copahue,VIIRS,0.0,0.0,RUTINA,NULO,No descargada,2026-02-11 19:35:36,2026-02-12 04:15:35,NO
1770837841,2026-02-11 19:24:01,2026-02-11 16:24:01,Copahue,VIIRS375,0.0,0.0,RUTINA,NULO,No descargada,2026-02-11 20:05:39,2026-02-12 04:45:36,NO
1770837841,2026-02-11 19:24:01,2026-02-11 16:24:01,Puyehue-Cordon Caulle,VIIRS,0.0,0.0,RUTINA,NULO,No descargada,2026-02-11 19:35:36,2026-02-12 04:15:35,NO
1770837841,2026-02-11 19:24:01,2026-02-11 16:24:01,Puyehue-Cordon Caulle,VIIRS375,0.0,0.0,RUTINA,NULO,No descargada,2026-02-11 20:05:39,2026-02-12 04:45:36,NO
1770837841,2026-02-11 19:24:01,2026-02-11 16:24:01,Chaiten,VIIRS,0.0,0.0,RUTINA,NULO,No descargada,2026-02-11 19:35:36,2026-02-12 04:15:35,NO
1770837120,2026-02-11 19:12:00,2026-02-11 16:12:00,Isluga,VIIRS,0.0,0.0,RUTINA,NULO,No descargada,2026-02-11 18:50:40,2026-02-12 04:45:36,NO
1770837120,2026-02-11 19:12:00,2026-02-11 16:12:00,Isluga,VIIRS375,0.0,0.0,RUTINA,NULO,No descargada,2026-02-11 19:35:36,2026-02-12 04:30:41,NO
1770836760,2026-02-11 19:06:00,2026-02-11 16:06:00,Copahue,VIIRS,0.0,0.0,RUTINA,NULO,No descargada,2026-02-11 18:50:40,2026-02-11 19:30:40,NO
1770836760,2026-02-11 19:06:00,2026-02-11 16:06:00,Llaima,VIIRS375,0.0,0.0,RUTINA,NULO,No descargada,2026-02-11 19:35:36,2026-02-11 20:00:43,NO
1770836760,2026-02-11 19:06:00,2026-02-11 16:06:00,Lastarria,VIIRS375,0.0,0.0,RUTINA,NULO,No descargada,2026-02-11 19:35:36,2026-02-12 04:45:36,NO
1770836760,2026-02-11 19:06:00,2026-02-11 16:06:00,Llaima,VIIRS,0.0,0.0,RUTINA,NULO,No descargada,2026-02-11 18:50:40,2026-02-11 19:30:40,NO
1770836760,2026-02-11 19:06:00,2026-02-11 16:06:00,Villarrica,VIIRS,0.0,0.0,RUTINA,NULO,No descargada,2026-02-11 18:50:40,2026-02-11 19:30:40,NO
1770836760,2026-02-11 19:06:00,2026-02-11 16:06:00,Lastarria,VIIRS,0.0,0.0,RUTINA,NULO,No descargada,2026-02-11 18:50:40,2026-02-12 04:45:36,NO
1770836760,2026-02-11 19:06:00,2026-02-11 16:06:00,Villarrica,VIIRS375,0.0,0.0,RUTINA,NULO,No descargada,2026-02-11 19:35:36,2026-02-11 20:00:43,NO
1770836760,2026-02-11 19:06:00,2026-02-11 16:06:00,PlanchonPeteroa,VIIRS,0.0,0.0,RUTINA,NULO,No descargada,2026-02-11 18:50:40,2026-02-11 19:30:40,NO
1770836760,2026-02-11 19:06:00,2026-02-11 16:06:00,Chaiten,VIIRS375,0.0,0.0,RUTINA,NULO,No descargada,2026-02-11 19:35:36,2026-02-11 20:00:43,NO
1770836760,2026-02-11 19:06:00,2026-02-11 16:06:00,Nevados de Chillan,VIIRS,0.0,0.0,RUTINA,NULO,No descargada,2026-02-11 18:50:40,2026-02-11 19:30:40,NO
1770836760,2026-02-11 19:06:00,2026-02-11 16:06:00,Puyehue-Cordon Caulle,VIIRS,0.0,0.0,RUTINA,NULO,No descargada,2026-02-11 18:50:40,2026-02-11 19:30:40,NO
1770836760,2026-02-11 19:06:00,2026-02-11 16:06:00,PlanchonPeteroa,VIIRS375,0.0,0.0,RUTINA,NULO,No descargada,2026-02-11 19:35:36,2026-02-11 20:00:43,NO
1770836760,2026-02-11 19:06:00,2026-02-11 16:06:00,Chaiten,VIIRS,0.0,0.0,RUTINA,NULO,No descargada,2026-02-11 18:50:40,2026-02-11 19:30:40,NO
1770836760,2026-02-11 19:06:00,2026-02-11 16:06:00,Lascar,VIIRS375,0.0,0.0,RUTINA,NULO,No descargada,2026-02-11 19:35:36,2026-02-12 04:30:41,NO
1770836760,2026-02-11 19:06:00,2026-02-11 16:06:00,Puyehue-Cordon Caulle,VIIRS375,0.0,0.0,RUTINA,NULO,No descargada,2026-02-11 19:35:36,2026-02-11 20:00:43,NO
1770836760,2026-02-11 19:06:00,2026-02-11 16:06:00,Nevados de Chillan,VIIRS375,0.0,0.0,RUTINA,NULO,No descargada,2026-02-11 19:35:36,2026-02-11 20:00:43,NO
1770836760,2026-02-11 19:06:00,2026-02-11 16:06:00,Copahue,VIIRS375,0.0,0.0,RUTINA,NULO,No descargada,2026-02-11 19:35:36,2026-02-11 20:00:43,NO
1770836760,2026-02-11 19:06:00,2026-02-11 16:06:00,Lascar,VIIRS,0.0,0.0,RUTINA,NULO,No descargada,2026-02-11 18:50:40,2026-02-12 04:45:36,NO
1770832081,2026-02-11 17:48:01,2026-02-11 14:48:01,PlanchonPeteroa,VIIRS375,0.0,0.0,RUTINA,NULO,No descargada,2026-02-11 18:50:40,2026-02-11 19:30:40,NO
1770832081,2026-02-11 17:48:01,2026-02-11 14:48:01,Isluga,VIIRS375,0.0,0.0,RUTINA,NULO,No descargada,2026-02-11 18:50:40,2026-02-11 19:30:40,NO
1770832081,2026-02-11 17:48:01,2026-02-11 14:48:01,Lascar,VIIRS375,0.0,0.0,RUTINA,NULO,No descargada,2026-02-11 18:50:40,2026-02-11 19:30:40,NO
1770832081,2026-02-11 17:48:01,2026-02-11 14:48:01,Isluga,VIIRS,0.0,0.0,RUTINA,NULO,No descargada,2026-02-11 17:50:36,2026-02-11 18:45:39,NO
1770832081,2026-02-11 17:48:01,2026-02-11 14:48:01,Lascar,VIIRS,0.0,0.0,RUTINA,NULO,No descargada,2026-02-11 17:50:36,2026-02-11 18:45:39,NO
1770832081,2026-02-11 17:48:01,2026-02-11 14:48:01,PlanchonPeteroa,VIIRS,0.0,0.0,RUTINA,NULO,No descargada,2026-02-11 17:50:36,2026-02-11 18:45:39,NO
1770832081,2026-02-11 17:48:01,2026-02-11 14:48:01,Lastarria,VIIRS375,0.0,0.0,RUTINA,NULO,No descargada,2026-02-11 18:50:40,2026-02-11 19:30:40,NO
1770832081,2026-02-11 17:48:01,2026-02-11 14:48:01,Lastarria,VIIRS,0.0,0.0,RUTINA,NULO,No descargada,2026-02-11 17:50:36,2026-02-11 18:45:39,NO
1770831721,2026-02-11 17:42:01,2026-02-11 14:42:01,Chaiten,VIIRS,0.0,0.0,RUTINA,NULO,No descargada,2026-02-11 17:50:36,2026-02-11 18:45:39,NO
1770831721,2026-02-11 17:42:01,2026-02-11 14:42:01,Copahue,VIIRS375,4.22,25.38,FALSO_POSITIVO,NULO,No descargada,2026-02-11 18:50:40,2026-02-11 19:30:40,NO
1770831721,2026-02-11 17:42:01,2026-02-11 14:42:01,Puyehue-Cordon Caulle,VIIRS,0.0,0.0,RUTINA,NULO,No descargada,2026-02-11 17:50:36,2026-02-11 18:45:39,NO
1770831721,2026-02-11 17:42:01,2026-02-11 14:42:01,Llaima,VIIRS375,0.0,0.0,RUTINA,NULO,No descargada,2026-02-11 18:50:40,2026-02-11 19:30:40,NO
1770831721,2026-02-11 17:42:01,2026-02-11 14:42:01,Chaiten,VIIRS375,0.0,0.0,RUTINA,NULO,No descargada,2026-02-11 18:50:40,2026-02-11 19:30:40,NO
1770831721,2026-02-11 17:42:01,2026-02-11 14:42:01,Copahue,VIIRS,0.0,0.0,RUTINA,NULO,No descargada,2026-02-11 17:50:36,2026-02-11 18:45:39,NO
1770831721,2026-02-11 17:42:01,2026-02-11 14:42:01,Villarrica,VIIRS375,0.0,0.0,RUTINA,NULO,No descargada,2026-02-11 18:50:40,2026-02-11 19:30:40,NO
1770831721,2026-02-11 17:42:01,2026-02-11 14:42:01,Villarrica,VIIRS,0.0,0.0,RUTINA,NULO,No descargada,2026-02-11 17:50:36,2026-02-11 18:45:39,NO
1770831721,2026-02-11 17:42:01,2026-02-11 14:42:01,Puyehue-Cordon Caulle,VIIRS375,0.0,0.0,RUTINA,NULO,No descargada,2026-02-11 18:50:40,2026-02-11 19:30:40,NO
1770831721,2026-02-11 17:42:01,2026-02-11 14:42:01,Llaima,VIIRS,0.0,0.0,RUTINA,NULO,No descargada,2026-02-11 17:50:36,2026-02-11 18:45:39,NO
1770831000,2026-02-11 17:30:00,2026-02-11 14:30:00,Isluga,VIIRS375,0.0,0.0,RUTINA,NULO,No descargada,2026-02-11 18:05:37,2026-02-11 18:45:39,NO
1770831000,2026-02-11 17:30:00,2026-02-11 14:30:00,Lascar,VIIRS,0.0,0.0,RUTINA,NULO,No descargada,2026-02-11 17:35:40,2026-02-11 17:45:38,NO
1770831000,2026-02-11 17:30:00,2026-02-11 14:30:00,Isluga,VIIRS,0.0,0.0,RUTINA,NULO,No descargada,2026-02-11 17:35:40,2026-02-11 17:45:38,NO
1770831000,2026-02-11 17:30:00,2026-02-11 14:30:00,Lastarria,VIIRS375,0.0,0.0,RUTINA,NULO,No descargada,2026-02-11 18:05:37,2026-02-11 18:45:39,NO
1770831000,2026-02-11 17:30:00,2026-02-11 14:30:00,Lastarria,VIIRS,0.0,0.0,RUTINA,NULO,No descargada,2026-02-11 17:35:40,2026-02-11 17:45:38,NO
1770831000,2026-02-11 17:30:00,2026-02-11 14:30:00,Lascar,VIIRS375,0.0,0.0,RUTINA,NULO,No descargada,2026-02-11 18:05:37,2026-02-11 18:45:39,NO
1770818400,2026-02-11 14:00:00,2026-02-11 11:00:00,Chaiten,MODIS,0.0,0.0,RUTINA,NULO,No descargada,2026-02-11 12:35:47,2026-02-11 19:30:40,NO
1770818400,2026-02-11 14:00:00,2026-02-11 11:00:00,Puyehue-Cordon Caulle,MODIS,0.0,0.0,RUTINA,NULO,No descargada,2026-02-11 12:35:47,2026-02-11 19:30:40,NO
1770818100,2026-02-11 13:55:00,2026-02-11 10:55:00,Copahue,MODIS,0.0,0.0,RUTINA,NULO,No descargada,2026-02-11 12:20:41,2026-02-11 19:30:40,NO
1770818100,2026-02-11 13:55:00,2026-02-11 10:55:00,Lastarria,MODIS,0.0,0.0,RUTINA,NULO,No descargada,2026-02-11 12:20:41,2026-02-11 19:30:40,NO
1770818100,2026-02-11 13:55:00,2026-02-11 10:55:00,Villarrica,MODIS,0.0,0.0,RUTINA,NULO,No descargada,2026-02-11 12:20:41,2026-02-11 19:30:40,NO
1770818100,2026-02-11 13:55:00,2026-02-11 10:55:00,Nevados de Chillan,MODIS,0.0,0.0,RUTINA,NULO,No descargada,2026-02-11 12:20:41,2026-02-11 19:30:40,NO
1770818100,2026-02-11 13:55:00,2026-02-11 10:55:00,Lascar,MODIS,0.0,0.0,RUTINA,NULO,No descargada,2026-02-11 12:05:44,2026-02-12 02:15:38,NO
1770818100,2026-02-11 13:55:00,2026-02-11 10:55:00,Llaima,MODIS,0.0,0.0,RUTINA,NULO,No descargada,2026-02-11 12:20:41,2026-02-11 19:30:40,NO
1770818100,2026-02-11 13:55:00,2026-02-11 10:55:00,PlanchonPeteroa,MODIS,0.0,0.0,RUTINA,NULO,No descargada,2026-02-11 12:20:41,2026-02-11 19:30:40,NO
1770817800,2026-02-11 13:50:00,2026-02-11 10:50:00,Isluga,MODIS,0.0,0.0,RUTINA,NULO,No descargada,2026-02-11 12:05:44,2026-02-12 02:15:38,NO
1770812400,2026-02-11 12:20:00,2026-02-11 09:20:00,Chaiten,MODIS,0.0,0.0,RUTINA,NULO,No descargada,2026-02-11 10:35:42,2026-02-11 12:30:44,NO
1770793500,2026-02-11 07:05:00,2026-02-11 04:05:00,Villarrica,MODIS,0.0,0.0,RUTINA,NULO,No descargada,2026-02-11 06:50:40,2026-02-11 12:15:44,NO
1770793500,2026-02-11 07:05:00,2026-02-11 04:05:00,Chaiten,MODIS,0.0,0.0,RUTINA,NULO,No descargada,2026-02-11 06:50:40,2026-02-11 10:30:41,NO
1770793500,2026-02-11 07:05:00,2026-02-11 04:05:00,PlanchonPeteroa,MODIS,0.0,0.0,RUTINA,NULO,No descargada,2026-02-11 06:50:40,2026-02-11 12:15:44,NO
1770793500,2026-02-11 07:05:00,2026-02-11 04:05:00,Nevados de Chillan,MODIS,0.0,0.0,RUTINA,NULO,No descargada,2026-02-11 06:50:40,2026-02-11 12:15:44,NO
1770793500,2026-02-11 07:05:00,2026-02-11 04:05:00,Llaima,MODIS,0.0,0.0,RUTINA,NULO,No descargada,2026-02-11 06:50:40,2026-02-11 12:15:44,NO
1770793500,2026-02-11 07:05:00,2026-02-11 04:05:00,Puyehue-Cordon Caulle,MODIS,0.0,0.0,RUTINA,NULO,No descargada,2026-02-11 06:50:40,2026-02-11 12:30:44,NO
1770793500,2026-02-11 07:05:00,2026-02-11 04:05:00,Copahue,MODIS,0.0,0.0,RUTINA,NULO,No descargada,2026-02-11 06:50:40,2026-02-11 12:15:44,NO
1770793200,2026-02-11 07:00:00,2026-02-11 04:00:00,Isluga,MODIS,0.0,0.0,RUTINA,NULO,No descargada,2026-02-11 06:50:40,2026-02-11 12:00:57,NO
1770793200,2026-02-11 07:00:00,2026-02-11 04:00:00,Lastarria,MODIS,0.0,0.0,RUTINA,NULO,No descargada,2026-02-11 06:50:40,2026-02-11 12:15:44,NO
1770793200,2026-02-11 07:00:00,2026-02-11 04:00:00,Lascar,MODIS,0.48,1.41,ALERTA_TERMICA,Muy Bajo,imagenes_satelitales/Lascar/2026-02-11/07-00-00_Lascar_MODIS_Latest.png,2026-02-11 06:50:40,2026-02-11 12:00:57,NO
1770792480,2026-02-11 06:48:00,2026-02-11 03:48:00,Llaima,VIIRS375,0.0,0.0,RUTINA,NULO,No descargada,2026-02-11 08:20:42,2026-02-11 18:45:39,NO
1770792480,2026-02-11 06:48:00,2026-02-11 03:48:00,Chaiten,VIIRS,0.0,0.0,RUTINA,NULO,No descargada,2026-02-11 07:20:42,2026-02-11 17:45:38,NO
1770792480,2026-02-11 06:48:00,2026-02-11 03:48:00,Villarrica,VIIRS375,0.0,0.0,RUTINA,NULO,No descargada,2026-02-11 08:20:42,2026-02-11 18:45:39,NO
1770792480,2026-02-11 06:48:00,2026-02-11 03:48:00,Copahue,VIIRS,0.0,0.0,RUTINA,NULO,No descargada,2026-02-11 07:20:42,2026-02-11 17:45:38,NO
1770792480,2026-02-11 06:48:00,2026-02-11 03:48:00,Llaima,VIIRS,0.0,0.0,RUTINA,NULO,No descargada,2026-02-11 07:20:42,2026-02-11 17:45:38,NO
1770792480,2026-02-11 06:48:00,2026-02-11 03:48:00,Villarrica,VIIRS,0.0,0.0,RUTINA,NULO,No descargada,2026-02-11 07:20:42,2026-02-11 17:45:38,NO
1770792480,2026-02-11 06:48:00,2026-02-11 03:48:00,Puyehue-Cordon Caulle,VIIRS,0.0,0.0,RUTINA,NULO,No descargada,2026-02-11 07:20:42,2026-02-11 17:45:38,NO
1770792480,2026-02-11 06:48:00,2026-02-11 03:48:00,Copahue,VIIRS375,0.0,0.0,RUTINA,NULO,No descargada,2026-02-11 08:20:42,2026-02-11 18:45:39,NO
1770792480,2026-02-11 06:48:00,2026-02-11 03:48:00,Chaiten,VIIRS375,0.0,0.0,RUTINA,NULO,No descargada,2026-02-11 08:20:42,2026-02-11 18:45:39,NO
1770792480,2026-02-11 06:48:00,2026-02-11 03:48:00,Puyehue-Cordon Caulle,VIIRS375,0.0,0.0,RUTINA,NULO,No descargada,2026-02-11 08:20:42,2026-02-11 18:45:39,NO
1770792120,2026-02-11 06:42:00,2026-02-11 03:42:00,PlanchonPeteroa,VIIRS375,0.0,0.0,RUTINA,NULO,No descargada,2026-02-11 08:20:42,2026-02-11 18:45:39,NO
1770792120,2026-02-11 06:42:00,2026-02-11 03:42:00,Nevados de Chillan,VIIRS,0.0,0.0,RUTINA,NULO,No descargada,2026-02-11 07:20:42,2026-02-11 18:45:39,NO
1770792120,2026-02-11 06:42:00,2026-02-11 03:42:00,Lastarria,VIIRS375,0.0,0.0,RUTINA,NULO,No descargada,2026-02-11 08:20:42,2026-02-11 18:00:40,NO
1770792120,2026-02-11 06:42:00,2026-02-11 03:42:00,Lascar,VIIRS,0.0,0.0,RUTINA,NULO,No descargada,2026-02-11 07:20:42,2026-02-11 17:30:53,NO
1770792120,2026-02-11 06:42:00,2026-02-11 03:42:00,Isluga,VIIRS,0.0,0.0,RUTINA,NULO,No descargada,2026-02-11 07:20:42,2026-02-11 17:30:53,NO
1770792120,2026-02-11 06:42:00,2026-02-11 03:42:00,Isluga,VIIRS375,0.0,0.0,RUTINA,NULO,No descargada,2026-02-11 08:20:42,2026-02-11 18:00:40,NO
1770792120,2026-02-11 06:42:00,2026-02-11 03:42:00,Lastarria,VIIRS,0.0,0.0,RUTINA,NULO,No descargada,2026-02-11 07:20:42,2026-02-11 17:30:53,NO
1770792120,2026-02-11 06:42:00,2026-02-11 03:42:00,Lascar,VIIRS375,0.0,0.0,RUTINA,NULO,No descargada,2026-02-11 08:20:42,2026-02-11 18:00:40,NO
1770792120,2026-02-11 06:42:00,2026-02-11 03:42:00,PlanchonPeteroa,VIIRS,0.0,0.0,RUTINA,NULO,No descargada,2026-02-11 07:20:42,2026-02-11 17:45:38,NO
1770792120,2026-02-11 06:42:00,2026-02-11 03:42:00,Nevados de Chillan,VIIRS375,0.0,0.0,RUTINA,NULO,No descargada,2026-02-11 08:20:42,2026-02-11 18:45:39,NO
1770787441,2026-02-11 05:24:01,2026-02-11 02:24:01,Nevados de Chillan,VIIRS,0.0,0.0,RUTINA,NULO,No descargada,2026-02-11 05:05:38,2026-02-11 07:15:40,NO
1770787441,2026-02-11 05:24:01,2026-02-11 02:24:01,PlanchonPeteroa,VIIRS375,0.0,0.0,RUTINA,NULO,No descargada,2026-02-11 05:50:39,2026-02-11 08:15:42,NO
1770787441,2026-02-11 05:24:01,2026-02-11 02:24:01,Lastarria,VIIRS375,0.0,0.0,RUTINA,NULO,No descargada,2026-02-11 05:50:39,2026-02-11 08:15:42,NO
1770787441,2026-02-11 05:24:01,2026-02-11 02:24:01,Villarrica,VIIRS375,0.0,0.0,RUTINA,NULO,No descargada,2026-02-11 06:05:40,2026-02-11 08:15:42,NO
1770787441,2026-02-11 05:24:01,2026-02-11 02:24:01,Chaiten,VIIRS,0.0,0.0,RUTINA,NULO,No descargada,2026-02-11 05:05:38,2026-02-11 07:15:40,NO
1770787441,2026-02-11 05:24:01,2026-02-11 02:24:01,Puyehue-Cordon Caulle,VIIRS,0.0,0.0,RUTINA,NULO,No descargada,2026-02-11 05:05:38,2026-02-11 07:15:40,NO
1770787441,2026-02-11 05:24:01,2026-02-11 02:24:01,Copahue,VIIRS,0.0,0.0,RUTINA,NULO,No descargada,2026-02-11 05:05:38,2026-02-11 07:15:40,NO
1770787441,2026-02-11 05:24:01,2026-02-11 02:24:01,Villarrica,VIIRS,0.0,0.0,RUTINA,NULO,No descargada,2026-02-11 05:05:38,2026-02-11 07:15:40,NO
1770787441,2026-02-11 05:24:01,2026-02-11 02:24:01,Llaima,VIIRS375,0.0,0.0,RUTINA,NULO,No descargada,2026-02-11 06:05:40,2026-02-11 08:15:42,NO
1770787441,2026-02-11 05:24:01,2026-02-11 02:24:01,Puyehue-Cordon Caulle,VIIRS375,0.0,0.0,RUTINA,NULO,No descargada,2026-02-11 06:05:40,2026-02-11 08:15:42,NO
1770787441,2026-02-11 05:24:01,2026-02-11 02:24:01,Llaima,VIIRS,0.0,0.0,RUTINA,NULO,No descargada,2026-02-11 05:05:38,2026-02-11 07:15:40,NO
1770787441,2026-02-11 05:24:01,2026-02-11 02:24:01,Lastarria,VIIRS,0.0,0.0,RUTINA,NULO,No descargada,2026-02-11 05:05:38,2026-02-11 07:15:40,NO
1770787441,2026-02-11 05:24:01,2026-02-11 02:24:01,Chaiten,VIIRS375,0.0,0.0,RUTINA,NULO,No descargada,2026-02-11 06:05:40,2026-02-11 08:15:42,NO
1770787441,2026-02-11 05:24:01,2026-02-11 02:24:01,PlanchonPeteroa,VIIRS,0.0,0.0,RUTINA,NULO,No descargada,2026-02-11 05:05:38,2026-02-11 07:15:40,NO
1770787441,2026-02-11 05:24:01,2026-02-11 02:24:01,Copahue,VIIRS375,0.0,0.0,RUTINA,NULO,No descargada,2026-02-11 06:05:40,2026-02-11 08:15:42,NO
1770787441,2026-02-11 05:24:01,2026-02-11 02:24:01,Nevados de Chillan,VIIRS375,0.0,0.0,RUTINA,NULO,No descargada,2026-02-11 06:05:40,2026-02-11 08:15:42,NO
1770787081,2026-02-11 05:18:01,2026-02-11 02:18:01,Isluga,VIIRS,0.0,0.0,RUTINA,NULO,No descargada,2026-02-11 05:05:38,2026-02-11 07:15:40,NO
1770787081,2026-02-11 05:18:01,2026-02-11 02:18:01,Isluga,VIIRS375,0.0,0.0,RUTINA,NULO,No descargada,2026-02-11 05:50:39,2026-02-11 08:15:42,NO
1770786000,2026-02-11 05:00:00,2026-02-11 02:00:00,Lascar,VIIRS375,0.65,1.88,ALERTA_TERMICA,Muy Bajo,imagenes_satelitales/Lascar/2026-02-11/05-00-00_Lascar_VIIRS375_Latest.png,2026-02-11 06:50:40,2026-02-11 08:15:42,NO
1770786000,2026-02-11 05:00:00,2026-02-11 02:00:00,Lascar,VIIRS,0.0,0.0,RUTINA,NULO,No descargada,2026-02-11 06:05:40,2026-02-11 07:15:40,NO
1770778500,2026-02-11 02:55:00,2026-02-10 23:55:00,Copahue,MODIS,0.0,0.0,RUTINA,NULO,No descargada,2026-02-11 01:05:38,2026-02-11 06:45:42,NO
1770778500,2026-02-11 02:55:00,2026-02-10 23:55:00,PlanchonPeteroa,MODIS,0.0,0.0,RUTINA,NULO,No descargada,2026-02-11 01:05:38,2026-02-11 06:45:42,NO
1770778500,2026-02-11 02:55:00,2026-02-10 23:55:00,Llaima,MODIS,0.0,0.0,RUTINA,NULO,No descargada,2026-02-11 01:05:38,2026-02-11 06:45:42,NO
1770778500,2026-02-11 02:55:00,2026-02-10 23:55:00,Chaiten,MODIS,0.0,0.0,RUTINA,NULO,No descargada,2026-02-11 01:05:38,2026-02-11 06:45:42,NO
1770778500,2026-02-11 02:55:00,2026-02-10 23:55:00,Puyehue-Cordon Caulle,MODIS,0.0,0.0,RUTINA,NULO,No descargada,2026-02-11 01:05:38,2026-02-11 06:45:42,NO
1770778500,2026-02-11 02:55:00,2026-02-10 23:55:00,Villarrica,MODIS,0.0,0.0,RUTINA,NULO,No descargada,2026-02-11 01:05:38,2026-02-11 06:45:42,NO
1770778500,2026-02-11 02:55:00,2026-02-10 23:55:00,Nevados de Chillan,MODIS,0.0,0.0,RUTINA,NULO,No descargada,2026-02-11 01:05:38,2026-02-11 06:45:42,NO
1770772800,2026-02-11 01:20:00,2026-02-10 22:20:00,Lascar,MODIS,0.32,1.0,ALERTA_TERMICA,Muy Bajo,imagenes_satelitales/Lascar/2026-02-11/01-20-00_Lascar_MODIS_Latest.png,2026-02-11 00:05:39,2026-02-11 06:45:42,NO
1770772800,2026-02-11 01:20:00,2026-02-10 22:20:00,Isluga,MODIS,0.0,0.0,RUTINA,NULO,No descargada,2026-02-11 00:05:39,2026-02-11 06:45:42,NO
1770772800,2026-02-11 01:20:00,2026-02-10 22:20:00,Lastarria,MODIS,0.0,0.0,RUTINA,NULO,No descargada,2026-02-11 00:05:39,2026-02-11 06:45:42,NO
1770772500,2026-02-11 01:15:00,2026-02-10 22:15:00,PlanchonPeteroa,MODIS,0.0,0.0,RUTINA,NULO,No descargada,2026-02-11 00:05:39,2026-02-11 01:00:44,NO
1770772500,2026-02-11 01:15:00,2026-02-10 22:15:00,Nevados de Chillan,MODIS,0.0,0.0,RUTINA,NULO,No descargada,2026-02-11 00:05:39,2026-02-11 01:00:44,NO
1770772500,2026-02-11 01:15:00,2026-02-10 22:15:00,Copahue,MODIS,0.0,0.0,RUTINA,NULO,No descargada,2026-02-11 00:05:39,2026-02-11 01:00:44,NO
1770753900,2026-02-10 20:05:00,2026-02-10 17:05:00,Lascar,MODIS,0.0,0.0,RUTINA,NULO,No descargada,2026-02-10 20:05:42,2026-02-11 00:00:43,NO
1770753900,2026-02-10 20:05:00,2026-02-10 17:05:00,Isluga,MODIS,0.0,0.0,RUTINA,NULO,No descargada,2026-02-10 20:05:42,2026-02-11 00:00:43,NO
1770753900,2026-02-10 20:05:00,2026-02-10 17:05:00,Lastarria,MODIS,0.0,0.0,RUTINA,NULO,No descargada,2026-02-10 20:05:42,2026-02-11 00:00:43,NO
1770753600,2026-02-10 20:00:00,2026-02-10 17:00:00,PlanchonPeteroa,MODIS,0.0,0.0,RUTINA,NULO,No descargada,2026-02-10 18:50:56,2026-02-11 00:00:43,NO
1770753600,2026-02-10 20:00:00,2026-02-10 17:00:00,Chaiten,MODIS,0.0,0.0,RUTINA,NULO,No descargada,2026-02-10 18:50:56,2026-02-11 01:00:44,NO
1770753600,2026-02-10 20:00:00,2026-02-10 17:00:00,Llaima,MODIS,0.0,0.0,RUTINA,NULO,No descargada,2026-02-10 18:50:56,2026-02-11 01:00:44,NO
1770753600,2026-02-10 20:00:00,2026-02-10 17:00:00,Villarrica,MODIS,0.0,0.0,RUTINA,NULO,No descargada,2026-02-10 18:50:56,2026-02-11 01:00:44,NO
1770753600,2026-02-10 20:00:00,2026-02-10 17:00:00,Nevados de Chillan,MODIS,0.0,0.0,RUTINA,NULO,No descargada,2026-02-10 18:50:56,2026-02-11 00:00:43,NO
1770753600,2026-02-10 20:00:00,2026-02-10 17:00:00,Copahue,MODIS,0.0,0.0,RUTINA,NULO,No descargada,2026-02-10 18:50:56,2026-02-11 00:00:43,NO
1770753600,2026-02-10 20:00:00,2026-02-10 17:00:00,Puyehue-Cordon Caulle,MODIS,0.0,0.0,RUTINA,NULO,No descargada,2026-02-10 18:50:56,2026-02-11 01:00:44,NO
1770752521,2026-02-10 19:42:01,2026-02-10 16:42:01,Chaiten,VIIRS375,0.0,0.0,RUTINA,NULO,No descargada,2026-02-10 23:05:40,2026-02-11 06:00:44,NO
1770752521,2026-02-10 19:42:01,2026-02-10 16:42:01,Puyehue-Cordon Caulle,VIIRS,0.0,0.0,RUTINA,NULO,No descargada,2026-02-10 20:35:52,2026-02-11 05:00:41,NO
1770752521,2026-02-10 19:42:01,2026-02-10 16:42:01,Copahue,VIIRS,0.0,0.0,RUTINA,NULO,No descargada,2026-02-10 20:35:52,2026-02-11 05:00:41,NO
1770752521,2026-02-10 19:42:01,2026-02-10 16:42:01,Nevados de Chillan,VIIRS375,0.0,0.0,RUTINA,NULO,No descargada,2026-02-10 22:50:43,2026-02-11 06:00:44,NO
1770752521,2026-02-10 19:42:01,2026-02-10 16:42:01,Puyehue-Cordon Caulle,VIIRS375,0.0,0.0,RUTINA,NULO,No descargada,2026-02-10 23:05:40,2026-02-11 06:00:44,NO
1770752521,2026-02-10 19:42:01,2026-02-10 16:42:01,Nevados de Chillan,VIIRS,0.0,0.0,RUTINA,NULO,No descargada,2026-02-10 20:35:52,2026-02-11 05:00:41,NO
1770752521,2026-02-10 19:42:01,2026-02-10 16:42:01,Villarrica,VIIRS375,0.0,0.0,RUTINA,NULO,No descargada,2026-02-10 23:05:40,2026-02-11 06:00:44,NO
1770752521,2026-02-10 19:42:01,2026-02-10 16:42:01,Villarrica,VIIRS,0.0,0.0,RUTINA,NULO,No descargada,2026-02-10 20:35:52,2026-02-11 05:00:41,NO
1770752521,2026-02-10 19:42:01,2026-02-10 16:42:01,Llaima,VIIRS375,0.0,0.0,RUTINA,NULO,No descargada,2026-02-10 23:05:40,2026-02-11 06:00:44,NO
1770752521,2026-02-10 19:42:01,2026-02-10 16:42:01,Chaiten,VIIRS,0.0,0.0,RUTINA,NULO,No descargada,2026-02-10 20:35:52,2026-02-11 05:00:41,NO
1770752521,2026-02-10 19:42:01,2026-02-10 16:42:01,Llaima,VIIRS,0.0,0.0,RUTINA,NULO,No descargada,2026-02-10 20:35:52,2026-02-11 05:00:41,NO
1770752521,2026-02-10 19:42:01,2026-02-10 16:42:01,Copahue,VIIRS375,0.0,0.0,RUTINA,NULO,No descargada,2026-02-10 22:50:43,2026-02-11 06:00:44,NO
1770751440,2026-02-10 19:24:00,2026-02-10 16:24:00,Llaima,VIIRS375,0.0,0.0,RUTINA,NULO,No descargada,2026-02-10 21:50:41,2026-02-10 23:00:40,NO
1770751440,2026-02-10 19:24:00,2026-02-10 16:24:00,Villarrica,VIIRS375,0.0,0.0,RUTINA,NULO,No descargada,2026-02-10 21:50:41,2026-02-10 23:00:40,NO
1770751440,2026-02-10 19:24:00,2026-02-10 16:24:00,PlanchonPeteroa,VIIRS,0.0,0.0,RUTINA,NULO,No descargada,2026-02-10 20:50:39,2026-02-11 05:00:41,NO
1770751440,2026-02-10 19:24:00,2026-02-10 16:24:00,Nevados de Chillan,VIIRS375,0.0,0.0,RUTINA,NULO,No descargada,2026-02-10 21:50:41,2026-02-10 22:45:42,NO
1770751440,2026-02-10 19:24:00,2026-02-10 16:24:00,Chaiten,VIIRS375,0.0,0.0,RUTINA,NULO,No descargada,2026-02-10 21:50:41,2026-02-10 23:00:40,NO
1770751440,2026-02-10 19:24:00,2026-02-10 16:24:00,Copahue,VIIRS375,0.0,0.0,RUTINA,NULO,No descargada,2026-02-10 21:50:41,2026-02-10 22:45:42,NO
1770751440,2026-02-10 19:24:00,2026-02-10 16:24:00,Puyehue-Cordon Caulle,VIIRS375,0.0,0.0,RUTINA,NULO,No descargada,2026-02-10 21:50:41,2026-02-10 23:00:40,NO
1770751440,2026-02-10 19:24:00,2026-02-10 16:24:00,PlanchonPeteroa,VIIRS375,0.0,0.0,RUTINA,NULO,No descargada,2026-02-10 21:50:41,2026-02-11 05:45:53,NO
1770746761,2026-02-10 18:06:01,2026-02-10 15:06:01,PlanchonPeteroa,VIIRS,0.0,0.0,RUTINA,NULO,No descargada,2026-02-10 18:50:56,2026-02-10 20:45:39,NO
1770746761,2026-02-10 18:06:01,2026-02-10 15:06:01,Villarrica,VIIRS375,0.0,0.0,RUTINA,NULO,No descargada,2026-02-10 20:05:42,2026-02-10 21:45:41,NO
1770746761,2026-02-10 18:06:01,2026-02-10 15:06:01,Villarrica,VIIRS,0.0,0.0,RUTINA,NULO,No descargada,2026-02-10 18:50:56,2026-02-10 20:30:57,NO
1770746761,2026-02-10 18:06:01,2026-02-10 15:06:01,Lastarria,VIIRS375,0.86,10.3,FALSO_POSITIVO,NULO,No descargada,2026-02-10 19:50:53,2026-02-11 05:45:53,NO
1770746761,2026-02-10 18:06:01,2026-02-10 15:06:01,Lascar,VIIRS375,2.1,0.84,ALERTA_TERMICA,Bajo,imagenes_satelitales/Lascar/2026-02-10/18-06-01_Lascar_VIIRS375_Latest.png,2026-02-10 19:50:53,2026-02-11 06:45:42,NO
1770746761,2026-02-10 18:06:01,2026-02-10 15:06:01,Lascar,VIIRS,0.0,0.0,RUTINA,NULO,No descargada,2026-02-10 18:20:40,2026-02-11 06:00:44,NO
1770746761,2026-02-10 18:06:01,2026-02-10 15:06:01,Copahue,VIIRS375,0.0,0.0,RUTINA,NULO,No descargada,2026-02-10 19:50:53,2026-02-10 21:45:41,NO
1770746761,2026-02-10 18:06:01,2026-02-10 15:06:01,Llaima,VIIRS375,0.0,0.0,RUTINA,NULO,No descargada,2026-02-10 19:50:53,2026-02-10 21:45:41,NO
1770746761,2026-02-10 18:06:01,2026-02-10 15:06:01,Isluga,VIIRS,0.0,0.0,RUTINA,NULO,No descargada,2026-02-10 18:20:40,2026-02-11 05:00:41,NO
1770746761,2026-02-10 18:06:01,2026-02-10 15:06:01,Lastarria,VIIRS,0.0,0.0,RUTINA,NULO,No descargada,2026-02-10 18:20:40,2026-02-11 05:00:41,NO
1770746761,2026-02-10 18:06:01,2026-02-10 15:06:01,Nevados de Chillan,VIIRS375,0.0,0.0,RUTINA,NULO,No descargada,2026-02-10 19:50:53,2026-02-10 21:45:41,NO
1770746761,2026-02-10 18:06:01,2026-02-10 15:06:01,Llaima,VIIRS,0.0,0.0,RUTINA,NULO,No descargada,2026-02-10 18:50:56,2026-02-10 20:30:57,NO
1770746761,2026-02-10 18:06:01,2026-02-10 15:06:01,Copahue,VIIRS,0.0,0.0,RUTINA,NULO,No descargada,2026-02-10 18:50:56,2026-02-10 20:30:57,NO
1770746761,2026-02-10 18:06:01,2026-02-10 15:06:01,PlanchonPeteroa,VIIRS375,0.0,0.0,RUTINA,NULO,No descargada,2026-02-10 19:50:53,2026-02-10 21:45:41,NO
1770746761,2026-02-10 18:06:01,2026-02-10 15:06:01,Nevados de Chillan,VIIRS,0.0,0.0,RUTINA,NULO,No descargada,2026-02-10 18:50:56,2026-02-10 20:30:57,NO
1770746761,2026-02-10 18:06:01,2026-02-10 15:06:01,Isluga,VIIRS375,0.0,0.0,RUTINA,NULO,No descargada,2026-02-10 19:50:53,2026-02-11 05:45:53,NO
1770746401,2026-02-10 18:00:01,2026-02-10 15:00:01,Chaiten,VIIRS375,0.0,0.0,RUTINA,NULO,No descargada,2026-02-10 19:50:53,2026-02-10 21:45:41,NO
1770746401,2026-02-10 18:00:01,2026-02-10 15:00:01,Chaiten,VIIRS,0.0,0.0,RUTINA,NULO,No descargada,2026-02-10 18:20:40,2026-02-10 20:30:57,NO
1770746401,2026-02-10 18:00:01,2026-02-10 15:00:01,Puyehue-Cordon Caulle,VIIRS375,0.0,0.0,RUTINA,NULO,No descargada,2026-02-10 19:50:53,2026-02-10 21:45:41,NO
1770746401,2026-02-10 18:00:01,2026-02-10 15:00:01,Puyehue-Cordon Caulle,VIIRS,0.0,0.0,RUTINA,NULO,No descargada,2026-02-10 18:20:40,2026-02-10 20:30:57,NO
1770729600,2026-02-10 13:20:00,2026-02-10 10:20:00,Copahue,MODIS,0.0,0.0,RUTINA,NULO,No descargada,2026-02-10 14:35:39,2026-02-10 18:45:43,NO
1770729600,2026-02-10 13:20:00,2026-02-10 10:20:00,Chaiten,MODIS,0.0,0.0,RUTINA,NULO,No descargada,2026-02-10 14:35:39,2026-02-10 18:45:43,NO
1770729600,2026-02-10 13:20:00,2026-02-10 10:20:00,Llaima,MODIS,0.0,0.0,RUTINA,NULO,No descargada,2026-02-10 14:35:39,2026-02-10 18:45:43,NO
1770729600,2026-02-10 13:20:00,2026-02-10 10:20:00,Villarrica,MODIS,0.0,0.0,RUTINA,NULO,No descargada,2026-02-10 14:35:39,2026-02-10 18:45:43,NO
1770729600,2026-02-10 13:20:00,2026-02-10 10:20:00,Puyehue-Cordon Caulle,MODIS,0.0,0.0,RUTINA,NULO,No descargada,2026-02-10 14:35:39,2026-02-10 18:45:43,NO
1770729300,2026-02-10 13:15:00,2026-02-10 10:15:00,Lastarria,MODIS,0.0,0.0,RUTINA,NULO,No descargada,2026-02-10 16:36:06,2026-02-10 20:00:44,NO
1770729300,2026-02-10 13:15:00,2026-02-10 10:15:00,Lascar,MODIS,0.0,0.0,RUTINA,NULO,No descargada,2026-02-10 16:36:06,2026-02-10 20:00:44,NO
1770729300,2026-02-10 13:15:00,2026-02-10 10:15:00,Isluga,MODIS,0.0,0.0,RUTINA,NULO,No descargada,2026-02-10 16:36:06,2026-02-10 20:00:44,NO
1770729300,2026-02-10 13:15:00,2026-02-10 10:15:00,PlanchonPeteroa,MODIS,0.0,0.0,RUTINA,NULO,No descargada,2026-02-10 16:36:06,2026-02-10 18:45:43,NO
1770710700,2026-02-10 08:05:00,2026-02-10 05:05:00,Llaima,MODIS,0.0,0.0,RUTINA,NULO,No descargada,2026-02-10 13:20:41,2026-02-10 14:30:51,NO
1770710700,2026-02-10 08:05:00,2026-02-10 05:05:00,Villarrica,MODIS,0.0,0.0,RUTINA,NULO,No descargada,2026-02-10 13:20:41,2026-02-10 14:30:51,NO
1770710700,2026-02-10 08:05:00,2026-02-10 05:05:00,Nevados de Chillan,MODIS,0.0,0.0,RUTINA,NULO,No descargada,2026-02-10 13:20:41,2026-02-10 18:45:43,NO
1770710700,2026-02-10 08:05:00,2026-02-10 05:05:00,Chaiten,MODIS,0.0,0.0,RUTINA,NULO,No descargada,2026-02-10 13:20:41,2026-02-10 14:30:51,NO
1770710700,2026-02-10 08:05:00,2026-02-10 05:05:00,Puyehue-Cordon Caulle,MODIS,0.0,0.0,RUTINA,NULO,No descargada,2026-02-10 13:20:41,2026-02-10 14:30:51,NO
1770710700,2026-02-10 08:05:00,2026-02-10 05:05:00,Copahue,MODIS,0.0,0.0,RUTINA,NULO,No descargada,2026-02-10 13:20:41,2026-02-10 14:30:51,NO
1770710400,2026-02-10 08:00:00,2026-02-10 05:00:00,Lastarria,MODIS,0.0,0.0,RUTINA,NULO,No descargada,2026-02-10 07:20:39,2026-02-10 16:30:43,NO
1770710400,2026-02-10 08:00:00,2026-02-10 05:00:00,Lascar,MODIS,0.0,0.0,RUTINA,NULO,No descargada,2026-02-10 07:20:39,2026-02-10 16:30:43,NO
1770710400,2026-02-10 08:00:00,2026-02-10 05:00:00,PlanchonPeteroa,MODIS,0.0,0.0,RUTINA,NULO,No descargada,2026-02-10 07:20:39,2026-02-10 16:30:43,NO
1770710400,2026-02-10 08:00:00,2026-02-10 05:00:00,Isluga,MODIS,0.0,0.0,RUTINA,NULO,No descargada,2026-02-10 07:20:39,2026-02-10 16:30:43,NO
1770702481,2026-02-10 05:48:01,2026-02-10 02:48:01,Chaiten,VIIRS375,0.0,0.0,RUTINA,NULO,No descargada,2026-02-10 08:05:38,2026-02-10 19:45:45,NO
1770702481,2026-02-10 05:48:01,2026-02-10 02:48:01,Chaiten,VIIRS,0.0,0.0,RUTINA,NULO,No descargada,2026-02-10 05:50:45,2026-02-10 18:16:03,NO
1770702121,2026-02-10 05:42:01,2026-02-10 02:42:01,Lastarria,VIIRS,0.0,0.0,RUTINA,NULO,No descargada,2026-02-10 05:35:42,2026-02-10 18:16:03,NO
1770702121,2026-02-10 05:42:01,2026-02-10 02:42:01,Villarrica,VIIRS,0.0,0.0,RUTINA,NULO,No descargada,2026-02-10 05:50:45,2026-02-10 18:45:43,NO
1770702121,2026-02-10 05:42:01,2026-02-10 02:42:01,Puyehue-Cordon Caulle,VIIRS,0.0,0.0,RUTINA,NULO,No descargada,2026-02-10 05:50:45,2026-02-10 18:16:03,NO
1770702121,2026-02-10 05:42:01,2026-02-10 02:42:01,Lastarria,VIIRS375,0.12,2.4,ALERTA_TERMICA,Muy Bajo,imagenes_satelitales/Lastarria/2026-02-10/05-42-01_Lastarria_VIIRS375_Latest.png,2026-02-10 07:50:42,2026-02-10 19:45:45,NO
1770702121,2026-02-10 05:42:01,2026-02-10 02:42:01,Nevados de Chillan,VIIRS375,0.0,0.0,RUTINA,NULO,No descargada,2026-02-10 08:05:38,2026-02-10 19:45:45,NO
1770702121,2026-02-10 05:42:01,2026-02-10 02:42:01,PlanchonPeteroa,VIIRS,0.0,0.0,RUTINA,NULO,No descargada,2026-02-10 05:50:45,2026-02-10 18:45:43,NO
1770702121,2026-02-10 05:42:01,2026-02-10 02:42:01,Nevados de Chillan,VIIRS,0.0,0.0,RUTINA,NULO,No descargada,2026-02-10 05:50:45,2026-02-10 18:45:43,NO
1770702121,2026-02-10 05:42:01,2026-02-10 02:42:01,Puyehue-Cordon Caulle,VIIRS375,0.2,7.73,ALERTA_TERMICA,Muy Bajo,imagenes_satelitales/Puyehue-Cordon Caulle/2026-02-10/05-42-01_Puyehue-Cordon Caulle_VIIRS375_Latest.png,2026-02-10 08:05:38,2026-02-10 19:45:45,NO
1770702121,2026-02-10 05:42:01,2026-02-10 02:42:01,Lascar,VIIRS375,4.14,1.5,ALERTA_TERMICA,Bajo,imagenes_satelitales/Lascar/2026-02-10/05-42-01_Lascar_VIIRS375_Latest.png,2026-02-10 07:50:42,2026-02-10 19:45:45,NO
1770702121,2026-02-10 05:42:01,2026-02-10 02:42:01,Lascar,VIIRS,4.05,1.5,ALERTA_TERMICA,Bajo,imagenes_satelitales/Lascar/2026-02-10/05-42-01_Lascar_VIIRS750_Latest.png,2026-02-10 05:35:42,2026-02-10 18:16:03,NO
1770702121,2026-02-10 05:42:01,2026-02-10 02:42:01,Copahue,VIIRS,0.0,0.0,RUTINA,NULO,No descargada,2026-02-10 05:50:45,2026-02-10 18:45:43,NO
1770702121,2026-02-10 05:42:01,2026-02-10 02:42:01,Villarrica,VIIRS375,0.0,0.0,RUTINA,NULO,No descargada,2026-02-10 08:05:38,2026-02-10 20:00:44,NO
1770702121,2026-02-10 05:42:01,2026-02-10 02:42:01,PlanchonPeteroa,VIIRS375,0.07,1.68,ALERTA_TERMICA,Muy Bajo,imagenes_satelitales/PlanchonPeteroa/2026-02-10/05-42-01_PlanchonPeteroa_VIIRS375_Latest.png,2026-02-10 08:05:38,2026-02-10 19:45:45,NO
1770702121,2026-02-10 05:42:01,2026-02-10 02:42:01,Llaima,VIIRS,0.0,0.0,RUTINA,NULO,No descargada,2026-02-10 05:50:45,2026-02-10 18:45:43,NO
1770702121,2026-02-10 05:42:01,2026-02-10 02:42:01,Copahue,VIIRS375,0.0,0.0,RUTINA,NULO,No descargada,2026-02-10 08:05:38,2026-02-10 19:45:45,NO
1770702121,2026-02-10 05:42:01,2026-02-10 02:42:01,Llaima,VIIRS375,0.0,0.0,RUTINA,NULO,No descargada,2026-02-10 08:05:38,2026-02-10 19:45:45,NO
1770701761,2026-02-10 05:36:01,2026-02-10 02:36:01,Isluga,VIIRS375,0.36,0.53,ALERTA_TERMICA,Muy Bajo,imagenes_satelitales/Isluga/2026-02-10/05-36-01_Isluga_VIIRS375_Latest.png,2026-02-10 07:50:42,2026-02-10 19:45:45,NO
1770701761,2026-02-10 05:36:01,2026-02-10 02:36:01,Isluga,VIIRS,0.0,0.0,RUTINA,NULO,No descargada,2026-02-10 05:35:42,2026-02-10 18:16:03,NO
1770690000,2026-02-10 02:20:00,2026-02-09 23:20:00,Isluga,MODIS,0.0,0.0,RUTINA,NULO,No descargada,2026-02-10 00:50:41,2026-02-10 07:15:40,NO
1770690000,2026-02-10 02:20:00,2026-02-09 23:20:00,Lascar,MODIS,0.0,0.0,RUTINA,NULO,No descargada,2026-02-10 00:50:41,2026-02-10 07:15:40,NO
1770690000,2026-02-10 02:20:00,2026-02-09 23:20:00,Lastarria,MODIS,0.0,0.0,RUTINA,NULO,No descargada,2026-02-10 00:50:41,2026-02-10 07:15:40,NO
1770689700,2026-02-10 02:15:00,2026-02-09 23:15:00,Puyehue-Cordon Caulle,MODIS,0.0,0.0,RUTINA,NULO,No descargada,2026-02-10 01:50:42,2026-02-10 13:15:44,NO
1770689700,2026-02-10 02:15:00,2026-02-09 23:15:00,Villarrica,MODIS,0.0,0.0,RUTINA,NULO,No descargada,2026-02-10 01:50:42,2026-02-10 13:15:44,NO
1770689700,2026-02-10 02:15:00,2026-02-09 23:15:00,Nevados de Chillan,MODIS,0.0,0.0,RUTINA,NULO,No descargada,2026-02-10 01:35:33,2026-02-10 13:15:44,NO
1770689700,2026-02-10 02:15:00,2026-02-09 23:15:00,Chaiten,MODIS,0.0,0.0,RUTINA,NULO,No descargada,2026-02-10 01:50:42,2026-02-10 13:15:44,NO
1770689700,2026-02-10 02:15:00,2026-02-09 23:15:00,PlanchonPeteroa,MODIS,0.0,0.0,RUTINA,NULO,No descargada,2026-02-10 01:35:33,2026-02-10 07:15:40,NO
1770689700,2026-02-10 02:15:00,2026-02-09 23:15:00,Llaima,MODIS,0.0,0.0,RUTINA,NULO,No descargada,2026-02-10 01:35:33,2026-02-10 13:15:44,NO
1770689700,2026-02-10 02:15:00,2026-02-09 23:15:00,Copahue,MODIS,0.0,0.0,RUTINA,NULO,No descargada,2026-02-10 01:35:33,2026-02-10 13:15:44,NO
1770670800,2026-02-09 21:00:00,2026-02-09 18:00:00,PlanchonPeteroa,MODIS,0.0,0.0,RUTINA,NULO,No descargada,2026-02-09 19:50:37,2026-02-10 01:30:36,NO
1770670800,2026-02-09 21:00:00,2026-02-09 18:00:00,Llaima,MODIS,0.0,0.0,RUTINA,NULO,No descargada,2026-02-09 19:50:37,2026-02-10 01:30:36,NO
1770670800,2026-02-09 21:00:00,2026-02-09 18:00:00,Nevados de Chillan,MODIS,0.0,0.0,RUTINA,NULO,No descargada,2026-02-09 19:50:37,2026-02-10 01:30:36,NO
1770670800,2026-02-09 21:00:00,2026-02-09 18:00:00,Copahue,MODIS,0.0,0.0,RUTINA,NULO,No descargada,2026-02-09 19:50:37,2026-02-10 01:30:36,NO
1770670800,2026-02-09 21:00:00,2026-02-09 18:00:00,Villarrica,MODIS,0.0,0.0,RUTINA,NULO,No descargada,2026-02-09 19:50:37,2026-02-10 01:45:39,NO
1770670800,2026-02-09 21:00:00,2026-02-09 18:00:00,Chaiten,MODIS,0.0,0.0,RUTINA,NULO,No descargada,2026-02-09 19:50:37,2026-02-10 01:45:39,NO
1770670800,2026-02-09 21:00:00,2026-02-09 18:00:00,Puyehue-Cordon Caulle,MODIS,0.0,0.0,RUTINA,NULO,No descargada,2026-02-09 19:50:37,2026-02-10 01:45:39,NO
1770667201,2026-02-09 20:00:01,2026-02-09 17:00:01,Chaiten,VIIRS,0.0,0.0,RUTINA,NULO,No descargada,2026-02-09 19:50:37,2026-02-10 05:45:39,NO
1770666120,2026-02-09 19:42:00,2026-02-09 16:42:00,Villarrica,VIIRS,0.0,0.0,RUTINA,NULO,No descargada,2026-02-09 19:20:40,2026-02-10 05:45:39,NO
1770666120,2026-02-09 19:42:00,2026-02-09 16:42:00,Puyehue-Cordon Caulle,VIIRS,0.0,0.0,RUTINA,NULO,No descargada,2026-02-09 19:35:42,2026-02-10 05:45:39,NO
1770666120,2026-02-09 19:42:00,2026-02-09 16:42:00,Llaima,VIIRS,0.0,0.0,RUTINA,NULO,No descargada,2026-02-09 19:20:40,2026-02-10 05:45:39,NO
1770666120,2026-02-09 19:42:00,2026-02-09 16:42:00,PlanchonPeteroa,VIIRS,0.0,0.0,RUTINA,NULO,No descargada,2026-02-09 19:20:40,2026-02-10 05:45:39,NO
1770666120,2026-02-09 19:42:00,2026-02-09 16:42:00,Nevados de Chillan,VIIRS,0.0,0.0,RUTINA,NULO,No descargada,2026-02-09 19:20:40,2026-02-10 05:45:39,NO
1770666120,2026-02-09 19:42:00,2026-02-09 16:42:00,Puyehue-Cordon Caulle,VIIRS375,0.0,0.0,RUTINA,NULO,No descargada,2026-02-09 20:05:57,2026-02-10 08:00:44,NO
1770666120,2026-02-09 19:42:00,2026-02-09 16:42:00,Chaiten,VIIRS375,0.0,0.0,RUTINA,NULO,No descargada,2026-02-09 20:05:57,2026-02-10 08:00:44,NO
1770666120,2026-02-09 19:42:00,2026-02-09 16:42:00,Copahue,VIIRS375,0.0,0.0,RUTINA,NULO,No descargada,2026-02-09 20:05:57,2026-02-10 08:00:44,NO
1770666120,2026-02-09 19:42:00,2026-02-09 16:42:00,Copahue,VIIRS,0.0,0.0,RUTINA,NULO,No descargada,2026-02-09 19:20:40,2026-02-10 05:45:39,NO
1770666120,2026-02-09 19:42:00,2026-02-09 16:42:00,PlanchonPeteroa,VIIRS375,0.0,0.0,RUTINA,NULO,No descargada,2026-02-09 20:05:57,2026-02-10 08:00:44,NO
1770666120,2026-02-09 19:42:00,2026-02-09 16:42:00,Llaima,VIIRS375,0.0,0.0,RUTINA,NULO,No descargada,2026-02-09 20:05:57,2026-02-10 08:00:44,NO
1770666120,2026-02-09 19:42:00,2026-02-09 16:42:00,Villarrica,VIIRS375,0.0,0.0,RUTINA,NULO,No descargada,2026-02-09 20:05:57,2026-02-10 08:00:44,NO
1770666120,2026-02-09 19:42:00,2026-02-09 16:42:00,Nevados de Chillan,VIIRS375,0.0,0.0,RUTINA,NULO,No descargada,2026-02-09 20:05:57,2026-02-10 08:00:44,NO
1770666120,2026-02-09 19:42:00,2026-02-09 16:42:00,Chaiten,VIIRS,0.0,0.0,RUTINA,NULO,No descargada,2026-02-09 19:35:42,2026-02-09 19:45:38,NO
1770665400,2026-02-09 19:30:00,2026-02-09 16:30:00,Isluga,MODIS,0.0,0.0,RUTINA,NULO,No descargada,2026-02-09 18:22:13,2026-02-10 00:45:39,NO
1770665100,2026-02-09 19:25:00,2026-02-09 16:25:00,Lascar,MODIS,0.0,0.0,RUTINA,NULO,No descargada,2026-02-09 18:22:13,2026-02-10 00:45:39,NO
1770665100,2026-02-09 19:25:00,2026-02-09 16:25:00,Lastarria,MODIS,0.0,0.0,RUTINA,NULO,No descargada,2026-02-09 18:22:13,2026-02-10 00:45:39,NO
1770665100,2026-02-09 19:25:00,2026-02-09 16:25:00,PlanchonPeteroa,MODIS,0.0,0.0,RUTINA,NULO,No descargada,2026-02-09 18:22:13,2026-02-09 19:45:38,NO
1770661801,2026-02-09 18:30:01,2026-02-09 15:30:01,Isluga,VIIRS375,0.0,0.0,RUTINA,NULO,No descargada,2026-02-09 19:35:42,2026-02-10 07:45:38,NO
1770661801,2026-02-09 18:30:01,2026-02-09 15:30:01,Isluga,VIIRS,0.0,0.0,RUTINA,NULO,No descargada,2026-02-09 18:22:13,2026-02-10 05:30:43,NO
1770661441,2026-02-09 18:24:01,2026-02-09 15:24:01,PlanchonPeteroa,VIIRS375,0.0,0.0,RUTINA,NULO,No descargada,2026-02-09 19:20:40,2026-02-09 20:00:41,NO
1770661441,2026-02-09 18:24:01,2026-02-09 15:24:01,Copahue,VIIRS,0.0,0.0,RUTINA,NULO,No descargada,2026-02-09 18:22:13,2026-02-09 19:15:46,NO
1770661441,2026-02-09 18:24:01,2026-02-09 15:24:01,Villarrica,VIIRS,0.0,0.0,RUTINA,NULO,No descargada,2026-02-09 18:22:13,2026-02-09 19:15:46,NO
1770661441,2026-02-09 18:24:01,2026-02-09 15:24:01,Puyehue-Cordon Caulle,VIIRS375,0.0,0.0,RUTINA,NULO,No descargada,2026-02-09 19:20:40,2026-02-09 20:00:41,NO
1770661441,2026-02-09 18:24:01,2026-02-09 15:24:01,Villarrica,VIIRS375,0.0,0.0,RUTINA,NULO,No descargada,2026-02-09 19:20:40,2026-02-09 20:00:41,NO
1770661441,2026-02-09 18:24:01,2026-02-09 15:24:01,Lastarria,VIIRS375,0.15,15.67,FALSO_POSITIVO,NULO,No descargada,2026-02-09 19:20:40,2026-02-10 07:45:38,NO
1770661441,2026-02-09 18:24:01,2026-02-09 15:24:01,PlanchonPeteroa,VIIRS,0.0,0.0,RUTINA,NULO,No descargada,2026-02-09 18:22:13,2026-02-09 19:15:46,NO
1770661441,2026-02-09 18:24:01,2026-02-09 15:24:01,Lascar,VIIRS,0.0,0.0,RUTINA,NULO,No descargada,2026-02-09 18:22:13,2026-02-10 05:30:43,NO
1770661441,2026-02-09 18:24:01,2026-02-09 15:24:01,Lascar,VIIRS375,0.0,0.0,RUTINA,NULO,No descargada,2026-02-09 19:20:40,2026-02-10 07:45:38,NO
1770661441,2026-02-09 18:24:01,2026-02-09 15:24:01,Puyehue-Cordon Caulle,VIIRS,0.0,0.0,RUTINA,NULO,No descargada,2026-02-09 18:22:13,2026-02-09 19:30:40,NO
1770661441,2026-02-09 18:24:01,2026-02-09 15:24:01,Llaima,VIIRS375,0.0,0.0,RUTINA,NULO,No descargada,2026-02-09 19:20:40,2026-02-09 20:00:41,NO
1770661441,2026-02-09 18:24:01,2026-02-09 15:24:01,Copahue,VIIRS375,0.0,0.0,RUTINA,NULO,No descargada,2026-02-09 19:20:40,2026-02-09 20:00:41,NO
1770661441,2026-02-09 18:24:01,2026-02-09 15:24:01,Lastarria,VIIRS,0.0,0.0,RUTINA,NULO,No descargada,2026-02-09 18:22:13,2026-02-10 05:30:43,NO
1770661441,2026-02-09 18:24:01,2026-02-09 15:24:01,Nevados de Chillan,VIIRS375,0.0,0.0,RUTINA,NULO,No descargada,2026-02-09 19:20:40,2026-02-09 20:00:41,NO
1770661441,2026-02-09 18:24:01,2026-02-09 15:24:01,Llaima,VIIRS,0.0,0.0,RUTINA,NULO,No descargada,2026-02-09 18:22:13,2026-02-09 19:15:46,NO
1770661441,2026-02-09 18:24:01,2026-02-09 15:24:01,Nevados de Chillan,VIIRS,0.0,0.0,RUTINA,NULO,No descargada,2026-02-09 18:22:13,2026-02-09 19:15:46,NO
1770660360,2026-02-09 18:06:00,2026-02-09 15:06:00,Isluga,VIIRS375,0.0,0.0,RUTINA,NULO,No descargada,2026-02-09 18:50:40,2026-02-09 19:30:40,NO
1770660360,2026-02-09 18:06:00,2026-02-09 15:06:00,Lascar,VIIRS375,0.0,0.0,RUTINA,NULO,No descargada,2026-02-09 18:50:40,2026-02-09 19:15:46,NO
1770660360,2026-02-09 18:06:00,2026-02-09 15:06:00,Lastarria,VIIRS375,0.0,0.0,RUTINA,NULO,No descargada,2026-02-09 18:50:40,2026-02-09 19:15:46,NO
1770660000,2026-02-09 18:00:00,2026-02-09 15:00:00,Puyehue-Cordon Caulle,VIIRS,0.0,0.0,RUTINA,NULO,No descargada,2026-02-09 17:35:56,2026-02-09 18:16:02,NO
1770660000,2026-02-09 18:00:00,2026-02-09 15:00:00,Copahue,VIIRS375,0.0,0.0,RUTINA,NULO,No descargada,2026-02-09 18:35:56,2026-02-09 19:15:46,NO
1770660000,2026-02-09 18:00:00,2026-02-09 15:00:00,Puyehue-Cordon Caulle,VIIRS375,0.0,0.0,RUTINA,NULO,No descargada,2026-02-09 18:35:56,2026-02-09 19:15:46,NO
1770660000,2026-02-09 18:00:00,2026-02-09 15:00:00,Chaiten,VIIRS375,0.0,0.0,RUTINA,NULO,No descargada,2026-02-09 18:35:56,2026-02-09 20:00:41,NO
1770660000,2026-02-09 18:00:00,2026-02-09 15:00:00,Nevados de Chillan,VIIRS,0.0,0.0,RUTINA,NULO,No descargada,2026-02-09 17:35:56,2026-02-09 18:16:02,NO
1770660000,2026-02-09 18:00:00,2026-02-09 15:00:00,Chaiten,VIIRS,0.0,0.0,RUTINA,NULO,No descargada,2026-02-09 17:35:56,2026-02-09 19:30:40,NO
1770660000,2026-02-09 18:00:00,2026-02-09 15:00:00,Villarrica,VIIRS,0.0,0.0,RUTINA,NULO,No descargada,2026-02-09 17:35:56,2026-02-09 18:16:02,NO
1770660000,2026-02-09 18:00:00,2026-02-09 15:00:00,Villarrica,VIIRS375,0.0,0.0,RUTINA,NULO,No descargada,2026-02-09 18:35:56,2026-02-09 19:15:46,NO
1770660000,2026-02-09 18:00:00,2026-02-09 15:00:00,Llaima,VIIRS,0.0,0.0,RUTINA,NULO,No descargada,2026-02-09 17:35:56,2026-02-09 18:16:02,NO
1770660000,2026-02-09 18:00:00,2026-02-09 15:00:00,Copahue,VIIRS,0.0,0.0,RUTINA,NULO,No descargada,2026-02-09 17:35:56,2026-02-09 18:16:02,NO
1770660000,2026-02-09 18:00:00,2026-02-09 15:00:00,PlanchonPeteroa,VIIRS,0.0,0.0,RUTINA,NULO,No descargada,2026-02-09 17:35:56,2026-02-09 18:16:02,NO
1770660000,2026-02-09 18:00:00,2026-02-09 15:00:00,PlanchonPeteroa,VIIRS375,0.0,0.0,RUTINA,NULO,No descargada,2026-02-09 18:22:13,2026-02-09 19:15:46,NO
1770660000,2026-02-09 18:00:00,2026-02-09 15:00:00,Nevados de Chillan,VIIRS375,0.0,0.0,RUTINA,NULO,No descargada,2026-02-09 18:35:56,2026-02-09 19:15:46,NO
1770660000,2026-02-09 18:00:00,2026-02-09 15:00:00,Llaima,VIIRS375,0.0,0.0,RUTINA,NULO,No descargada,2026-02-09 18:35:56,2026-02-09 19:15:46,NO
1770646800,2026-02-09 14:20:00,2026-02-09 11:20:00,Chaiten,MODIS,0.0,0.0,RUTINA,NULO,No descargada,2026-02-09 13:30:45,2026-02-09 19:45:38,NO
1770640800,2026-02-09 12:40:00,2026-02-09 09:40:00,PlanchonPeteroa,MODIS,0.0,0.0,RUTINA,NULO,No descargada,2026-02-09 11:20:42,2026-02-09 18:16:02,NO
1770640800,2026-02-09 12:40:00,2026-02-09 09:40:00,Villarrica,MODIS,0.0,0.0,RUTINA,NULO,No descargada,2026-02-09 11:20:42,2026-02-09 19:45:38,NO
1770640800,2026-02-09 12:40:00,2026-02-09 09:40:00,Copahue,MODIS,0.0,0.0,RUTINA,NULO,No descargada,2026-02-09 11:20:42,2026-02-09 19:45:38,NO
1770640800,2026-02-09 12:40:00,2026-02-09 09:40:00,Puyehue-Cordon Caulle,MODIS,0.0,0.0,RUTINA,NULO,No descargada,2026-02-09 11:20:42,2026-02-09 19:45:38,NO
1770640800,2026-02-09 12:40:00,2026-02-09 09:40:00,Llaima,MODIS,0.0,0.0,RUTINA,NULO,No descargada,2026-02-09 11:20:42,2026-02-09 19:45:38,NO
1770640800,2026-02-09 12:40:00,2026-02-09 09:40:00,Nevados de Chillan,MODIS,0.0,0.0,RUTINA,NULO,No descargada,2026-02-09 11:20:42,2026-02-09 19:45:38,NO
1770640800,2026-02-09 12:40:00,2026-02-09 09:40:00,Chaiten,MODIS,0.0,0.0,RUTINA,NULO,No descargada,2026-02-09 11:20:42,2026-02-09 13:05:41,NO
1770640500,2026-02-09 12:35:00,2026-02-09 09:35:00,Lascar,MODIS,0.0,0.0,RUTINA,NULO,No descargada,2026-02-09 11:20:42,2026-02-09 18:16:02,NO
1770640500,2026-02-09 12:35:00,2026-02-09 09:35:00,Lastarria,MODIS,0.0,0.0,RUTINA,NULO,No descargada,2026-02-09 11:20:42,2026-02-09 18:16:02,NO
1770621900,2026-02-09 07:25:00,2026-02-09 04:25:00,Llaima,MODIS,0.0,0.0,RUTINA,NULO,No descargada,2026-02-09 07:05:37,2026-02-09 11:15:40,NO
1770621900,2026-02-09 07:25:00,2026-02-09 04:25:00,Puyehue-Cordon Caulle,MODIS,0.0,0.0,RUTINA,NULO,No descargada,2026-02-09 07:05:37,2026-02-09 11:15:40,NO
1770621900,2026-02-09 07:25:00,2026-02-09 04:25:00,PlanchonPeteroa,MODIS,0.0,0.0,RUTINA,NULO,No descargada,2026-02-09 07:05:37,2026-02-09 11:15:40,NO
1770621900,2026-02-09 07:25:00,2026-02-09 04:25:00,Villarrica,MODIS,0.0,0.0,RUTINA,NULO,No descargada,2026-02-09 07:05:37,2026-02-09 11:15:40,NO
1770621900,2026-02-09 07:25:00,2026-02-09 04:25:00,Copahue,MODIS,0.0,0.0,RUTINA,NULO,No descargada,2026-02-09 07:05:37,2026-02-09 11:15:40,NO
1770621900,2026-02-09 07:25:00,2026-02-09 04:25:00,Nevados de Chillan,MODIS,0.0,0.0,RUTINA,NULO,No descargada,2026-02-09 07:05:37,2026-02-09 11:15:40,NO
1770621900,2026-02-09 07:25:00,2026-02-09 04:25:00,Chaiten,MODIS,0.0,0.0,RUTINA,NULO,No descargada,2026-02-09 07:05:37,2026-02-09 11:15:40,NO
1770621600,2026-02-09 07:20:00,2026-02-09 04:20:00,Lascar,MODIS,1.64,1.0,ALERTA_TERMICA,Bajo,imagenes_satelitales/Lascar/2026-02-09/07-20-00_Lascar_MODIS_Latest.png,2026-02-09 07:05:37,2026-02-09 11:15:40,NO
1770621600,2026-02-09 07:20:00,2026-02-09 04:20:00,Isluga,MODIS,0.0,0.0,RUTINA,NULO,No descargada,2026-02-09 07:05:37,2026-02-09 18:16:02,NO
1770621600,2026-02-09 07:20:00,2026-02-09 04:20:00,Lastarria,MODIS,0.0,0.0,RUTINA,NULO,No descargada,2026-02-09 07:05:37,2026-02-09 11:15:40,NO
1770617161,2026-02-09 06:06:01,2026-02-09 03:06:01,Puyehue-Cordon Caulle,VIIRS,0.0,0.0,RUTINA,NULO,No descargada,2026-02-09 07:05:37,2026-02-09 17:30:39,NO
1770617161,2026-02-09 06:06:01,2026-02-09 03:06:01,Villarrica,VIIRS375,0.0,0.0,RUTINA,NULO,No descargada,2026-02-09 08:05:37,2026-02-09 18:31:07,NO
1770617161,2026-02-09 06:06:01,2026-02-09 03:06:01,Puyehue-Cordon Caulle,VIIRS375,0.0,0.0,RUTINA,NULO,No descargada,2026-02-09 08:05:37,2026-02-09 18:31:07,NO
1770617161,2026-02-09 06:06:01,2026-02-09 03:06:01,Villarrica,VIIRS,0.0,0.0,RUTINA,NULO,No descargada,2026-02-09 07:05:37,2026-02-09 17:30:39,NO
1770617161,2026-02-09 06:06:01,2026-02-09 03:06:01,Chaiten,VIIRS375,0.0,0.0,RUTINA,NULO,No descargada,2026-02-09 08:05:37,2026-02-09 18:31:07,NO
1770617161,2026-02-09 06:06:01,2026-02-09 03:06:01,Chaiten,VIIRS,0.0,0.0,RUTINA,NULO,No descargada,2026-02-09 07:05:37,2026-02-09 17:30:39,NO
1770616801,2026-02-09 06:00:01,2026-02-09 03:00:01,PlanchonPeteroa,VIIRS375,0.42,11.84,FALSO_POSITIVO,NULO,No descargada,2026-02-09 07:50:37,2026-02-09 18:16:02,NO
1770616801,2026-02-09 06:00:01,2026-02-09 03:00:01,PlanchonPeteroa,VIIRS,0.0,0.0,RUTINA,NULO,No descargada,2026-02-09 07:05:37,2026-02-09 17:30:39,NO
1770616801,2026-02-09 06:00:01,2026-02-09 03:00:01,Lastarria,VIIRS375,0.06,2.19,ALERTA_TERMICA,Muy Bajo,imagenes_satelitales/Lastarria/2026-02-09/06-00-01_Lastarria_VIIRS375_Latest.png,2026-02-09 07:50:37,2026-02-09 18:46:12,NO
1770616801,2026-02-09 06:00:01,2026-02-09 03:00:01,Copahue,VIIRS,0.0,0.0,RUTINA,NULO,No descargada,2026-02-09 07:05:37,2026-02-09 17:30:39,NO
1770616801,2026-02-09 06:00:01,2026-02-09 03:00:01,Lascar,VIIRS375,4.61,1.19,ALERTA_TERMICA,Bajo,imagenes_satelitales/Lascar/2026-02-09/06-00-01_Lascar_VIIRS375_Latest.png,2026-02-09 07:50:37,2026-02-09 18:46:12,NO
1770616801,2026-02-09 06:00:01,2026-02-09 03:00:01,Copahue,VIIRS375,0.0,0.0,RUTINA,NULO,No descargada,2026-02-09 07:50:37,2026-02-09 18:31:07,NO
1770616801,2026-02-09 06:00:01,2026-02-09 03:00:01,Nevados de Chillan,VIIRS375,0.0,0.0,RUTINA,NULO,No descargada,2026-02-09 07:50:37,2026-02-09 18:31:07,NO
1770616801,2026-02-09 06:00:01,2026-02-09 03:00:01,Isluga,VIIRS375,0.1,0.53,ALERTA_TERMICA,Muy Bajo,imagenes_satelitales/Isluga/2026-02-09/06-00-01_Isluga_VIIRS375_Latest.png,2026-02-09 07:50:37,2026-02-09 18:46:12,NO
1770616801,2026-02-09 06:00:01,2026-02-09 03:00:01,Lastarria,VIIRS,0.0,0.0,RUTINA,NULO,No descargada,2026-02-09 07:05:37,2026-02-09 18:16:02,NO
1770616801,2026-02-09 06:00:01,2026-02-09 03:00:01,Isluga,VIIRS,0.0,0.0,RUTINA,NULO,No descargada,2026-02-09 07:05:37,2026-02-09 18:16:02,NO
1770616801,2026-02-09 06:00:01,2026-02-09 03:00:01,Nevados de Chillan,VIIRS,0.0,0.0,RUTINA,NULO,No descargada,2026-02-09 07:05:37,2026-02-09 17:30:39,NO
1770616801,2026-02-09 06:00:01,2026-02-09 03:00:01,Lascar,VIIRS,3.69,1.68,ALERTA_TERMICA,Bajo,imagenes_satelitales/Lascar/2026-02-09/06-00-01_Lascar_VIIRS750_Latest.png,2026-02-09 07:05:37,2026-02-09 18:16:02,NO
1770615720,2026-02-09 05:42:00,2026-02-09 02:42:00,Llaima,VIIRS375,0.4,27.83,FALSO_POSITIVO,NULO,No descargada,2026-02-09 09:05:37,2026-02-09 18:16:02,NO
1770615720,2026-02-09 05:42:00,2026-02-09 02:42:00,Llaima,VIIRS,0.0,0.0,RUTINA,NULO,No descargada,2026-02-09 07:35:36,2026-02-09 17:30:39,NO
1770611041,2026-02-09 04:24:01,2026-02-09 01:24:01,Puyehue-Cordon Caulle,VIIRS375,0.0,0.0,RUTINA,NULO,No descargada,2026-02-09 05:50:40,2026-02-09 08:00:45,NO
1770611041,2026-02-09 04:24:01,2026-02-09 01:24:01,Chaiten,VIIRS,0.0,0.0,RUTINA,NULO,No descargada,2026-02-09 04:35:41,2026-02-09 07:00:38,NO
1770611041,2026-02-09 04:24:01,2026-02-09 01:24:01,Chaiten,VIIRS375,0.0,0.0,RUTINA,NULO,No descargada,2026-02-09 05:50:40,2026-02-09 08:00:45,NO
1770611041,2026-02-09 04:24:01,2026-02-09 01:24:01,Puyehue-Cordon Caulle,VIIRS,0.0,0.0,RUTINA,NULO,No descargada,2026-02-09 04:35:41,2026-02-09 07:00:38,NO
1770606900,2026-02-09 03:15:00,2026-02-09 00:15:00,Chaiten,MODIS,0.0,0.0,RUTINA,NULO,No descargada,2026-02-09 01:20:38,2026-02-09 07:00:38,NO
1770606900,2026-02-09 03:15:00,2026-02-09 00:15:00,Puyehue-Cordon Caulle,MODIS,0.0,0.0,RUTINA,NULO,No descargada,2026-02-09 01:20:38,2026-02-09 07:00:38,NO
1770601200,2026-02-09 01:40:00,2026-02-08 22:40:00,Lascar,MODIS,1.67,1.0,ALERTA_TERMICA,Bajo,imagenes_satelitales/Lascar/2026-02-09/01-40-00_Lascar_MODIS_Latest.png,2026-02-08 23:50:38,2026-02-09 07:00:38,NO
1770601200,2026-02-09 01:40:00,2026-02-08 22:40:00,Lastarria,MODIS,0.0,0.0,RUTINA,NULO,No descargada,2026-02-08 23:50:38,2026-02-09 07:00:38,NO
1770601200,2026-02-09 01:40:00,2026-02-08 22:40:00,Isluga,MODIS,0.0,0.0,RUTINA,NULO,No descargada,2026-02-08 23:50:38,2026-02-09 07:00:38,NO
1770600900,2026-02-09 01:35:00,2026-02-08 22:35:00,Villarrica,MODIS,0.0,0.0,RUTINA,NULO,No descargada,2026-02-08 23:50:38,2026-02-09 07:00:38,NO
1770600900,2026-02-09 01:35:00,2026-02-08 22:35:00,Chaiten,MODIS,0.0,0.0,RUTINA,NULO,No descargada,2026-02-08 23:50:38,2026-02-09 01:15:39,NO
1770600900,2026-02-09 01:35:00,2026-02-08 22:35:00,Copahue,MODIS,0.0,0.0,RUTINA,NULO,No descargada,2026-02-08 23:50:38,2026-02-09 07:00:38,NO
1770600900,2026-02-09 01:35:00,2026-02-08 22:35:00,Llaima,MODIS,0.0,0.0,RUTINA,NULO,No descargada,2026-02-08 23:50:38,2026-02-09 07:00:38,NO
1770600900,2026-02-09 01:35:00,2026-02-08 22:35:00,PlanchonPeteroa,MODIS,0.0,0.0,RUTINA,NULO,No descargada,2026-02-08 23:50:38,2026-02-09 07:00:38,NO
1770600900,2026-02-09 01:35:00,2026-02-08 22:35:00,Puyehue-Cordon Caulle,MODIS,0.0,0.0,RUTINA,NULO,No descargada,2026-02-08 23:50:38,2026-02-09 01:15:39,NO
1770600900,2026-02-09 01:35:00,2026-02-08 22:35:00,Nevados de Chillan,MODIS,0.0,0.0,RUTINA,NULO,No descargada,2026-02-08 23:50:38,2026-02-09 07:00:38,NO
1770582600,2026-02-08 20:30:00,2026-02-08 17:30:00,Isluga,MODIS,0.0,0.0,RUTINA,NULO,No descargada,2026-02-08 20:21:00,2026-02-08 23:45:37,NO
1770582300,2026-02-08 20:25:00,2026-02-08 17:25:00,Lastarria,MODIS,0.0,0.0,RUTINA,NULO,No descargada,2026-02-08 19:05:38,2026-02-08 23:45:37,NO
1770582300,2026-02-08 20:25:00,2026-02-08 17:25:00,Lascar,MODIS,0.0,0.0,RUTINA,NULO,No descargada,2026-02-08 19:05:38,2026-02-08 23:45:37,NO
1770582300,2026-02-08 20:25:00,2026-02-08 17:25:00,Nevados de Chillan,MODIS,0.0,0.0,RUTINA,NULO,No descargada,2026-02-08 19:05:38,2026-02-08 23:45:37,NO
1770582300,2026-02-08 20:25:00,2026-02-08 17:25:00,Villarrica,MODIS,0.0,0.0,RUTINA,NULO,No descargada,2026-02-08 19:05:38,2026-02-08 23:45:37,NO
1770582300,2026-02-08 20:25:00,2026-02-08 17:25:00,Llaima,MODIS,0.0,0.0,RUTINA,NULO,No descargada,2026-02-08 19:05:38,2026-02-08 23:45:37,NO
1770582300,2026-02-08 20:25:00,2026-02-08 17:25:00,Copahue,MODIS,0.0,0.0,RUTINA,NULO,No descargada,2026-02-08 19:05:38,2026-02-08 23:45:37,NO
1770582300,2026-02-08 20:25:00,2026-02-08 17:25:00,PlanchonPeteroa,MODIS,0.0,0.0,RUTINA,NULO,No descargada,2026-02-08 19:05:38,2026-02-08 23:45:37,NO
1770582000,2026-02-08 20:20:00,2026-02-08 17:20:00,Chaiten,MODIS,0.0,0.0,RUTINA,NULO,No descargada,2026-02-08 19:05:38,2026-02-08 23:45:37,NO
1770580800,2026-02-08 20:00:00,2026-02-08 17:00:00,Villarrica,VIIRS,0.0,0.0,RUTINA,NULO,No descargada,2026-02-08 19:20:35,2026-02-09 07:00:38,NO
1770580800,2026-02-08 20:00:00,2026-02-08 17:00:00,Chaiten,VIIRS375,0.0,0.0,RUTINA,NULO,No descargada,2026-02-08 20:05:46,2026-02-09 05:45:38,NO
1770580800,2026-02-08 20:00:00,2026-02-08 17:00:00,Chaiten,VIIRS,0.0,0.0,RUTINA,NULO,No descargada,2026-02-08 19:20:35,2026-02-09 04:30:40,NO
1770580800,2026-02-08 20:00:00,2026-02-08 17:00:00,Puyehue-Cordon Caulle,VIIRS375,0.0,0.0,RUTINA,NULO,No descargada,2026-02-08 20:05:46,2026-02-09 05:45:38,NO
1770580800,2026-02-08 20:00:00,2026-02-08 17:00:00,Villarrica,VIIRS375,0.0,0.0,RUTINA,NULO,No descargada,2026-02-08 20:05:46,2026-02-09 08:00:45,NO
1770580800,2026-02-08 20:00:00,2026-02-08 17:00:00,Puyehue-Cordon Caulle,VIIRS,0.0,0.0,RUTINA,NULO,No descargada,2026-02-08 19:20:35,2026-02-09 04:30:40,NO
1770576481,2026-02-08 18:48:01,2026-02-08 15:48:01,Lascar,VIIRS375,0.0,0.0,RUTINA,NULO,No descargada,2026-02-08 19:05:38,2026-02-09 07:45:35,NO
1770576481,2026-02-08 18:48:01,2026-02-08 15:48:01,Lascar,VIIRS,0.0,0.0,RUTINA,NULO,No descargada,2026-02-08 18:35:40,2026-02-09 07:00:38,NO
1770576481,2026-02-08 18:48:01,2026-02-08 15:48:01,Isluga,VIIRS,0.0,0.0,RUTINA,NULO,No descargada,2026-02-08 18:35:40,2026-02-09 07:00:38,NO
1770576481,2026-02-08 18:48:01,2026-02-08 15:48:01,Isluga,VIIRS375,0.0,0.0,RUTINA,NULO,No descargada,2026-02-08 19:05:38,2026-02-09 07:45:35,NO
1770576121,2026-02-08 18:42:01,2026-02-08 15:42:01,Chaiten,VIIRS,0.0,0.0,RUTINA,NULO,No descargada,2026-02-08 18:35:40,2026-02-08 19:15:40,NO
1770576121,2026-02-08 18:42:01,2026-02-08 15:42:01,Nevados de Chillan,VIIRS375,0.0,0.0,RUTINA,NULO,No descargada,2026-02-08 18:50:42,2026-02-09 07:45:35,NO
1770576121,2026-02-08 18:42:01,2026-02-08 15:42:01,PlanchonPeteroa,VIIRS,0.0,0.0,RUTINA,NULO,No descargada,2026-02-08 18:35:40,2026-02-09 07:00:38,NO
1770576121,2026-02-08 18:42:01,2026-02-08 15:42:01,Chaiten,VIIRS375,0.0,0.0,RUTINA,NULO,No descargada,2026-02-08 18:50:42,2026-02-08 20:00:43,NO
1770576121,2026-02-08 18:42:01,2026-02-08 15:42:01,Llaima,VIIRS,0.0,0.0,RUTINA,NULO,No descargada,2026-02-08 18:35:40,2026-02-09 07:30:42,NO
1770576121,2026-02-08 18:42:01,2026-02-08 15:42:01,Puyehue-Cordon Caulle,VIIRS,0.0,0.0,RUTINA,NULO,No descargada,2026-02-08 18:35:40,2026-02-08 19:15:40,NO
1770576121,2026-02-08 18:42:01,2026-02-08 15:42:01,Lastarria,VIIRS,0.0,0.0,RUTINA,NULO,No descargada,2026-02-08 18:20:38,2026-02-09 07:00:38,NO
1770576121,2026-02-08 18:42:01,2026-02-08 15:42:01,Villarrica,VIIRS375,0.0,0.0,RUTINA,NULO,No descargada,2026-02-08 18:50:42,2026-02-08 20:00:43,NO
1770576121,2026-02-08 18:42:01,2026-02-08 15:42:01,Copahue,VIIRS,0.0,0.0,RUTINA,NULO,No descargada,2026-02-08 18:35:40,2026-02-09 07:00:38,NO
1770576121,2026-02-08 18:42:01,2026-02-08 15:42:01,Llaima,VIIRS375,0.0,0.0,RUTINA,NULO,No descargada,2026-02-08 18:50:42,2026-02-09 08:30:41,NO
1770576121,2026-02-08 18:42:01,2026-02-08 15:42:01,Nevados de Chillan,VIIRS,0.0,0.0,RUTINA,NULO,No descargada,2026-02-08 18:35:40,2026-02-09 07:00:38,NO
1770576121,2026-02-08 18:42:01,2026-02-08 15:42:01,Lastarria,VIIRS375,0.0,0.0,RUTINA,NULO,No descargada,2026-02-08 18:50:42,2026-02-09 07:45:35,NO
1770576121,2026-02-08 18:42:01,2026-02-08 15:42:01,Villarrica,VIIRS,0.0,0.0,RUTINA,NULO,No descargada,2026-02-08 18:35:40,2026-02-08 19:15:40,NO
1770576121,2026-02-08 18:42:01,2026-02-08 15:42:01,PlanchonPeteroa,VIIRS375,0.0,0.0,RUTINA,NULO,No descargada,2026-02-08 18:50:42,2026-02-09 07:45:35,NO
1770576121,2026-02-08 18:42:01,2026-02-08 15:42:01,Copahue,VIIRS375,0.0,0.0,RUTINA,NULO,No descargada,2026-02-08 18:50:42,2026-02-09 07:45:35,NO
1770576121,2026-02-08 18:42:01,2026-02-08 15:42:01,Puyehue-Cordon Caulle,VIIRS375,0.0,0.0,RUTINA,NULO,No descargada,2026-02-08 18:50:42,2026-02-08 20:00:43,NO
1770575040,2026-02-08 18:24:00,2026-02-08 15:24:00,Lastarria,VIIRS,0.0,0.0,RUTINA,NULO,No descargada,2026-02-08 18:05:38,2026-02-08 18:15:39,NO
1770575040,2026-02-08 18:24:00,2026-02-08 15:24:00,PlanchonPeteroa,VIIRS,0.0,0.0,RUTINA,NULO,No descargada,2026-02-08 18:05:38,2026-02-08 18:30:38,NO
1770575040,2026-02-08 18:24:00,2026-02-08 15:24:00,Isluga,VIIRS375,0.0,0.0,RUTINA,NULO,No descargada,2026-02-08 18:35:40,2026-02-08 19:00:41,NO
1770575040,2026-02-08 18:24:00,2026-02-08 15:24:00,Isluga,VIIRS,0.0,0.0,RUTINA,NULO,No descargada,2026-02-08 18:05:38,2026-02-08 18:30:38,NO
1770575040,2026-02-08 18:24:00,2026-02-08 15:24:00,Lascar,VIIRS,0.0,0.0,RUTINA,NULO,No descargada,2026-02-08 18:05:38,2026-02-08 18:30:38,NO
1770575040,2026-02-08 18:24:00,2026-02-08 15:24:00,Lastarria,VIIRS375,0.0,0.0,RUTINA,NULO,No descargada,2026-02-08 18:35:40,2026-02-08 18:45:35,NO
1770575040,2026-02-08 18:24:00,2026-02-08 15:24:00,Lascar,VIIRS375,0.0,0.0,RUTINA,NULO,No descargada,2026-02-08 18:35:40,2026-02-08 19:00:41,NO
1770575040,2026-02-08 18:24:00,2026-02-08 15:24:00,PlanchonPeteroa,VIIRS375,0.0,0.0,RUTINA,NULO,No descargada,2026-02-08 18:35:40,2026-02-08 18:45:35,NO
1770574680,2026-02-08 18:18:00,2026-02-08 15:18:00,Puyehue-Cordon Caulle,VIIRS375,0.0,0.0,RUTINA,NULO,No descargada,2026-02-08 18:20:38,2026-02-08 18:45:35,NO
1770574680,2026-02-08 18:18:00,2026-02-08 15:18:00,Copahue,VIIRS,0.0,0.0,RUTINA,NULO,No descargada,2026-02-08 18:05:38,2026-02-08 18:30:38,NO
1770574680,2026-02-08 18:18:00,2026-02-08 15:18:00,Villarrica,VIIRS,0.0,0.0,RUTINA,NULO,No descargada,2026-02-08 18:05:38,2026-02-08 18:30:38,NO
1770574680,2026-02-08 18:18:00,2026-02-08 15:18:00,Puyehue-Cordon Caulle,VIIRS,0.0,0.0,RUTINA,NULO,No descargada,2026-02-08 18:05:38,2026-02-08 18:30:38,NO
1770574680,2026-02-08 18:18:00,2026-02-08 15:18:00,Chaiten,VIIRS,0.0,0.0,RUTINA,NULO,No descargada,2026-02-08 18:05:38,2026-02-08 18:30:38,NO
1770574680,2026-02-08 18:18:00,2026-02-08 15:18:00,Villarrica,VIIRS375,0.0,0.0,RUTINA,NULO,No descargada,2026-02-08 18:20:38,2026-02-08 18:45:35,NO
1770574680,2026-02-08 18:18:00,2026-02-08 15:18:00,Llaima,VIIRS,0.0,0.0,RUTINA,NULO,No descargada,2026-02-08 18:05:38,2026-02-08 18:30:38,NO
1770574680,2026-02-08 18:18:00,2026-02-08 15:18:00,Llaima,VIIRS375,0.0,0.0,RUTINA,NULO,No descargada,2026-02-08 18:20:38,2026-02-08 18:45:35,NO
1770574680,2026-02-08 18:18:00,2026-02-08 15:18:00,Copahue,VIIRS375,0.0,0.0,RUTINA,NULO,No descargada,2026-02-08 18:20:38,2026-02-08 18:45:35,NO
1770574680,2026-02-08 18:18:00,2026-02-08 15:18:00,Chaiten,VIIRS375,0.0,0.0,RUTINA,NULO,No descargada,2026-02-08 18:20:38,2026-02-08 18:45:35,NO
1770558000,2026-02-08 13:40:00,2026-02-08 10:40:00,Llaima,MODIS,0.0,0.0,RUTINA,NULO,No descargada,2026-02-08 12:05:40,2026-02-08 19:00:41,NO
1770558000,2026-02-08 13:40:00,2026-02-08 10:40:00,Villarrica,MODIS,0.0,0.0,RUTINA,NULO,No descargada,2026-02-08 12:05:40,2026-02-08 19:00:41,NO
1770558000,2026-02-08 13:40:00,2026-02-08 10:40:00,Puyehue-Cordon Caulle,MODIS,0.0,0.0,RUTINA,NULO,No descargada,2026-02-08 12:05:40,2026-02-08 23:45:37,NO
1770558000,2026-02-08 13:40:00,2026-02-08 10:40:00,Chaiten,MODIS,0.0,0.0,RUTINA,NULO,No descargada,2026-02-08 12:05:40,2026-02-08 19:00:41,NO
1770557700,2026-02-08 13:35:00,2026-02-08 10:35:00,Lascar,MODIS,0.0,0.0,RUTINA,NULO,No descargada,2026-02-08 12:05:40,2026-02-08 19:00:41,NO
1770557700,2026-02-08 13:35:00,2026-02-08 10:35:00,Nevados de Chillan,MODIS,0.0,0.0,RUTINA,NULO,No descargada,2026-02-08 12:05:40,2026-02-08 19:00:41,NO
1770557700,2026-02-08 13:35:00,2026-02-08 10:35:00,Lastarria,MODIS,0.0,0.0,RUTINA,NULO,No descargada,2026-02-08 12:05:40,2026-02-08 19:00:41,NO
1770557700,2026-02-08 13:35:00,2026-02-08 10:35:00,PlanchonPeteroa,MODIS,0.0,0.0,RUTINA,NULO,No descargada,2026-02-08 12:05:40,2026-02-08 19:00:41,NO
1770557400,2026-02-08 13:30:00,2026-02-08 10:30:00,Isluga,MODIS,0.0,0.0,RUTINA,NULO,No descargada,2026-02-08 12:05:40,2026-02-08 20:15:42,NO
1770533400,2026-02-08 06:50:00,2026-02-08 03:50:00,Chaiten,MODIS,0.0,0.0,RUTINA,NULO,No descargada,2026-02-08 06:05:38,2026-02-08 12:00:39,NO
1770533400,2026-02-08 06:50:00,2026-02-08 03:50:00,Puyehue-Cordon Caulle,MODIS,0.0,0.0,RUTINA,NULO,No descargada,2026-02-08 06:05:38,2026-02-08 12:00:39,NO
1770533100,2026-02-08 06:45:00,2026-02-08 03:45:00,Llaima,MODIS,0.0,0.0,RUTINA,NULO,No descargada,2026-02-08 06:05:38,2026-02-08 12:00:39,NO
1770533100,2026-02-08 06:45:00,2026-02-08 03:45:00,Nevados de Chillan,MODIS,0.0,0.0,RUTINA,NULO,No descargada,2026-02-08 06:05:38,2026-02-08 12:00:39,NO
1770533100,2026-02-08 06:45:00,2026-02-08 03:45:00,Lascar,MODIS,0.0,0.0,RUTINA,NULO,No descargada,2026-02-08 06:05:38,2026-02-08 12:00:39,NO
1770533100,2026-02-08 06:45:00,2026-02-08 03:45:00,Copahue,MODIS,0.0,0.0,RUTINA,NULO,No descargada,2026-02-08 06:05:38,2026-02-08 19:00:41,NO
1770533100,2026-02-08 06:45:00,2026-02-08 03:45:00,Lastarria,MODIS,0.0,0.0,RUTINA,NULO,No descargada,2026-02-08 06:05:38,2026-02-08 12:00:39,NO
1770533100,2026-02-08 06:45:00,2026-02-08 03:45:00,PlanchonPeteroa,MODIS,0.0,0.0,RUTINA,NULO,No descargada,2026-02-08 06:05:38,2026-02-08 12:00:39,NO
1770531841,2026-02-08 06:24:01,2026-02-08 03:24:01,Villarrica,VIIRS,0.0,0.0,RUTINA,NULO,No descargada,2026-02-08 07:05:40,2026-02-08 18:00:46,NO
1770531841,2026-02-08 06:24:01,2026-02-08 03:24:01,Llaima,VIIRS375,0.0,0.0,RUTINA,NULO,No descargada,2026-02-08 07:05:40,2026-02-08 18:15:39,NO
1770531841,2026-02-08 06:24:01,2026-02-08 03:24:01,Chaiten,VIIRS,0.0,0.0,RUTINA,NULO,No descargada,2026-02-08 07:05:40,2026-02-08 18:00:46,NO
1770531841,2026-02-08 06:24:01,2026-02-08 03:24:01,Nevados de Chillan,VIIRS,0.0,0.0,RUTINA,NULO,No descargada,2026-02-08 06:50:37,2026-02-08 18:30:38,NO
1770531841,2026-02-08 06:24:01,2026-02-08 03:24:01,Puyehue-Cordon Caulle,VIIRS375,0.36,7.73,ALERTA_TERMICA,Muy Bajo,imagenes_satelitales/Puyehue-Cordon Caulle/2026-02-08/06-24-01_Puyehue-Cordon Caulle_VIIRS375_Latest.png,2026-02-08 07:05:40,2026-02-08 18:15:39,NO
1770531841,2026-02-08 06:24:01,2026-02-08 03:24:01,Copahue,VIIRS375,0.0,0.0,RUTINA,NULO,No descargada,2026-02-08 07:05:40,2026-02-08 18:15:39,NO
1770531841,2026-02-08 06:24:01,2026-02-08 03:24:01,Chaiten,VIIRS375,0.0,0.0,RUTINA,NULO,No descargada,2026-02-08 07:05:40,2026-02-08 18:15:39,NO
1770531841,2026-02-08 06:24:01,2026-02-08 03:24:01,Copahue,VIIRS,0.0,0.0,RUTINA,NULO,No descargada,2026-02-08 07:05:40,2026-02-08 18:00:46,NO
1770531841,2026-02-08 06:24:01,2026-02-08 03:24:01,Villarrica,VIIRS375,0.0,0.0,RUTINA,NULO,No descargada,2026-02-08 07:05:40,2026-02-08 18:15:39,NO
1770531841,2026-02-08 06:24:01,2026-02-08 03:24:01,Puyehue-Cordon Caulle,VIIRS,0.0,0.0,RUTINA,NULO,No descargada,2026-02-08 07:05:40,2026-02-08 18:00:46,NO
1770531841,2026-02-08 06:24:01,2026-02-08 03:24:01,Nevados de Chillan,VIIRS375,0.0,0.0,RUTINA,NULO,No descargada,2026-02-08 07:05:40,2026-02-08 18:30:38,NO
1770531841,2026-02-08 06:24:01,2026-02-08 03:24:01,Llaima,VIIRS,0.0,0.0,RUTINA,NULO,No descargada,2026-02-08 07:05:40,2026-02-08 18:00:46,NO
1770531481,2026-02-08 06:18:01,2026-02-08 03:18:01,Isluga,VIIRS375,0.0,0.0,RUTINA,NULO,No descargada,2026-02-08 07:05:40,2026-02-08 18:30:38,NO
1770531481,2026-02-08 06:18:01,2026-02-08 03:18:01,Lastarria,VIIRS,0.0,0.0,RUTINA,NULO,No descargada,2026-02-08 06:50:37,2026-02-08 18:00:46,NO
1770531481,2026-02-08 06:18:01,2026-02-08 03:18:01,Isluga,VIIRS,0.0,0.0,RUTINA,NULO,No descargada,2026-02-08 06:50:37,2026-02-08 18:00:46,NO
1770531481,2026-02-08 06:18:01,2026-02-08 03:18:01,Lascar,VIIRS,0.0,0.0,RUTINA,NULO,No descargada,2026-02-08 06:50:37,2026-02-08 18:00:46,NO
1770531481,2026-02-08 06:18:01,2026-02-08 03:18:01,PlanchonPeteroa,VIIRS,0.0,0.0,RUTINA,NULO,No descargada,2026-02-08 06:50:37,2026-02-08 18:00:46,NO
1770531481,2026-02-08 06:18:01,2026-02-08 03:18:01,Lascar,VIIRS375,0.0,0.0,RUTINA,NULO,No descargada,2026-02-08 07:05:40,2026-02-08 18:30:38,NO
1770531481,2026-02-08 06:18:01,2026-02-08 03:18:01,Lastarria,VIIRS375,0.0,0.0,RUTINA,NULO,No descargada,2026-02-08 07:05:40,2026-02-08 18:30:38,NO
1770531481,2026-02-08 06:18:01,2026-02-08 03:18:01,PlanchonPeteroa,VIIRS375,0.06,1.68,ALERTA_TERMICA,Muy Bajo,imagenes_satelitales/PlanchonPeteroa/2026-02-08/06-18-01_PlanchonPeteroa_VIIRS375_Latest.png,2026-02-08 07:05:40,2026-02-08 18:30:38,NO
1770525721,2026-02-08 04:42:01,2026-02-08 01:42:01,Puyehue-Cordon Caulle,VIIRS,0.0,0.0,RUTINA,NULO,No descargada,2026-02-08 05:20:38,2026-02-08 07:00:43,NO
1770525721,2026-02-08 04:42:01,2026-02-08 01:42:01,Copahue,VIIRS,0.0,0.0,RUTINA,NULO,No descargada,2026-02-08 05:05:39,2026-02-08 07:00:43,NO
1770525721,2026-02-08 04:42:01,2026-02-08 01:42:01,Nevados de Chillan,VIIRS,0.0,0.0,RUTINA,NULO,No descargada,2026-02-08 05:05:39,2026-02-08 06:45:39,NO
1770525721,2026-02-08 04:42:01,2026-02-08 01:42:01,Chaiten,VIIRS,0.0,0.0,RUTINA,NULO,No descargada,2026-02-08 05:20:38,2026-02-08 07:00:43,NO
1770525721,2026-02-08 04:42:01,2026-02-08 01:42:01,Llaima,VIIRS,0.0,0.0,RUTINA,NULO,No descargada,2026-02-08 05:20:38,2026-02-08 07:00:43,NO
1770525721,2026-02-08 04:42:01,2026-02-08 01:42:01,Llaima,VIIRS375,0.0,0.0,RUTINA,NULO,No descargada,2026-02-08 06:20:40,2026-02-08 07:00:43,NO
1770525721,2026-02-08 04:42:01,2026-02-08 01:42:01,Nevados de Chillan,VIIRS375,0.0,0.0,RUTINA,NULO,No descargada,2026-02-08 06:20:40,2026-02-08 07:00:43,NO
1770525721,2026-02-08 04:42:01,2026-02-08 01:42:01,Chaiten,VIIRS375,0.0,0.0,RUTINA,NULO,No descargada,2026-02-08 06:20:40,2026-02-08 07:00:43,NO
1770525721,2026-02-08 04:42:01,2026-02-08 01:42:01,Copahue,VIIRS375,0.0,0.0,RUTINA,NULO,No descargada,2026-02-08 06:20:40,2026-02-08 07:00:43,NO
1770525721,2026-02-08 04:42:01,2026-02-08 01:42:01,Villarrica,VIIRS,0.0,0.0,RUTINA,NULO,No descargada,2026-02-08 05:20:38,2026-02-08 07:00:43,NO
1770525721,2026-02-08 04:42:01,2026-02-08 01:42:01,Villarrica,VIIRS375,0.0,0.0,RUTINA,NULO,No descargada,2026-02-08 06:20:40,2026-02-08 07:00:43,NO
1770525721,2026-02-08 04:42:01,2026-02-08 01:42:01,Puyehue-Cordon Caulle,VIIRS375,0.5,8.55,ALERTA_TERMICA,Muy Bajo,imagenes_satelitales/Puyehue-Cordon Caulle/2026-02-08/04-42-01_Puyehue-Cordon Caulle_VIIRS375_Latest.png,2026-02-08 06:20:40,2026-02-08 07:00:43,NO
1770525721,2026-02-08 04:42:01,2026-02-08 01:42:01,PlanchonPeteroa,VIIRS375,0.0,0.0,RUTINA,NULO,No descargada,2026-02-08 06:20:40,2026-02-08 07:00:43,NO
1770525721,2026-02-08 04:42:01,2026-02-08 01:42:01,PlanchonPeteroa,VIIRS,0.0,0.0,RUTINA,NULO,No descargada,2026-02-08 05:05:39,2026-02-08 06:45:39,NO
1770525361,2026-02-08 04:36:01,2026-02-08 01:36:01,Lascar,VIIRS375,0.0,0.0,RUTINA,NULO,No descargada,2026-02-08 06:20:40,2026-02-08 07:00:43,NO
1770525361,2026-02-08 04:36:01,2026-02-08 01:36:01,Lascar,VIIRS,0.0,0.0,RUTINA,NULO,No descargada,2026-02-08 06:20:40,2026-02-08 06:45:39,NO
1770525361,2026-02-08 04:36:01,2026-02-08 01:36:01,Lastarria,VIIRS,0.0,0.0,RUTINA,NULO,No descargada,2026-02-08 06:20:40,2026-02-08 06:45:39,NO
1770525361,2026-02-08 04:36:01,2026-02-08 01:36:01,Lastarria,VIIRS375,0.0,0.0,RUTINA,NULO,No descargada,2026-02-08 06:20:40,2026-02-08 07:00:43,NO
1770518100,2026-02-08 02:35:00,2026-02-07 23:35:00,Villarrica,MODIS,0.0,0.0,RUTINA,NULO,No descargada,2026-02-08 00:35:40,2026-02-08 12:00:39,NO
1770518100,2026-02-08 02:35:00,2026-02-07 23:35:00,Llaima,MODIS,0.0,0.0,RUTINA,NULO,No descargada,2026-02-08 00:35:40,2026-02-08 06:00:43,NO
1770518100,2026-02-08 02:35:00,2026-02-07 23:35:00,PlanchonPeteroa,MODIS,0.0,0.0,RUTINA,NULO,No descargada,2026-02-08 00:35:40,2026-02-08 06:00:43,NO
1770518100,2026-02-08 02:35:00,2026-02-07 23:35:00,Copahue,MODIS,0.0,0.0,RUTINA,NULO,No descargada,2026-02-08 00:35:40,2026-02-08 06:00:43,NO
1770518100,2026-02-08 02:35:00,2026-02-07 23:35:00,Chaiten,MODIS,0.0,0.0,RUTINA,NULO,No descargada,2026-02-08 00:50:40,2026-02-08 06:00:43,NO
1770518100,2026-02-08 02:35:00,2026-02-07 23:35:00,Nevados de Chillan,MODIS,0.0,0.0,RUTINA,NULO,No descargada,2026-02-08 00:35:40,2026-02-08 06:00:43,NO
1770518100,2026-02-08 02:35:00,2026-02-07 23:35:00,Puyehue-Cordon Caulle,MODIS,0.0,0.0,RUTINA,NULO,No descargada,2026-02-08 00:50:40,2026-02-08 06:00:43,NO
1770512700,2026-02-08 01:05:00,2026-02-07 22:05:00,Isluga,MODIS,0.0,0.0,RUTINA,NULO,No descargada,2026-02-08 00:05:39,2026-02-08 12:00:39,NO
1770512400,2026-02-08 01:00:00,2026-02-07 22:00:00,Lascar,MODIS,0.0,0.0,RUTINA,NULO,No descargada,2026-02-07 23:35:41,2026-02-08 06:00:43,NO
1770499200,2026-02-07 21:20:00,2026-02-07 18:20:00,Puyehue-Cordon Caulle,MODIS,0.0,0.0,RUTINA,NULO,No descargada,2026-02-07 20:50:40,2026-02-08 00:45:36,NO
1770499200,2026-02-07 21:20:00,2026-02-07 18:20:00,Chaiten,MODIS,0.0,0.0,RUTINA,NULO,No descargada,2026-02-07 20:50:40,2026-02-08 00:45:36,NO
1770493800,2026-02-07 19:50:00,2026-02-07 16:50:00,Lascar,MODIS,0.0,0.0,RUTINA,NULO,No descargada,2026-02-07 20:05:39,2026-02-07 23:30:41,NO
1770493800,2026-02-07 19:50:00,2026-02-07 16:50:00,Isluga,MODIS,0.0,0.0,RUTINA,NULO,No descargada,2026-02-07 20:05:39,2026-02-08 00:00:43,NO
1770493800,2026-02-07 19:50:00,2026-02-07 16:50:00,Lastarria,MODIS,0.0,0.0,RUTINA,NULO,No descargada,2026-02-07 20:05:39,2026-02-08 06:00:43,NO
1770493500,2026-02-07 19:45:00,2026-02-07 16:45:00,Villarrica,MODIS,0.0,0.0,RUTINA,NULO,No descargada,2026-02-07 18:50:41,2026-02-08 00:30:40,NO
1770493500,2026-02-07 19:45:00,2026-02-07 16:45:00,PlanchonPeteroa,MODIS,0.0,0.0,RUTINA,NULO,No descargada,2026-02-07 18:50:41,2026-02-08 00:30:40,NO
1770493500,2026-02-07 19:45:00,2026-02-07 16:45:00,Copahue,MODIS,0.0,0.0,RUTINA,NULO,No descargada,2026-02-07 18:50:41,2026-02-08 00:30:40,NO
1770493500,2026-02-07 19:45:00,2026-02-07 16:45:00,Puyehue-Cordon Caulle,MODIS,0.0,0.0,RUTINA,NULO,No descargada,2026-02-07 18:50:41,2026-02-07 20:46:03,NO
1770493500,2026-02-07 19:45:00,2026-02-07 16:45:00,Nevados de Chillan,MODIS,0.0,0.0,RUTINA,NULO,No descargada,2026-02-07 18:50:41,2026-02-08 00:30:40,NO
1770493500,2026-02-07 19:45:00,2026-02-07 16:45:00,Chaiten,MODIS,0.0,0.0,RUTINA,NULO,No descargada,2026-02-07 18:50:41,2026-02-07 20:46:03,NO
1770493500,2026-02-07 19:45:00,2026-02-07 16:45:00,Llaima,MODIS,0.0,0.0,RUTINA,NULO,No descargada,2026-02-07 18:50:41,2026-02-08 00:30:40,NO
1770491161,2026-02-07 19:06:01,2026-02-07 16:06:01,Lastarria,VIIRS,0.0,0.0,RUTINA,NULO,No descargada,2026-02-07 20:05:39,2026-02-08 06:15:34,NO
1770491161,2026-02-07 19:06:01,2026-02-07 16:06:01,Lascar,VIIRS375,0.0,0.0,RUTINA,NULO,No descargada,2026-02-07 21:35:40,2026-02-08 06:15:34,NO
1770491161,2026-02-07 19:06:01,2026-02-07 16:06:01,Isluga,VIIRS,0.0,0.0,RUTINA,NULO,No descargada,2026-02-07 20:05:39,2026-02-08 06:45:39,NO
1770491161,2026-02-07 19:06:01,2026-02-07 16:06:01,Isluga,VIIRS375,0.0,0.0,RUTINA,NULO,No descargada,2026-02-07 21:35:40,2026-02-08 07:00:43,NO
1770491161,2026-02-07 19:06:01,2026-02-07 16:06:01,Lastarria,VIIRS375,0.0,0.0,RUTINA,NULO,No descargada,2026-02-07 21:35:40,2026-02-08 06:15:34,NO
1770491161,2026-02-07 19:06:01,2026-02-07 16:06:01,Lascar,VIIRS,0.0,0.0,RUTINA,NULO,No descargada,2026-02-07 20:05:39,2026-02-08 06:15:34,NO
1770490801,2026-02-07 19:00:01,2026-02-07 16:00:01,Copahue,VIIRS375,0.0,0.0,RUTINA,NULO,No descargada,2026-02-07 19:20:38,2026-02-08 06:15:34,NO
1770490801,2026-02-07 19:00:01,2026-02-07 16:00:01,Puyehue-Cordon Caulle,VIIRS375,0.0,0.0,RUTINA,NULO,No descargada,2026-02-07 19:20:38,2026-02-08 06:15:34,NO
1770490801,2026-02-07 19:00:01,2026-02-07 16:00:01,Villarrica,VIIRS375,0.0,0.0,RUTINA,NULO,No descargada,2026-02-07 19:20:38,2026-02-08 06:15:34,NO
1770490801,2026-02-07 19:00:01,2026-02-07 16:00:01,Llaima,VIIRS,0.0,0.0,RUTINA,NULO,No descargada,2026-02-07 20:05:39,2026-02-08 05:15:37,NO
1770490801,2026-02-07 19:00:01,2026-02-07 16:00:01,Villarrica,VIIRS,0.0,0.0,RUTINA,NULO,No descargada,2026-02-07 20:05:39,2026-02-08 05:15:37,NO
1770490801,2026-02-07 19:00:01,2026-02-07 16:00:01,PlanchonPeteroa,VIIRS,0.0,0.0,RUTINA,NULO,No descargada,2026-02-07 20:05:39,2026-02-08 05:00:39,NO
1770490801,2026-02-07 19:00:01,2026-02-07 16:00:01,Chaiten,VIIRS,0.0,0.0,RUTINA,NULO,No descargada,2026-02-07 20:05:39,2026-02-08 05:15:37,NO
1770490801,2026-02-07 19:00:01,2026-02-07 16:00:01,Nevados de Chillan,VIIRS375,0.0,0.0,RUTINA,NULO,No descargada,2026-02-07 19:05:39,2026-02-08 06:15:34,NO
1770490801,2026-02-07 19:00:01,2026-02-07 16:00:01,Chaiten,VIIRS375,0.0,0.0,RUTINA,NULO,No descargada,2026-02-07 19:20:38,2026-02-08 06:15:34,NO
1770490801,2026-02-07 19:00:01,2026-02-07 16:00:01,Copahue,VIIRS,0.0,0.0,RUTINA,NULO,No descargada,2026-02-07 20:05:39,2026-02-08 05:00:39,NO
1770490801,2026-02-07 19:00:01,2026-02-07 16:00:01,Puyehue-Cordon Caulle,VIIRS,0.0,0.0,RUTINA,NULO,No descargada,2026-02-07 20:05:39,2026-02-08 05:15:37,NO
1770490801,2026-02-07 19:00:01,2026-02-07 16:00:01,PlanchonPeteroa,VIIRS375,0.0,0.0,RUTINA,NULO,No descargada,2026-02-07 19:05:39,2026-02-08 06:15:34,NO
1770490801,2026-02-07 19:00:01,2026-02-07 16:00:01,Llaima,VIIRS375,0.0,0.0,RUTINA,NULO,No descargada,2026-02-07 19:20:38,2026-02-08 06:15:34,NO
1770490801,2026-02-07 19:00:01,2026-02-07 16:00:01,Nevados de Chillan,VIIRS,0.0,0.0,RUTINA,NULO,No descargada,2026-02-07 20:05:39,2026-02-08 05:00:39,NO
1770489720,2026-02-07 18:42:00,2026-02-07 15:42:00,Llaima,VIIRS,0.0,0.0,RUTINA,NULO,No descargada,2026-02-07 19:20:38,2026-02-07 20:00:42,NO
1770489720,2026-02-07 18:42:00,2026-02-07 15:42:00,Lascar,VIIRS375,0.0,0.0,RUTINA,NULO,No descargada,2026-02-07 20:50:40,2026-02-07 21:30:56,NO
1770489720,2026-02-07 18:42:00,2026-02-07 15:42:00,PlanchonPeteroa,VIIRS,0.0,0.0,RUTINA,NULO,No descargada,2026-02-07 19:05:39,2026-02-07 20:00:42,NO
1770489720,2026-02-07 18:42:00,2026-02-07 15:42:00,Lastarria,VIIRS,0.0,0.0,RUTINA,NULO,No descargada,2026-02-07 19:05:39,2026-02-07 20:00:42,NO
1770489720,2026-02-07 18:42:00,2026-02-07 15:42:00,Nevados de Chillan,VIIRS,0.0,0.0,RUTINA,NULO,No descargada,2026-02-07 19:05:39,2026-02-07 20:00:42,NO
1770489720,2026-02-07 18:42:00,2026-02-07 15:42:00,Lascar,VIIRS,0.0,0.0,RUTINA,NULO,No descargada,2026-02-07 19:05:39,2026-02-07 20:00:42,NO
1770489720,2026-02-07 18:42:00,2026-02-07 15:42:00,Lastarria,VIIRS375,0.0,0.0,RUTINA,NULO,No descargada,2026-02-07 20:50:40,2026-02-07 21:30:56,NO
1770489720,2026-02-07 18:42:00,2026-02-07 15:42:00,Isluga,VIIRS375,0.0,0.0,RUTINA,NULO,No descargada,2026-02-07 20:50:40,2026-02-07 21:30:56,NO
1770489720,2026-02-07 18:42:00,2026-02-07 15:42:00,Isluga,VIIRS,0.0,0.0,RUTINA,NULO,No descargada,2026-02-07 19:05:39,2026-02-07 20:00:42,NO
1770489720,2026-02-07 18:42:00,2026-02-07 15:42:00,Copahue,VIIRS,0.0,0.0,RUTINA,NULO,No descargada,2026-02-07 19:20:38,2026-02-07 20:00:42,NO
1770489360,2026-02-07 18:36:00,2026-02-07 15:36:00,Chaiten,VIIRS,0.0,0.0,RUTINA,NULO,No descargada,2026-02-07 19:05:39,2026-02-07 20:00:42,NO
1770489360,2026-02-07 18:36:00,2026-02-07 15:36:00,Puyehue-Cordon Caulle,VIIRS,0.0,0.0,RUTINA,NULO,No descargada,2026-02-07 19:05:39,2026-02-07 20:00:42,NO
1770485041,2026-02-07 17:24:01,2026-02-07 14:24:01,Lastarria,VIIRS375,0.06,24.85,FALSO_POSITIVO,NULO,No descargada,2026-02-07 18:50:41,2026-02-07 20:46:03,NO
1770485041,2026-02-07 17:24:01,2026-02-07 14:24:01,Lascar,VIIRS375,0.0,0.0,RUTINA,NULO,No descargada,2026-02-07 18:50:41,2026-02-07 20:46:03,NO
1770485041,2026-02-07 17:24:01,2026-02-07 14:24:01,Lastarria,VIIRS,0.0,0.0,RUTINA,NULO,No descargada,2026-02-07 18:50:41,2026-02-07 19:00:40,NO
1770485041,2026-02-07 17:24:01,2026-02-07 14:24:01,Lascar,VIIRS,0.0,0.0,RUTINA,NULO,No descargada,2026-02-07 18:50:41,2026-02-07 19:00:40,NO
1770485041,2026-02-07 17:24:01,2026-02-07 14:24:01,Isluga,VIIRS375,0.0,0.0,RUTINA,NULO,No descargada,2026-02-07 18:50:41,2026-02-07 20:46:03,NO
1770485041,2026-02-07 17:24:01,2026-02-07 14:24:01,Isluga,VIIRS,0.0,0.0,RUTINA,NULO,No descargada,2026-02-07 18:50:41,2026-02-07 19:00:40,NO
1770469200,2026-02-07 13:00:00,2026-02-07 10:00:00,Puyehue-Cordon Caulle,MODIS,0.0,0.0,RUTINA,NULO,No descargada,2026-02-07 11:20:41,2026-02-07 18:45:40,NO
1770469200,2026-02-07 13:00:00,2026-02-07 10:00:00,Llaima,MODIS,0.0,0.0,RUTINA,NULO,No descargada,2026-02-07 11:20:41,2026-02-07 18:45:40,NO
1770469200,2026-02-07 13:00:00,2026-02-07 10:00:00,Nevados de Chillan,MODIS,0.0,0.0,RUTINA,NULO,No descargada,2026-02-07 11:05:36,2026-02-07 18:45:40,NO
1770469200,2026-02-07 13:00:00,2026-02-07 10:00:00,Villarrica,MODIS,0.0,0.0,RUTINA,NULO,No descargada,2026-02-07 11:20:41,2026-02-07 18:45:40,NO
1770469200,2026-02-07 13:00:00,2026-02-07 10:00:00,PlanchonPeteroa,MODIS,0.0,0.0,RUTINA,NULO,No descargada,2026-02-07 11:05:36,2026-02-07 18:45:40,NO
1770469200,2026-02-07 13:00:00,2026-02-07 10:00:00,Chaiten,MODIS,0.0,0.0,RUTINA,NULO,No descargada,2026-02-07 11:20:41,2026-02-07 18:45:40,NO
1770469200,2026-02-07 13:00:00,2026-02-07 10:00:00,Copahue,MODIS,0.0,0.0,RUTINA,NULO,No descargada,2026-02-07 11:20:41,2026-02-07 18:45:40,NO
1770468900,2026-02-07 12:55:00,2026-02-07 09:55:00,Lastarria,MODIS,0.0,0.0,RUTINA,NULO,No descargada,2026-02-07 11:05:36,2026-02-07 20:00:42,NO
1770468900,2026-02-07 12:55:00,2026-02-07 09:55:00,Isluga,MODIS,0.0,0.0,RUTINA,NULO,No descargada,2026-02-07 11:05:36,2026-02-07 20:00:42,NO
1770468900,2026-02-07 12:55:00,2026-02-07 09:55:00,Lascar,MODIS,0.0,0.0,RUTINA,NULO,No descargada,2026-02-07 11:05:36,2026-02-07 20:00:42,NO
1770450600,2026-02-07 07:50:00,2026-02-07 04:50:00,Chaiten,MODIS,0.0,0.0,RUTINA,NULO,No descargada,2026-02-07 07:20:35,2026-02-07 11:15:43,NO
1770450300,2026-02-07 07:45:00,2026-02-07 04:45:00,Copahue,MODIS,0.0,0.0,RUTINA,NULO,No descargada,2026-02-07 07:20:35,2026-02-07 11:15:43,NO
1770450300,2026-02-07 07:45:00,2026-02-07 04:45:00,Lascar,MODIS,0.0,0.0,RUTINA,NULO,No descargada,2026-02-07 07:05:39,2026-02-07 11:00:39,NO
1770450300,2026-02-07 07:45:00,2026-02-07 04:45:00,Nevados de Chillan,MODIS,0.0,0.0,RUTINA,NULO,No descargada,2026-02-07 07:05:39,2026-02-07 11:00:39,NO
1770450300,2026-02-07 07:45:00,2026-02-07 04:45:00,PlanchonPeteroa,MODIS,0.0,0.0,RUTINA,NULO,No descargada,2026-02-07 07:05:39,2026-02-07 11:00:39,NO
1770450300,2026-02-07 07:45:00,2026-02-07 04:45:00,Lastarria,MODIS,0.0,0.0,RUTINA,NULO,No descargada,2026-02-07 07:05:39,2026-02-07 11:00:39,NO
1770450300,2026-02-07 07:45:00,2026-02-07 04:45:00,Llaima,MODIS,0.0,0.0,RUTINA,NULO,No descargada,2026-02-07 07:20:35,2026-02-07 11:15:43,NO
1770450300,2026-02-07 07:45:00,2026-02-07 04:45:00,Villarrica,MODIS,0.0,0.0,RUTINA,NULO,No descargada,2026-02-07 07:20:35,2026-02-07 11:15:43,NO
1770450300,2026-02-07 07:45:00,2026-02-07 04:45:00,Puyehue-Cordon Caulle,MODIS,0.0,0.0,RUTINA,NULO,No descargada,2026-02-07 07:20:35,2026-02-07 11:15:43,NO
1770450000,2026-02-07 07:40:00,2026-02-07 04:40:00,Isluga,MODIS,0.0,0.0,RUTINA,NULO,No descargada,2026-02-07 07:05:39,2026-02-07 11:00:39,NO
1770446521,2026-02-07 06:42:01,2026-02-07 03:42:01,PlanchonPeteroa,VIIRS,0.0,0.0,RUTINA,NULO,No descargada,2026-02-07 06:20:40,2026-02-07 19:00:40,NO
1770446521,2026-02-07 06:42:01,2026-02-07 03:42:01,Puyehue-Cordon Caulle,VIIRS,0.0,0.0,RUTINA,NULO,No descargada,2026-02-07 06:20:40,2026-02-07 19:00:40,NO
1770446521,2026-02-07 06:42:01,2026-02-07 03:42:01,Copahue,VIIRS,0.0,0.0,RUTINA,NULO,No descargada,2026-02-07 06:20:40,2026-02-07 19:15:40,NO
1770446521,2026-02-07 06:42:01,2026-02-07 03:42:01,Chaiten,VIIRS375,0.05,0.38,ALERTA_TERMICA,Muy Bajo,imagenes_satelitales/Chaiten/2026-02-07/06-42-01_Chaiten_VIIRS375_Latest.png,2026-02-07 06:50:38,2026-02-07 19:15:40,NO
1770446521,2026-02-07 06:42:01,2026-02-07 03:42:01,Nevados de Chillan,VIIRS375,0.0,0.0,RUTINA,NULO,No descargada,2026-02-07 06:50:38,2026-02-07 19:00:40,NO
1770446521,2026-02-07 06:42:01,2026-02-07 03:42:01,Puyehue-Cordon Caulle,VIIRS375,0.76,8.1,ALERTA_TERMICA,Muy Bajo,imagenes_satelitales/Puyehue-Cordon Caulle/2026-02-07/06-42-01_Puyehue-Cordon Caulle_VIIRS375_Latest.png,2026-02-07 06:50:38,2026-02-07 19:15:40,NO
1770446521,2026-02-07 06:42:01,2026-02-07 03:42:01,Llaima,VIIRS375,0.0,0.0,RUTINA,NULO,No descargada,2026-02-07 06:50:38,2026-02-07 19:15:40,NO
1770446521,2026-02-07 06:42:01,2026-02-07 03:42:01,Copahue,VIIRS375,0.0,0.0,RUTINA,NULO,No descargada,2026-02-07 06:50:38,2026-02-07 19:15:40,NO
1770446521,2026-02-07 06:42:01,2026-02-07 03:42:01,Villarrica,VIIRS375,0.0,0.0,RUTINA,NULO,No descargada,2026-02-07 06:50:38,2026-02-07 19:15:40,NO
1770446521,2026-02-07 06:42:01,2026-02-07 03:42:01,Villarrica,VIIRS,0.0,0.0,RUTINA,NULO,No descargada,2026-02-07 06:20:40,2026-02-07 20:00:42,NO
1770446521,2026-02-07 06:42:01,2026-02-07 03:42:01,Llaima,VIIRS,0.0,0.0,RUTINA,NULO,No descargada,2026-02-07 06:20:40,2026-02-07 19:15:40,NO
1770446521,2026-02-07 06:42:01,2026-02-07 03:42:01,Nevados de Chillan,VIIRS,0.0,0.0,RUTINA,NULO,No descargada,2026-02-07 06:20:40,2026-02-07 19:00:40,NO
1770446521,2026-02-07 06:42:01,2026-02-07 03:42:01,Chaiten,VIIRS,0.0,0.0,RUTINA,NULO,No descargada,2026-02-07 06:20:40,2026-02-07 19:00:40,NO
1770446521,2026-02-07 06:42:01,2026-02-07 03:42:01,PlanchonPeteroa,VIIRS375,0.0,0.0,RUTINA,NULO,No descargada,2026-02-07 06:50:38,2026-02-07 19:00:40,NO
1770446161,2026-02-07 06:36:01,2026-02-07 03:36:01,Lastarria,VIIRS375,0.0,0.0,RUTINA,NULO,No descargada,2026-02-07 06:35:36,2026-02-07 18:45:40,NO
1770446161,2026-02-07 06:36:01,2026-02-07 03:36:01,Lastarria,VIIRS,0.0,0.0,RUTINA,NULO,No descargada,2026-02-07 06:20:40,2026-02-07 18:45:40,NO
1770446161,2026-02-07 06:36:01,2026-02-07 03:36:01,Lascar,VIIRS375,0.0,0.0,RUTINA,NULO,No descargada,2026-02-07 06:35:36,2026-02-07 18:45:40,NO
1770446161,2026-02-07 06:36:01,2026-02-07 03:36:01,Isluga,VIIRS,0.0,0.0,RUTINA,NULO,No descargada,2026-02-07 06:20:40,2026-02-07 18:45:40,NO
1770446161,2026-02-07 06:36:01,2026-02-07 03:36:01,Isluga,VIIRS375,0.04,0.53,ALERTA_TERMICA,Muy Bajo,imagenes_satelitales/Isluga/2026-02-07/06-36-01_Isluga_VIIRS375_Latest.png,2026-02-07 06:35:36,2026-02-07 18:45:40,NO
1770446161,2026-02-07 06:36:01,2026-02-07 03:36:01,Lascar,VIIRS,0.0,0.0,RUTINA,NULO,No descargada,2026-02-07 06:20:40,2026-02-07 18:45:40,NO
1770445080,2026-02-07 06:18:00,2026-02-07 03:18:00,Puyehue-Cordon Caulle,VIIRS,0.0,0.0,RUTINA,NULO,No descargada,2026-02-07 05:50:38,2026-02-07 06:15:37,NO
1770445080,2026-02-07 06:18:00,2026-02-07 03:18:00,PlanchonPeteroa,VIIRS,0.0,0.0,RUTINA,NULO,No descargada,2026-02-07 05:50:38,2026-02-07 06:15:37,NO
1770445080,2026-02-07 06:18:00,2026-02-07 03:18:00,Lastarria,VIIRS,0.0,0.0,RUTINA,NULO,No descargada,2026-02-07 05:50:38,2026-02-07 06:15:37,NO
1770445080,2026-02-07 06:18:00,2026-02-07 03:18:00,Lascar,VIIRS,0.0,0.0,RUTINA,NULO,No descargada,2026-02-07 05:50:38,2026-02-07 06:15:37,NO
1770445080,2026-02-07 06:18:00,2026-02-07 03:18:00,Copahue,VIIRS,0.0,0.0,RUTINA,NULO,No descargada,2026-02-07 05:50:38,2026-02-07 06:15:37,NO
1770445080,2026-02-07 06:18:00,2026-02-07 03:18:00,Nevados de Chillan,VIIRS,0.0,0.0,RUTINA,NULO,No descargada,2026-02-07 05:50:38,2026-02-07 06:15:37,NO
1770445080,2026-02-07 06:18:00,2026-02-07 03:18:00,Llaima,VIIRS,0.0,0.0,RUTINA,NULO,No descargada,2026-02-07 05:50:38,2026-02-07 06:15:37,NO
1770445080,2026-02-07 06:18:00,2026-02-07 03:18:00,Villarrica,VIIRS,0.0,0.0,RUTINA,NULO,No descargada,2026-02-07 05:50:38,2026-02-07 06:15:37,NO
1770440401,2026-02-07 05:00:01,2026-02-07 02:00:01,Nevados de Chillan,VIIRS,0.0,0.0,RUTINA,NULO,No descargada,2026-02-07 04:35:37,2026-02-07 05:45:39,NO
1770440401,2026-02-07 05:00:01,2026-02-07 02:00:01,Nevados de Chillan,VIIRS375,0.0,0.0,RUTINA,NULO,No descargada,2026-02-07 05:35:37,2026-02-07 06:45:39,NO
1770440401,2026-02-07 05:00:01,2026-02-07 02:00:01,Llaima,VIIRS,0.0,0.0,RUTINA,NULO,No descargada,2026-02-07 04:50:39,2026-02-07 05:45:39,NO
1770440401,2026-02-07 05:00:01,2026-02-07 02:00:01,Copahue,VIIRS375,0.0,0.0,RUTINA,NULO,No descargada,2026-02-07 05:35:37,2026-02-07 06:45:39,NO
1770440401,2026-02-07 05:00:01,2026-02-07 02:00:01,Chaiten,VIIRS375,0.0,0.0,RUTINA,NULO,No descargada,2026-02-07 05:35:37,2026-02-07 06:45:39,NO
1770440401,2026-02-07 05:00:01,2026-02-07 02:00:01,Villarrica,VIIRS,0.0,0.0,RUTINA,NULO,No descargada,2026-02-07 04:50:39,2026-02-07 05:45:39,NO
1770440401,2026-02-07 05:00:01,2026-02-07 02:00:01,Llaima,VIIRS375,0.0,0.0,RUTINA,NULO,No descargada,2026-02-07 05:35:37,2026-02-07 06:45:39,NO
1770440401,2026-02-07 05:00:01,2026-02-07 02:00:01,Chaiten,VIIRS,0.0,0.0,RUTINA,NULO,No descargada,2026-02-07 04:50:39,2026-02-07 06:15:37,NO
1770440401,2026-02-07 05:00:01,2026-02-07 02:00:01,Puyehue-Cordon Caulle,VIIRS,0.0,0.0,RUTINA,NULO,No descargada,2026-02-07 04:50:39,2026-02-07 05:45:39,NO
1770440401,2026-02-07 05:00:01,2026-02-07 02:00:01,PlanchonPeteroa,VIIRS,0.0,0.0,RUTINA,NULO,No descargada,2026-02-07 04:35:37,2026-02-07 05:45:39,NO
1770440401,2026-02-07 05:00:01,2026-02-07 02:00:01,Villarrica,VIIRS375,0.0,0.0,RUTINA,NULO,No descargada,2026-02-07 05:35:37,2026-02-07 06:45:39,NO
1770440401,2026-02-07 05:00:01,2026-02-07 02:00:01,PlanchonPeteroa,VIIRS375,0.0,0.0,RUTINA,NULO,No descargada,2026-02-07 05:35:37,2026-02-07 06:45:39,NO
1770440401,2026-02-07 05:00:01,2026-02-07 02:00:01,Copahue,VIIRS,0.0,0.0,RUTINA,NULO,No descargada,2026-02-07 04:35:37,2026-02-07 05:45:39,NO
1770440401,2026-02-07 05:00:01,2026-02-07 02:00:01,Puyehue-Cordon Caulle,VIIRS375,0.35,8.1,ALERTA_TERMICA,Muy Bajo,imagenes_satelitales/Puyehue-Cordon Caulle/2026-02-07/05-00-01_Puyehue-Cordon Caulle_VIIRS375_Latest.png,2026-02-07 05:35:37,2026-02-07 06:45:39,NO
1770440041,2026-02-07 04:54:01,2026-02-07 01:54:01,Isluga,VIIRS375,0.0,0.0,RUTINA,NULO,No descargada,2026-02-07 04:50:39,2026-02-07 06:30:37,NO
1770440041,2026-02-07 04:54:01,2026-02-07 01:54:01,Lascar,VIIRS375,0.0,0.0,RUTINA,NULO,No descargada,2026-02-07 04:50:39,2026-02-07 06:30:37,NO
1770440041,2026-02-07 04:54:01,2026-02-07 01:54:01,Isluga,VIIRS,0.0,0.0,RUTINA,NULO,No descargada,2026-02-07 04:35:37,2026-02-07 06:15:37,NO
1770440041,2026-02-07 04:54:01,2026-02-07 01:54:01,Lastarria,VIIRS,0.0,0.0,RUTINA,NULO,No descargada,2026-02-07 04:35:37,2026-02-07 05:45:39,NO
1770440041,2026-02-07 04:54:01,2026-02-07 01:54:01,Lastarria,VIIRS375,0.0,0.0,RUTINA,NULO,No descargada,2026-02-07 04:50:39,2026-02-07 06:30:37,NO
1770440041,2026-02-07 04:54:01,2026-02-07 01:54:01,Lascar,VIIRS,0.0,0.0,RUTINA,NULO,No descargada,2026-02-07 04:35:37,2026-02-07 05:45:39,NO
1770439320,2026-02-07 04:42:00,2026-02-07 01:42:00,Villarrica,VIIRS375,0.0,0.0,RUTINA,NULO,No descargada,2026-02-07 05:05:44,2026-02-07 05:30:41,NO
1770439320,2026-02-07 04:42:00,2026-02-07 01:42:00,Puyehue-Cordon Caulle,VIIRS375,0.0,0.0,RUTINA,NULO,No descargada,2026-02-07 05:05:44,2026-02-07 05:30:41,NO
1770439320,2026-02-07 04:42:00,2026-02-07 01:42:00,Nevados de Chillan,VIIRS375,0.0,0.0,RUTINA,NULO,No descargada,2026-02-07 05:05:44,2026-02-07 05:30:41,NO
1770439320,2026-02-07 04:42:00,2026-02-07 01:42:00,Chaiten,VIIRS375,0.0,0.0,RUTINA,NULO,No descargada,2026-02-07 05:05:44,2026-02-07 05:30:41,NO
1770439320,2026-02-07 04:42:00,2026-02-07 01:42:00,Copahue,VIIRS375,0.0,0.0,RUTINA,NULO,No descargada,2026-02-07 05:05:44,2026-02-07 05:30:41,NO
1770439320,2026-02-07 04:42:00,2026-02-07 01:42:00,Llaima,VIIRS375,0.0,0.0,RUTINA,NULO,No descargada,2026-02-07 05:05:44,2026-02-07 05:30:41,NO
1770438960,2026-02-07 04:36:00,2026-02-07 01:36:00,PlanchonPeteroa,VIIRS375,0.0,0.0,RUTINA,NULO,No descargada,2026-02-07 05:05:44,2026-02-07 05:30:41,NO
1770429600,2026-02-07 02:00:00,2026-02-06 23:00:00,Lascar,MODIS,0.0,0.0,RUTINA,NULO,No descargada,2026-02-07 00:20:39,2026-02-07 07:00:41,NO
1770429600,2026-02-07 02:00:00,2026-02-06 23:00:00,Lastarria,MODIS,0.0,0.0,RUTINA,NULO,No descargada,2026-02-07 00:20:39,2026-02-07 07:00:41,NO
1770429600,2026-02-07 02:00:00,2026-02-06 23:00:00,Isluga,MODIS,0.0,0.0,RUTINA,NULO,No descargada,2026-02-07 00:20:39,2026-02-07 07:00:41,NO
1770429300,2026-02-07 01:55:00,2026-02-06 22:55:00,Copahue,MODIS,0.0,0.0,RUTINA,NULO,No descargada,2026-02-07 00:20:39,2026-02-07 07:15:39,NO
1770429300,2026-02-07 01:55:00,2026-02-06 22:55:00,Llaima,MODIS,0.0,0.0,RUTINA,NULO,No descargada,2026-02-07 00:20:39,2026-02-07 07:15:39,NO
1770429300,2026-02-07 01:55:00,2026-02-06 22:55:00,Chaiten,MODIS,0.0,0.0,RUTINA,NULO,No descargada,2026-02-07 00:20:39,2026-02-07 07:15:39,NO
1770429300,2026-02-07 01:55:00,2026-02-06 22:55:00,Villarrica,MODIS,0.0,0.0,RUTINA,NULO,No descargada,2026-02-07 00:20:39,2026-02-07 07:15:39,NO
1770429300,2026-02-07 01:55:00,2026-02-06 22:55:00,PlanchonPeteroa,MODIS,0.0,0.0,RUTINA,NULO,No descargada,2026-02-07 00:20:39,2026-02-07 07:00:41,NO
1770429300,2026-02-07 01:55:00,2026-02-06 22:55:00,Nevados de Chillan,MODIS,0.0,0.0,RUTINA,NULO,No descargada,2026-02-07 00:20:39,2026-02-07 07:00:41,NO
1770429300,2026-02-07 01:55:00,2026-02-06 22:55:00,Puyehue-Cordon Caulle,MODIS,0.0,0.0,RUTINA,NULO,No descargada,2026-02-07 00:20:39,2026-02-07 07:15:39,NO
1770410700,2026-02-06 20:45:00,2026-02-06 17:45:00,Chaiten,MODIS,0.0,0.0,RUTINA,NULO,No descargada,2026-02-06 19:50:37,2026-02-07 00:15:40,NO
1770410700,2026-02-06 20:45:00,2026-02-06 17:45:00,Nevados de Chillan,MODIS,0.0,0.0,RUTINA,NULO,No descargada,2026-02-06 19:50:37,2026-02-07 00:15:40,NO
1770410700,2026-02-06 20:45:00,2026-02-06 17:45:00,Llaima,MODIS,0.0,0.0,RUTINA,NULO,No descargada,2026-02-06 19:50:37,2026-02-07 00:15:40,NO
1770410700,2026-02-06 20:45:00,2026-02-06 17:45:00,PlanchonPeteroa,MODIS,0.0,0.0,RUTINA,NULO,No descargada,2026-02-06 19:50:37,2026-02-07 00:15:40,NO
1770410700,2026-02-06 20:45:00,2026-02-06 17:45:00,Villarrica,MODIS,0.0,0.0,RUTINA,NULO,No descargada,2026-02-06 19:50:37,2026-02-07 00:15:40,NO
1770410700,2026-02-06 20:45:00,2026-02-06 17:45:00,Puyehue-Cordon Caulle,MODIS,0.0,0.0,RUTINA,NULO,No descargada,2026-02-06 19:50:37,2026-02-07 00:15:40,NO
1770410700,2026-02-06 20:45:00,2026-02-06 17:45:00,Copahue,MODIS,0.0,0.0,RUTINA,NULO,No descargada,2026-02-06 19:50:37,2026-02-07 00:15:40,NO
1770405481,2026-02-06 19:18:01,2026-02-06 16:18:01,Chaiten,VIIRS375,0.0,0.0,RUTINA,NULO,No descargada,2026-02-06 20:35:35,2026-02-07 04:50:39,NO
1770405481,2026-02-06 19:18:01,2026-02-06 16:18:01,Llaima,VIIRS,0.0,0.0,RUTINA,NULO,No descargada,2026-02-06 19:50:37,2026-02-07 04:45:38,NO
1770405481,2026-02-06 19:18:01,2026-02-06 16:18:01,Nevados de Chillan,VIIRS,0.0,0.0,RUTINA,NULO,No descargada,2026-02-06 19:50:37,2026-02-07 04:30:38,NO
1770405481,2026-02-06 19:18:01,2026-02-06 16:18:01,Puyehue-Cordon Caulle,VIIRS375,0.0,0.0,RUTINA,NULO,No descargada,2026-02-06 20:35:35,2026-02-07 04:50:39,NO
1770405481,2026-02-06 19:18:01,2026-02-06 16:18:01,Copahue,VIIRS375,0.0,0.0,RUTINA,NULO,No descargada,2026-02-06 20:35:35,2026-02-07 04:50:39,NO
1770405481,2026-02-06 19:18:01,2026-02-06 16:18:01,Chaiten,VIIRS,0.0,0.0,RUTINA,NULO,No descargada,2026-02-06 19:50:37,2026-02-07 04:45:38,NO
1770405481,2026-02-06 19:18:01,2026-02-06 16:18:01,PlanchonPeteroa,VIIRS,0.0,0.0,RUTINA,NULO,No descargada,2026-02-06 19:50:37,2026-02-07 04:30:38,NO
1770405481,2026-02-06 19:18:01,2026-02-06 16:18:01,PlanchonPeteroa,VIIRS375,0.0,0.0,RUTINA,NULO,No descargada,2026-02-06 20:35:35,2026-02-07 04:50:39,NO
1770405481,2026-02-06 19:18:01,2026-02-06 16:18:01,Villarrica,VIIRS,0.0,0.0,RUTINA,NULO,No descargada,2026-02-06 19:50:37,2026-02-07 04:45:38,NO
1770405481,2026-02-06 19:18:01,2026-02-06 16:18:01,Puyehue-Cordon Caulle,VIIRS,0.0,0.0,RUTINA,NULO,No descargada,2026-02-06 19:50:37,2026-02-07 04:45:38,NO
1770405481,2026-02-06 19:18:01,2026-02-06 16:18:01,Villarrica,VIIRS375,0.0,0.0,RUTINA,NULO,No descargada,2026-02-06 20:35:35,2026-02-07 04:50:39,NO
1770405481,2026-02-06 19:18:01,2026-02-06 16:18:01,Copahue,VIIRS,0.0,0.0,RUTINA,NULO,No descargada,2026-02-06 19:50:37,2026-02-07 04:30:38,NO
1770405481,2026-02-06 19:18:01,2026-02-06 16:18:01,Llaima,VIIRS375,0.0,0.0,RUTINA,NULO,No descargada,2026-02-06 20:35:35,2026-02-07 04:50:39,NO
1770405481,2026-02-06 19:18:01,2026-02-06 16:18:01,Nevados de Chillan,VIIRS375,0.0,0.0,RUTINA,NULO,No descargada,2026-02-06 20:35:35,2026-02-07 04:50:39,NO
1770405000,2026-02-06 19:10:00,2026-02-06 16:10:00,Isluga,MODIS,0.0,0.0,RUTINA,NULO,No descargada,2026-02-06 17:50:39,2026-02-07 00:15:40,NO
1770405000,2026-02-06 19:10:00,2026-02-06 16:10:00,Lascar,MODIS,0.0,0.0,RUTINA,NULO,No descargada,2026-02-06 17:50:39,2026-02-07 00:15:40,NO
1770404760,2026-02-06 19:06:00,2026-02-06 16:06:00,Isluga,VIIRS375,0.0,0.0,RUTINA,NULO,No descargada,2026-02-06 19:50:37,2026-02-07 04:45:38,NO
1770404760,2026-02-06 19:06:00,2026-02-06 16:06:00,Isluga,VIIRS,0.0,0.0,RUTINA,NULO,No descargada,2026-02-06 19:20:38,2026-02-07 04:30:38,NO
1770404400,2026-02-06 19:00:00,2026-02-06 16:00:00,Nevados de Chillan,VIIRS,0.0,0.0,RUTINA,NULO,No descargada,2026-02-06 19:20:38,2026-02-06 19:45:42,NO
1770404400,2026-02-06 19:00:00,2026-02-06 16:00:00,Lastarria,VIIRS375,0.0,0.0,RUTINA,NULO,No descargada,2026-02-06 19:50:37,2026-02-07 04:45:38,NO
1770404400,2026-02-06 19:00:00,2026-02-06 16:00:00,Llaima,VIIRS375,0.0,0.0,RUTINA,NULO,No descargada,2026-02-06 19:50:37,2026-02-06 20:30:38,NO
1770404400,2026-02-06 19:00:00,2026-02-06 16:00:00,Copahue,VIIRS,0.0,0.0,RUTINA,NULO,No descargada,2026-02-06 19:20:38,2026-02-06 19:45:42,NO
1770404400,2026-02-06 19:00:00,2026-02-06 16:00:00,Copahue,VIIRS375,0.0,0.0,RUTINA,NULO,No descargada,2026-02-06 19:50:37,2026-02-06 20:30:38,NO
1770404400,2026-02-06 19:00:00,2026-02-06 16:00:00,Nevados de Chillan,VIIRS375,0.0,0.0,RUTINA,NULO,No descargada,2026-02-06 19:50:37,2026-02-06 20:30:38,NO
1770404400,2026-02-06 19:00:00,2026-02-06 16:00:00,PlanchonPeteroa,VIIRS375,0.0,0.0,RUTINA,NULO,No descargada,2026-02-06 19:50:37,2026-02-06 20:30:38,NO
1770404400,2026-02-06 19:00:00,2026-02-06 16:00:00,Llaima,VIIRS,0.0,0.0,RUTINA,NULO,No descargada,2026-02-06 19:20:38,2026-02-06 19:45:42,NO
1770404400,2026-02-06 19:00:00,2026-02-06 16:00:00,Lascar,VIIRS375,0.0,0.0,RUTINA,NULO,No descargada,2026-02-06 19:50:37,2026-02-07 04:45:38,NO
1770404400,2026-02-06 19:00:00,2026-02-06 16:00:00,Puyehue-Cordon Caulle,VIIRS375,0.0,0.0,RUTINA,NULO,No descargada,2026-02-06 19:50:37,2026-02-06 20:30:38,NO
1770404400,2026-02-06 19:00:00,2026-02-06 16:00:00,Lascar,VIIRS,0.0,0.0,RUTINA,NULO,No descargada,2026-02-06 18:50:36,2026-02-07 04:30:38,NO
1770404400,2026-02-06 19:00:00,2026-02-06 16:00:00,Villarrica,VIIRS,0.0,0.0,RUTINA,NULO,No descargada,2026-02-06 19:20:38,2026-02-06 19:45:42,NO
1770404400,2026-02-06 19:00:00,2026-02-06 16:00:00,Villarrica,VIIRS375,0.0,0.0,RUTINA,NULO,No descargada,2026-02-06 19:50:37,2026-02-06 20:30:38,NO
1770404400,2026-02-06 19:00:00,2026-02-06 16:00:00,Lastarria,VIIRS,0.0,0.0,RUTINA,NULO,No descargada,2026-02-06 18:50:36,2026-02-07 04:30:38,NO
1770404400,2026-02-06 19:00:00,2026-02-06 16:00:00,Puyehue-Cordon Caulle,VIIRS,0.0,0.0,RUTINA,NULO,No descargada,2026-02-06 19:20:38,2026-02-06 19:45:42,NO
1770404400,2026-02-06 19:00:00,2026-02-06 16:00:00,PlanchonPeteroa,VIIRS,0.0,0.0,RUTINA,NULO,No descargada,2026-02-06 19:20:38,2026-02-06 19:45:42,NO
1770399721,2026-02-06 17:42:01,2026-02-06 14:42:01,Lascar,VIIRS375,0.0,0.0,RUTINA,NULO,No descargada,2026-02-06 19:20:38,2026-02-06 19:45:42,NO
1770399721,2026-02-06 17:42:01,2026-02-06 14:42:01,Lastarria,VIIRS375,0.0,0.0,RUTINA,NULO,No descargada,2026-02-06 19:20:38,2026-02-06 19:45:42,NO
1770399721,2026-02-06 17:42:01,2026-02-06 14:42:01,Isluga,VIIRS375,0.0,0.0,RUTINA,NULO,No descargada,2026-02-06 19:20:38,2026-02-06 19:45:42,NO
1770399721,2026-02-06 17:42:01,2026-02-06 14:42:01,Lastarria,VIIRS,0.0,0.0,RUTINA,NULO,No descargada,2026-02-06 18:05:38,2026-02-06 18:45:40,NO
1770399721,2026-02-06 17:42:01,2026-02-06 14:42:01,Lascar,VIIRS,0.0,0.0,RUTINA,NULO,No descargada,2026-02-06 18:05:38,2026-02-06 18:45:40,NO
1770399721,2026-02-06 17:42:01,2026-02-06 14:42:01,Isluga,VIIRS,0.0,0.0,RUTINA,NULO,No descargada,2026-02-06 17:50:39,2026-02-06 19:15:37,NO
1770399721,2026-02-06 17:42:01,2026-02-06 14:42:01,PlanchonPeteroa,VIIRS,0.0,0.0,RUTINA,NULO,No descargada,2026-02-06 18:05:38,2026-02-06 19:15:37,NO
1770399721,2026-02-06 17:42:01,2026-02-06 14:42:01,PlanchonPeteroa,VIIRS375,0.0,0.0,RUTINA,NULO,No descargada,2026-02-06 19:20:38,2026-02-06 19:45:42,NO
1770399361,2026-02-06 17:36:01,2026-02-06 14:36:01,Copahue,VIIRS375,0.0,0.0,RUTINA,NULO,No descargada,2026-02-06 18:35:38,2026-02-06 19:45:42,NO
1770399361,2026-02-06 17:36:01,2026-02-06 14:36:01,Villarrica,VIIRS,0.0,0.0,RUTINA,NULO,No descargada,2026-02-06 17:50:39,2026-02-06 19:15:37,NO
1770399361,2026-02-06 17:36:01,2026-02-06 14:36:01,Villarrica,VIIRS375,0.0,0.0,RUTINA,NULO,No descargada,2026-02-06 18:50:36,2026-02-06 19:45:42,NO
1770399361,2026-02-06 17:36:01,2026-02-06 14:36:01,Puyehue-Cordon Caulle,VIIRS375,0.0,0.0,RUTINA,NULO,No descargada,2026-02-06 18:50:36,2026-02-06 19:45:42,NO
1770399361,2026-02-06 17:36:01,2026-02-06 14:36:01,Nevados de Chillan,VIIRS,0.0,0.0,RUTINA,NULO,No descargada,2026-02-06 17:50:39,2026-02-06 19:15:37,NO
1770399361,2026-02-06 17:36:01,2026-02-06 14:36:01,Llaima,VIIRS375,0.0,0.0,RUTINA,NULO,No descargada,2026-02-06 18:50:36,2026-02-06 19:45:42,NO
1770399361,2026-02-06 17:36:01,2026-02-06 14:36:01,Copahue,VIIRS,0.0,0.0,RUTINA,NULO,No descargada,2026-02-06 17:50:39,2026-02-06 19:15:37,NO
1770399361,2026-02-06 17:36:01,2026-02-06 14:36:01,Puyehue-Cordon Caulle,VIIRS,0.0,0.0,RUTINA,NULO,No descargada,2026-02-06 17:50:39,2026-02-06 19:15:37,NO
1770399361,2026-02-06 17:36:01,2026-02-06 14:36:01,Chaiten,VIIRS,0.0,0.0,RUTINA,NULO,No descargada,2026-02-06 17:50:39,2026-02-06 19:45:42,NO
1770399361,2026-02-06 17:36:01,2026-02-06 14:36:01,Nevados de Chillan,VIIRS375,0.0,0.0,RUTINA,NULO,No descargada,2026-02-06 18:35:38,2026-02-06 19:45:42,NO
1770399361,2026-02-06 17:36:01,2026-02-06 14:36:01,Chaiten,VIIRS375,0.0,0.0,RUTINA,NULO,No descargada,2026-02-06 18:50:36,2026-02-06 20:30:38,NO
1770399361,2026-02-06 17:36:01,2026-02-06 14:36:01,Llaima,VIIRS,0.0,0.0,RUTINA,NULO,No descargada,2026-02-06 17:50:39,2026-02-06 19:15:37,NO
1770398640,2026-02-06 17:24:00,2026-02-06 14:24:00,Isluga,VIIRS375,0.0,0.0,RUTINA,NULO,No descargada,2026-02-06 18:05:38,2026-02-06 19:15:37,NO
1770398640,2026-02-06 17:24:00,2026-02-06 14:24:00,Lascar,VIIRS,0.0,0.0,RUTINA,NULO,No descargada,2026-02-06 16:35:36,2026-02-06 18:00:41,NO
1770398640,2026-02-06 17:24:00,2026-02-06 14:24:00,Lascar,VIIRS375,0.0,0.0,RUTINA,NULO,No descargada,2026-02-06 18:05:38,2026-02-06 19:15:37,NO
1770398640,2026-02-06 17:24:00,2026-02-06 14:24:00,Isluga,VIIRS,0.0,0.0,RUTINA,NULO,No descargada,2026-02-06 16:35:36,2026-02-06 17:45:35,NO
1770398640,2026-02-06 17:24:00,2026-02-06 14:24:00,Lastarria,VIIRS,0.0,0.0,RUTINA,NULO,No descargada,2026-02-06 16:35:36,2026-02-06 18:00:41,NO
1770398640,2026-02-06 17:24:00,2026-02-06 14:24:00,Lastarria,VIIRS375,0.0,0.0,RUTINA,NULO,No descargada,2026-02-06 18:05:38,2026-02-06 19:15:37,NO
1770386400,2026-02-06 14:00:00,2026-02-06 11:00:00,Llaima,MODIS,0.0,0.0,RUTINA,NULO,No descargada,2026-02-06 12:20:37,2026-02-06 19:45:42,NO
1770386400,2026-02-06 14:00:00,2026-02-06 11:00:00,Chaiten,MODIS,0.0,0.0,RUTINA,NULO,No descargada,2026-02-06 12:20:37,2026-02-06 19:45:42,NO
1770386400,2026-02-06 14:00:00,2026-02-06 11:00:00,Puyehue-Cordon Caulle,MODIS,0.0,0.0,RUTINA,NULO,No descargada,2026-02-06 12:20:37,2026-02-06 19:45:42,NO
1770386400,2026-02-06 14:00:00,2026-02-06 11:00:00,Villarrica,MODIS,0.0,0.0,RUTINA,NULO,No descargada,2026-02-06 12:20:37,2026-02-06 19:45:42,NO
1770386100,2026-02-06 13:55:00,2026-02-06 10:55:00,Lascar,MODIS,0.0,0.0,RUTINA,NULO,No descargada,2026-02-06 12:20:37,2026-02-06 17:45:35,NO
1770386100,2026-02-06 13:55:00,2026-02-06 10:55:00,Lastarria,MODIS,0.0,0.0,RUTINA,NULO,No descargada,2026-02-06 12:20:37,2026-02-07 00:15:40,NO
1770386100,2026-02-06 13:55:00,2026-02-06 10:55:00,Copahue,MODIS,0.0,0.0,RUTINA,NULO,No descargada,2026-02-06 12:20:37,2026-02-06 19:45:42,NO
1770386100,2026-02-06 13:55:00,2026-02-06 10:55:00,Nevados de Chillan,MODIS,0.0,0.0,RUTINA,NULO,No descargada,2026-02-06 12:20:37,2026-02-06 19:45:42,NO
1770386100,2026-02-06 13:55:00,2026-02-06 10:55:00,PlanchonPeteroa,MODIS,0.0,0.0,RUTINA,NULO,No descargada,2026-02-06 12:20:37,2026-02-06 19:45:42,NO
1770385800,2026-02-06 13:50:00,2026-02-06 10:50:00,Isluga,MODIS,0.0,0.0,RUTINA,NULO,No descargada,2026-02-06 12:20:37,2026-02-06 17:45:35,NO
1770380400,2026-02-06 12:20:00,2026-02-06 09:20:00,Chaiten,MODIS,0.0,0.0,RUTINA,NULO,No descargada,2026-02-06 10:20:37,2026-02-06 12:15:38,NO
1770361800,2026-02-06 07:10:00,2026-02-06 04:10:00,Llaima,MODIS,0.0,0.0,RUTINA,NULO,No descargada,2026-02-06 07:50:39,2026-02-06 12:15:38,NO
1770361800,2026-02-06 07:10:00,2026-02-06 04:10:00,PlanchonPeteroa,MODIS,0.0,0.0,RUTINA,NULO,No descargada,2026-02-06 07:50:39,2026-02-06 12:15:38,NO
1770361800,2026-02-06 07:10:00,2026-02-06 04:10:00,Chaiten,MODIS,0.0,0.0,RUTINA,NULO,No descargada,2026-02-06 07:50:39,2026-02-06 10:15:40,NO
1770361800,2026-02-06 07:10:00,2026-02-06 04:10:00,Copahue,MODIS,0.0,0.0,RUTINA,NULO,No descargada,2026-02-06 07:50:39,2026-02-06 12:15:38,NO
1770361800,2026-02-06 07:10:00,2026-02-06 04:10:00,Nevados de Chillan,MODIS,0.0,0.0,RUTINA,NULO,No descargada,2026-02-06 07:50:39,2026-02-06 12:15:38,NO
1770361800,2026-02-06 07:10:00,2026-02-06 04:10:00,Puyehue-Cordon Caulle,MODIS,0.0,0.0,RUTINA,NULO,No descargada,2026-02-06 07:50:39,2026-02-06 12:15:38,NO
1770361800,2026-02-06 07:10:00,2026-02-06 04:10:00,Villarrica,MODIS,0.0,0.0,RUTINA,NULO,No descargada,2026-02-06 07:50:39,2026-02-06 12:15:38,NO
1770361500,2026-02-06 07:05:00,2026-02-06 04:05:00,Isluga,MODIS,0.0,0.0,RUTINA,NULO,No descargada,2026-02-06 07:50:39,2026-02-06 12:15:38,NO
1770361500,2026-02-06 07:05:00,2026-02-06 04:05:00,Lascar,MODIS,0.0,0.0,RUTINA,NULO,No descargada,2026-02-06 07:50:39,2026-02-06 12:15:38,NO
1770361500,2026-02-06 07:05:00,2026-02-06 04:05:00,Lastarria,MODIS,0.0,0.0,RUTINA,NULO,No descargada,2026-02-06 07:50:39,2026-02-06 12:15:38,NO
1770360120,2026-02-06 06:42:00,2026-02-06 03:42:00,Puyehue-Cordon Caulle,VIIRS,0.0,0.0,RUTINA,NULO,No descargada,2026-02-06 09:35:39,2026-02-06 17:45:35,NO
1770360120,2026-02-06 06:42:00,2026-02-06 03:42:00,Chaiten,VIIRS375,0.0,0.0,RUTINA,NULO,No descargada,2026-02-06 11:05:39,2026-02-06 18:45:40,NO
1770360120,2026-02-06 06:42:00,2026-02-06 03:42:00,Puyehue-Cordon Caulle,VIIRS375,0.2,7.65,ALERTA_TERMICA,Muy Bajo,imagenes_satelitales/Puyehue-Cordon Caulle/2026-02-06/06-42-00_Puyehue-Cordon Caulle_VIIRS375_Latest.png,2026-02-06 11:05:39,2026-02-06 18:45:40,NO
1770360120,2026-02-06 06:42:00,2026-02-06 03:42:00,Villarrica,VIIRS,0.0,0.0,RUTINA,NULO,No descargada,2026-02-06 09:35:39,2026-02-06 17:45:35,NO
1770360120,2026-02-06 06:42:00,2026-02-06 03:42:00,Villarrica,VIIRS375,0.0,0.0,RUTINA,NULO,No descargada,2026-02-06 11:05:39,2026-02-06 18:45:40,NO
1770360120,2026-02-06 06:42:00,2026-02-06 03:42:00,Chaiten,VIIRS,0.0,0.0,RUTINA,NULO,No descargada,2026-02-06 09:35:39,2026-02-06 17:45:35,NO
1770359760,2026-02-06 06:36:00,2026-02-06 03:36:00,Isluga,VIIRS,0.0,0.0,RUTINA,NULO,No descargada,2026-02-06 09:20:39,2026-02-06 16:30:39,NO
1770359760,2026-02-06 06:36:00,2026-02-06 03:36:00,Copahue,VIIRS375,0.0,0.0,RUTINA,NULO,No descargada,2026-02-06 10:50:42,2026-02-06 18:30:42,NO
1770359760,2026-02-06 06:36:00,2026-02-06 03:36:00,PlanchonPeteroa,VIIRS,0.0,0.0,RUTINA,NULO,No descargada,2026-02-06 09:20:39,2026-02-06 18:00:41,NO
1770359760,2026-02-06 06:36:00,2026-02-06 03:36:00,Llaima,VIIRS,0.0,0.0,RUTINA,NULO,No descargada,2026-02-06 09:35:39,2026-02-06 17:45:35,NO
1770359760,2026-02-06 06:36:00,2026-02-06 03:36:00,Lascar,VIIRS375,0.0,0.0,RUTINA,NULO,No descargada,2026-02-06 10:50:42,2026-02-06 18:00:41,NO
1770359760,2026-02-06 06:36:00,2026-02-06 03:36:00,Lastarria,VIIRS375,0.23,11.96,FALSO_POSITIVO,NULO,No descargada,2026-02-06 10:50:42,2026-02-06 18:00:41,NO
1770359760,2026-02-06 06:36:00,2026-02-06 03:36:00,Llaima,VIIRS375,0.0,0.0,RUTINA,NULO,No descargada,2026-02-06 10:50:42,2026-02-06 18:45:40,NO
1770359760,2026-02-06 06:36:00,2026-02-06 03:36:00,Lascar,VIIRS,0.0,0.0,RUTINA,NULO,No descargada,2026-02-06 09:20:39,2026-02-06 16:30:39,NO
1770359760,2026-02-06 06:36:00,2026-02-06 03:36:00,Lastarria,VIIRS,0.0,0.0,RUTINA,NULO,No descargada,2026-02-06 09:20:39,2026-02-06 16:30:39,NO
1770359760,2026-02-06 06:36:00,2026-02-06 03:36:00,Isluga,VIIRS375,0.09,0.84,ALERTA_TERMICA,Muy Bajo,imagenes_satelitales/Isluga/2026-02-06/06-36-00_Isluga_VIIRS375_Latest.png,2026-02-06 10:50:42,2026-02-06 18:00:41,NO
1770359760,2026-02-06 06:36:00,2026-02-06 03:36:00,PlanchonPeteroa,VIIRS375,0.0,0.0,RUTINA,NULO,No descargada,2026-02-06 10:50:42,2026-02-06 19:15:37,NO
1770359760,2026-02-06 06:36:00,2026-02-06 03:36:00,Nevados de Chillan,VIIRS375,0.0,0.0,RUTINA,NULO,No descargada,2026-02-06 10:50:42,2026-02-06 18:30:42,NO
1770359760,2026-02-06 06:36:00,2026-02-06 03:36:00,Copahue,VIIRS,0.0,0.0,RUTINA,NULO,No descargada,2026-02-06 09:35:39,2026-02-06 17:45:35,NO
1770359760,2026-02-06 06:36:00,2026-02-06 03:36:00,Nevados de Chillan,VIIRS,0.0,0.0,RUTINA,NULO,No descargada,2026-02-06 09:35:39,2026-02-06 17:45:35,NO
1770355081,2026-02-06 05:18:01,2026-02-06 02:18:01,PlanchonPeteroa,VIIRS375,0.0,0.0,RUTINA,NULO,No descargada,2026-02-06 08:50:37,2026-02-06 10:45:37,NO
1770355081,2026-02-06 05:18:01,2026-02-06 02:18:01,Nevados de Chillan,VIIRS375,0.0,0.0,RUTINA,NULO,No descargada,2026-02-06 08:50:37,2026-02-06 10:45:37,NO
1770355081,2026-02-06 05:18:01,2026-02-06 02:18:01,Nevados de Chillan,VIIRS,0.0,0.0,RUTINA,NULO,No descargada,2026-02-06 08:50:37,2026-02-06 09:30:41,NO
1770355081,2026-02-06 05:18:01,2026-02-06 02:18:01,Copahue,VIIRS375,0.0,0.0,RUTINA,NULO,No descargada,2026-02-06 08:50:37,2026-02-06 10:45:37,NO
1770355081,2026-02-06 05:18:01,2026-02-06 02:18:01,Puyehue-Cordon Caulle,VIIRS,0.59,7.83,ALERTA_TERMICA,Muy Bajo,imagenes_satelitales/Puyehue-Cordon Caulle/2026-02-06/05-18-01_Puyehue-Cordon Caulle_VIIRS750_Latest.png,2026-02-06 08:50:37,2026-02-06 09:30:41,NO
1770355081,2026-02-06 05:18:01,2026-02-06 02:18:01,Villarrica,VIIRS,0.0,0.0,RUTINA,NULO,No descargada,2026-02-06 08:50:37,2026-02-06 09:30:41,NO
1770355081,2026-02-06 05:18:01,2026-02-06 02:18:01,Lastarria,VIIRS375,0.0,0.0,RUTINA,NULO,No descargada,2026-02-06 08:50:37,2026-02-06 10:45:37,NO
1770355081,2026-02-06 05:18:01,2026-02-06 02:18:01,Villarrica,VIIRS375,0.0,0.0,RUTINA,NULO,No descargada,2026-02-06 08:50:37,2026-02-06 11:00:51,NO
1770355081,2026-02-06 05:18:01,2026-02-06 02:18:01,PlanchonPeteroa,VIIRS,0.0,0.0,RUTINA,NULO,No descargada,2026-02-06 08:50:37,2026-02-06 09:15:40,NO
1770355081,2026-02-06 05:18:01,2026-02-06 02:18:01,Chaiten,VIIRS,0.0,0.0,RUTINA,NULO,No descargada,2026-02-06 08:50:37,2026-02-06 09:30:41,NO
1770355081,2026-02-06 05:18:01,2026-02-06 02:18:01,Lastarria,VIIRS,0.0,0.0,RUTINA,NULO,No descargada,2026-02-06 08:50:37,2026-02-06 09:15:40,NO
1770355081,2026-02-06 05:18:01,2026-02-06 02:18:01,Chaiten,VIIRS375,0.0,0.0,RUTINA,NULO,No descargada,2026-02-06 08:50:37,2026-02-06 11:00:51,NO
1770355081,2026-02-06 05:18:01,2026-02-06 02:18:01,Llaima,VIIRS,0.0,0.0,RUTINA,NULO,No descargada,2026-02-06 08:50:37,2026-02-06 09:30:41,NO
1770355081,2026-02-06 05:18:01,2026-02-06 02:18:01,Llaima,VIIRS375,0.0,0.0,RUTINA,NULO,No descargada,2026-02-06 08:50:37,2026-02-06 10:45:37,NO
1770355081,2026-02-06 05:18:01,2026-02-06 02:18:01,Puyehue-Cordon Caulle,VIIRS375,0.19,7.83,ALERTA_TERMICA,Muy Bajo,imagenes_satelitales/Puyehue-Cordon Caulle/2026-02-06/05-18-01_Puyehue-Cordon Caulle_VIIRS375_Latest.png,2026-02-06 08:50:37,2026-02-06 11:00:51,NO
1770355081,2026-02-06 05:18:01,2026-02-06 02:18:01,Copahue,VIIRS,0.0,0.0,RUTINA,NULO,No descargada,2026-02-06 08:50:37,2026-02-06 09:30:41,NO
1770354721,2026-02-06 05:12:01,2026-02-06 02:12:01,Isluga,VIIRS,0.0,0.0,RUTINA,NULO,No descargada,2026-02-06 08:50:37,2026-02-06 09:15:40,NO
1770354721,2026-02-06 05:12:01,2026-02-06 02:12:01,Lascar,VIIRS,0.0,0.0,RUTINA,NULO,No descargada,2026-02-06 08:50:37,2026-02-06 09:15:40,NO
1770354721,2026-02-06 05:12:01,2026-02-06 02:12:01,Isluga,VIIRS375,0.16,0.75,ALERTA_TERMICA,Muy Bajo,imagenes_satelitales/Isluga/2026-02-06/05-12-01_Isluga_VIIRS375_Latest.png,2026-02-06 08:50:37,2026-02-06 10:45:37,NO
1770354721,2026-02-06 05:12:01,2026-02-06 02:12:01,Lascar,VIIRS375,0.24,1.19,ALERTA_TERMICA,Muy Bajo,imagenes_satelitales/Lascar/2026-02-06/05-12-01_Lascar_VIIRS375_Latest.png,2026-02-06 08:50:37,2026-02-06 10:45:37,NO
1770346500,2026-02-06 02:55:00,2026-02-05 23:55:00,Chaiten,MODIS,0.0,0.0,RUTINA,NULO,No descargada,2026-02-06 01:35:36,2026-02-06 07:45:41,NO
1770346500,2026-02-06 02:55:00,2026-02-05 23:55:00,Villarrica,MODIS,0.0,0.0,RUTINA,NULO,No descargada,2026-02-06 01:35:36,2026-02-06 07:45:41,NO
1770346500,2026-02-06 02:55:00,2026-02-05 23:55:00,Copahue,MODIS,0.0,0.0,RUTINA,NULO,No descargada,2026-02-06 01:35:36,2026-02-06 07:45:41,NO
1770346500,2026-02-06 02:55:00,2026-02-05 23:55:00,Llaima,MODIS,0.0,0.0,RUTINA,NULO,No descargada,2026-02-06 01:35:36,2026-02-06 07:45:41,NO
1770346500,2026-02-06 02:55:00,2026-02-05 23:55:00,PlanchonPeteroa,MODIS,0.0,0.0,RUTINA,NULO,No descargada,2026-02-06 01:20:41,2026-02-06 07:45:41,NO
1770346500,2026-02-06 02:55:00,2026-02-05 23:55:00,Nevados de Chillan,MODIS,0.0,0.0,RUTINA,NULO,No descargada,2026-02-06 01:20:41,2026-02-06 07:45:41,NO
1770346500,2026-02-06 02:55:00,2026-02-05 23:55:00,Puyehue-Cordon Caulle,MODIS,0.0,0.0,RUTINA,NULO,No descargada,2026-02-06 01:35:36,2026-02-06 07:45:41,NO
1770340800,2026-02-06 01:20:00,2026-02-05 22:20:00,Lastarria,MODIS,0.0,0.0,RUTINA,NULO,No descargada,2026-02-06 00:05:41,2026-02-06 07:45:41,NO
1770340800,2026-02-06 01:20:00,2026-02-05 22:20:00,Isluga,MODIS,0.0,0.0,RUTINA,NULO,No descargada,2026-02-06 00:05:41,2026-02-06 07:45:41,NO
1770340800,2026-02-06 01:20:00,2026-02-05 22:20:00,PlanchonPeteroa,MODIS,0.0,0.0,RUTINA,NULO,No descargada,2026-02-06 00:05:41,2026-02-06 01:15:41,NO
1770340800,2026-02-06 01:20:00,2026-02-05 22:20:00,Nevados de Chillan,MODIS,0.0,0.0,RUTINA,NULO,No descargada,2026-02-06 00:05:41,2026-02-06 01:15:41,NO
1770340800,2026-02-06 01:20:00,2026-02-05 22:20:00,Lascar,MODIS,0.0,0.0,RUTINA,NULO,No descargada,2026-02-06 00:05:41,2026-02-06 07:45:41,NO
1770340500,2026-02-06 01:15:00,2026-02-05 22:15:00,Copahue,MODIS,0.0,0.0,RUTINA,NULO,No descargada,2026-02-06 00:05:41,2026-02-06 01:30:39,NO
1770322200,2026-02-05 20:10:00,2026-02-05 17:10:00,Isluga,MODIS,0.0,0.0,RUTINA,NULO,No descargada,2026-02-05 19:50:43,2026-02-06 00:00:41,NO
1770322200,2026-02-05 20:10:00,2026-02-05 17:10:00,Lascar,MODIS,0.0,0.0,RUTINA,NULO,No descargada,2026-02-05 19:50:43,2026-02-06 00:00:41,NO
1770322200,2026-02-05 20:10:00,2026-02-05 17:10:00,Lastarria,MODIS,0.0,0.0,RUTINA,NULO,No descargada,2026-02-05 19:50:43,2026-02-06 00:00:41,NO
1770321900,2026-02-05 20:05:00,2026-02-05 17:05:00,Villarrica,MODIS,0.0,0.0,RUTINA,NULO,No descargada,2026-02-05 19:50:43,2026-02-06 01:30:39,NO
1770321900,2026-02-05 20:05:00,2026-02-05 17:05:00,Copahue,MODIS,0.0,0.0,RUTINA,NULO,No descargada,2026-02-05 19:05:37,2026-02-06 00:00:41,NO
1770321900,2026-02-05 20:05:00,2026-02-05 17:05:00,Nevados de Chillan,MODIS,0.0,0.0,RUTINA,NULO,No descargada,2026-02-05 19:05:37,2026-02-06 00:00:41,NO
1770321900,2026-02-05 20:05:00,2026-02-05 17:05:00,Llaima,MODIS,0.0,0.0,RUTINA,NULO,No descargada,2026-02-05 19:05:37,2026-02-06 01:30:39,NO
1770321900,2026-02-05 20:05:00,2026-02-05 17:05:00,PlanchonPeteroa,MODIS,0.0,0.0,RUTINA,NULO,No descargada,2026-02-05 19:05:37,2026-02-06 00:00:41,NO
1770321900,2026-02-05 20:05:00,2026-02-05 17:05:00,Chaiten,MODIS,0.0,0.0,RUTINA,NULO,No descargada,2026-02-05 19:50:43,2026-02-06 01:30:39,NO
1770321900,2026-02-05 20:05:00,2026-02-05 17:05:00,Puyehue-Cordon Caulle,MODIS,0.0,0.0,RUTINA,NULO,No descargada,2026-02-05 19:50:43,2026-02-06 01:30:39,NO
1770320161,2026-02-05 19:36:01,2026-02-05 16:36:01,Chaiten,VIIRS,0.0,0.0,RUTINA,NULO,No descargada,2026-02-05 19:50:43,2026-02-06 08:45:36,NO
1770320161,2026-02-05 19:36:01,2026-02-05 16:36:01,Nevados de Chillan,VIIRS375,0.0,0.0,RUTINA,NULO,No descargada,2026-02-05 20:35:39,2026-02-06 08:45:36,NO
1770320161,2026-02-05 19:36:01,2026-02-05 16:36:01,Villarrica,VIIRS375,0.0,0.0,RUTINA,NULO,No descargada,2026-02-05 20:35:39,2026-02-06 08:45:36,NO
1770320161,2026-02-05 19:36:01,2026-02-05 16:36:01,Puyehue-Cordon Caulle,VIIRS,0.0,0.0,RUTINA,NULO,No descargada,2026-02-05 19:50:43,2026-02-06 08:45:36,NO
1770320161,2026-02-05 19:36:01,2026-02-05 16:36:01,Nevados de Chillan,VIIRS,0.0,0.0,RUTINA,NULO,No descargada,2026-02-05 19:50:43,2026-02-06 08:45:36,NO
1770320161,2026-02-05 19:36:01,2026-02-05 16:36:01,Copahue,VIIRS,0.0,0.0,RUTINA,NULO,No descargada,2026-02-05 19:50:43,2026-02-06 08:45:36,NO
1770320161,2026-02-05 19:36:01,2026-02-05 16:36:01,PlanchonPeteroa,VIIRS375,0.0,0.0,RUTINA,NULO,No descargada,2026-02-05 20:35:39,2026-02-06 08:45:36,NO
1770320161,2026-02-05 19:36:01,2026-02-05 16:36:01,Llaima,VIIRS,0.0,0.0,RUTINA,NULO,No descargada,2026-02-05 19:50:43,2026-02-06 08:45:36,NO
1770320161,2026-02-05 19:36:01,2026-02-05 16:36:01,Chaiten,VIIRS375,0.0,0.0,RUTINA,NULO,No descargada,2026-02-05 20:35:39,2026-02-06 08:45:36,NO
1770320161,2026-02-05 19:36:01,2026-02-05 16:36:01,Villarrica,VIIRS,0.0,0.0,RUTINA,NULO,No descargada,2026-02-05 19:50:43,2026-02-06 08:45:36,NO
1770320161,2026-02-05 19:36:01,2026-02-05 16:36:01,PlanchonPeteroa,VIIRS,0.0,0.0,RUTINA,NULO,No descargada,2026-02-05 19:50:43,2026-02-06 08:45:36,NO
1770320161,2026-02-05 19:36:01,2026-02-05 16:36:01,Copahue,VIIRS375,0.0,0.0,RUTINA,NULO,No descargada,2026-02-05 20:35:39,2026-02-06 08:45:36,NO
1770320161,2026-02-05 19:36:01,2026-02-05 16:36:01,Llaima,VIIRS375,0.0,0.0,RUTINA,NULO,No descargada,2026-02-05 20:35:39,2026-02-06 08:45:36,NO
1770320161,2026-02-05 19:36:01,2026-02-05 16:36:01,Puyehue-Cordon Caulle,VIIRS375,0.0,0.0,RUTINA,NULO,No descargada,2026-02-05 20:35:39,2026-02-06 08:45:36,NO
1770319080,2026-02-05 19:18:00,2026-02-05 16:18:00,Lastarria,VIIRS,0.0,0.0,RUTINA,NULO,No descargada,2026-02-05 20:35:39,2026-02-06 08:45:36,NO
1770319080,2026-02-05 19:18:00,2026-02-05 16:18:00,Lastarria,VIIRS375,0.0,0.0,RUTINA,NULO,No descargada,2026-02-05 21:20:37,2026-02-06 08:45:36,NO
1770314401,2026-02-05 18:00:01,2026-02-05 15:00:01,PlanchonPeteroa,VIIRS,0.0,0.0,RUTINA,NULO,No descargada,2026-02-05 18:20:41,2026-02-05 19:45:39,NO
1770314401,2026-02-05 18:00:01,2026-02-05 15:00:01,Copahue,VIIRS,0.0,0.0,RUTINA,NULO,No descargada,2026-02-05 18:20:41,2026-02-05 19:45:39,NO
1770314401,2026-02-05 18:00:01,2026-02-05 15:00:01,Lascar,VIIRS,0.0,0.0,RUTINA,NULO,No descargada,2026-02-05 18:20:41,2026-02-06 08:45:36,NO
1770314401,2026-02-05 18:00:01,2026-02-05 15:00:01,Nevados de Chillan,VIIRS,0.0,0.0,RUTINA,NULO,No descargada,2026-02-05 18:20:41,2026-02-05 19:45:39,NO
1770314401,2026-02-05 18:00:01,2026-02-05 15:00:01,Isluga,VIIRS,0.0,0.0,RUTINA,NULO,No descargada,2026-02-05 18:20:41,2026-02-06 08:45:36,NO
1770314401,2026-02-05 18:00:01,2026-02-05 15:00:01,Lastarria,VIIRS,0.0,0.0,RUTINA,NULO,No descargada,2026-02-05 18:20:41,2026-02-05 20:30:39,NO
1770314401,2026-02-05 18:00:01,2026-02-05 15:00:01,Lascar,VIIRS375,0.0,0.0,RUTINA,NULO,No descargada,2026-02-05 20:35:39,2026-02-06 08:45:36,NO
1770314401,2026-02-05 18:00:01,2026-02-05 15:00:01,Isluga,VIIRS375,0.0,0.0,RUTINA,NULO,No descargada,2026-02-05 20:35:39,2026-02-06 08:45:36,NO
1770314401,2026-02-05 18:00:01,2026-02-05 15:00:01,Lastarria,VIIRS375,2.03,10.67,FALSO_POSITIVO,NULO,No descargada,2026-02-05 20:35:39,2026-02-05 21:15:41,NO
1770314041,2026-02-05 17:54:01,2026-02-05 14:54:01,Puyehue-Cordon Caulle,VIIRS,0.0,0.0,RUTINA,NULO,No descargada,2026-02-05 18:05:42,2026-02-05 19:45:39,NO
1770314041,2026-02-05 17:54:01,2026-02-05 14:54:01,Chaiten,VIIRS,0.0,0.0,RUTINA,NULO,No descargada,2026-02-05 18:20:41,2026-02-05 19:45:39,NO
1770314041,2026-02-05 17:54:01,2026-02-05 14:54:01,Villarrica,VIIRS,0.0,0.0,RUTINA,NULO,No descargada,2026-02-05 18:05:42,2026-02-05 19:45:39,NO
1770313320,2026-02-05 17:42:00,2026-02-05 14:42:00,Isluga,VIIRS375,0.0,0.0,RUTINA,NULO,No descargada,2026-02-05 19:05:37,2026-02-05 20:30:39,NO
1770313320,2026-02-05 17:42:00,2026-02-05 14:42:00,Lascar,VIIRS375,0.0,0.0,RUTINA,NULO,No descargada,2026-02-05 19:05:37,2026-02-05 20:30:39,NO
1770313320,2026-02-05 17:42:00,2026-02-05 14:42:00,Lastarria,VIIRS375,0.41,27.67,FALSO_POSITIVO,NULO,No descargada,2026-02-05 19:05:37,2026-02-05 20:30:39,NO
1770312960,2026-02-05 17:36:00,2026-02-05 14:36:00,Villarrica,VIIRS375,0.0,0.0,RUTINA,NULO,No descargada,2026-02-05 19:05:37,2026-02-05 20:30:39,NO
1770312960,2026-02-05 17:36:00,2026-02-05 14:36:00,Llaima,VIIRS,0.0,0.0,RUTINA,NULO,No descargada,2026-02-05 19:05:37,2026-02-05 19:45:39,NO
1770312960,2026-02-05 17:36:00,2026-02-05 14:36:00,Nevados de Chillan,VIIRS375,0.0,0.0,RUTINA,NULO,No descargada,2026-02-05 19:05:37,2026-02-05 20:30:39,NO
1770312960,2026-02-05 17:36:00,2026-02-05 14:36:00,PlanchonPeteroa,VIIRS375,0.0,0.0,RUTINA,NULO,No descargada,2026-02-05 19:05:37,2026-02-05 20:30:39,NO
1770312960,2026-02-05 17:36:00,2026-02-05 14:36:00,Chaiten,VIIRS375,0.0,0.0,RUTINA,NULO,No descargada,2026-02-05 19:05:37,2026-02-05 20:30:39,NO
1770312960,2026-02-05 17:36:00,2026-02-05 14:36:00,Copahue,VIIRS375,0.0,0.0,RUTINA,NULO,No descargada,2026-02-05 19:05:37,2026-02-05 20:30:39,NO
1770312960,2026-02-05 17:36:00,2026-02-05 14:36:00,Llaima,VIIRS375,0.0,0.0,RUTINA,NULO,No descargada,2026-02-05 19:05:37,2026-02-05 20:30:39,NO
1770312960,2026-02-05 17:36:00,2026-02-05 14:36:00,Puyehue-Cordon Caulle,VIIRS375,0.0,0.0,RUTINA,NULO,No descargada,2026-02-05 19:05:37,2026-02-05 20:30:39,NO
1770297600,2026-02-05 13:20:00,2026-02-05 10:20:00,Villarrica,MODIS,0.0,0.0,RUTINA,NULO,No descargada,2026-02-05 11:50:41,2026-02-05 19:45:39,NO
1770297600,2026-02-05 13:20:00,2026-02-05 10:20:00,Puyehue-Cordon Caulle,MODIS,0.0,0.0,RUTINA,NULO,No descargada,2026-02-05 11:50:41,2026-02-05 19:45:39,NO
1770297600,2026-02-05 13:20:00,2026-02-05 10:20:00,PlanchonPeteroa,MODIS,0.0,0.0,RUTINA,NULO,No descargada,2026-02-05 11:50:41,2026-02-05 19:00:36,NO
1770297600,2026-02-05 13:20:00,2026-02-05 10:20:00,Copahue,MODIS,0.0,0.0,RUTINA,NULO,No descargada,2026-02-05 11:50:41,2026-02-05 19:00:36,NO
1770297600,2026-02-05 13:20:00,2026-02-05 10:20:00,Llaima,MODIS,0.0,0.0,RUTINA,NULO,No descargada,2026-02-05 11:50:41,2026-02-05 19:00:36,NO
1770297600,2026-02-05 13:20:00,2026-02-05 10:20:00,Nevados de Chillan,MODIS,0.0,0.0,RUTINA,NULO,No descargada,2026-02-05 11:50:41,2026-02-05 19:00:36,NO
1770297600,2026-02-05 13:20:00,2026-02-05 10:20:00,Chaiten,MODIS,0.0,0.0,RUTINA,NULO,No descargada,2026-02-05 11:50:41,2026-02-05 19:45:39,NO
1770297300,2026-02-05 13:15:00,2026-02-05 10:15:00,Isluga,MODIS,0.0,0.0,RUTINA,NULO,No descargada,2026-02-05 11:50:41,2026-02-05 19:45:39,NO
1770297300,2026-02-05 13:15:00,2026-02-05 10:15:00,Lastarria,MODIS,0.0,0.0,RUTINA,NULO,No descargada,2026-02-05 11:50:41,2026-02-05 19:45:39,NO
1770297300,2026-02-05 13:15:00,2026-02-05 10:15:00,Lascar,MODIS,0.0,0.0,RUTINA,NULO,No descargada,2026-02-05 11:50:41,2026-02-05 19:45:39,NO
1770279000,2026-02-05 08:10:00,2026-02-05 05:10:00,Llaima,MODIS,0.0,0.0,RUTINA,NULO,No descargada,2026-02-05 07:20:40,2026-02-05 11:45:41,NO
1770279000,2026-02-05 08:10:00,2026-02-05 05:10:00,Puyehue-Cordon Caulle,MODIS,0.0,0.0,RUTINA,NULO,No descargada,2026-02-05 07:20:40,2026-02-05 11:45:41,NO
1770279000,2026-02-05 08:10:00,2026-02-05 05:10:00,Chaiten,MODIS,0.0,0.0,RUTINA,NULO,No descargada,2026-02-05 07:20:40,2026-02-05 11:45:41,NO
1770279000,2026-02-05 08:10:00,2026-02-05 05:10:00,Copahue,MODIS,0.0,0.0,RUTINA,NULO,No descargada,2026-02-05 07:20:40,2026-02-05 11:45:41,NO
1770279000,2026-02-05 08:10:00,2026-02-05 05:10:00,Nevados de Chillan,MODIS,0.0,0.0,RUTINA,NULO,No descargada,2026-02-05 07:20:40,2026-02-05 11:45:41,NO
1770279000,2026-02-05 08:10:00,2026-02-05 05:10:00,Villarrica,MODIS,0.0,0.0,RUTINA,NULO,No descargada,2026-02-05 07:20:40,2026-02-05 11:45:41,NO
1770278700,2026-02-05 08:05:00,2026-02-05 05:05:00,PlanchonPeteroa,MODIS,0.0,0.0,RUTINA,NULO,No descargada,2026-02-05 07:20:40,2026-02-05 11:45:41,NO
1770278700,2026-02-05 08:05:00,2026-02-05 05:05:00,Lascar,MODIS,0.0,0.0,RUTINA,NULO,No descargada,2026-02-05 07:20:40,2026-02-05 11:45:41,NO
1770278700,2026-02-05 08:05:00,2026-02-05 05:05:00,Isluga,MODIS,0.0,0.0,RUTINA,NULO,No descargada,2026-02-05 07:20:40,2026-02-05 11:45:41,NO
1770278700,2026-02-05 08:05:00,2026-02-05 05:05:00,Lastarria,MODIS,0.0,0.0,RUTINA,NULO,No descargada,2026-02-05 07:20:40,2026-02-05 11:45:41,NO
1770274800,2026-02-05 07:00:00,2026-02-05 04:00:00,Llaima,VIIRS375,0.0,0.0,RUTINA,NULO,No descargada,2026-02-05 10:20:41,2026-02-05 19:00:36,NO
1770274800,2026-02-05 07:00:00,2026-02-05 04:00:00,Chaiten,VIIRS375,0.0,0.0,RUTINA,NULO,No descargada,2026-02-05 10:20:41,2026-02-05 19:00:36,NO
1770274800,2026-02-05 07:00:00,2026-02-05 04:00:00,Llaima,VIIRS,0.0,0.0,RUTINA,NULO,No descargada,2026-02-05 09:20:39,2026-02-05 19:00:36,NO
1770274800,2026-02-05 07:00:00,2026-02-05 04:00:00,Villarrica,VIIRS,0.0,0.0,RUTINA,NULO,No descargada,2026-02-05 09:20:39,2026-02-05 18:00:41,NO
1770274800,2026-02-05 07:00:00,2026-02-05 04:00:00,Villarrica,VIIRS375,0.0,0.0,RUTINA,NULO,No descargada,2026-02-05 10:20:41,2026-02-05 19:00:36,NO
1770274800,2026-02-05 07:00:00,2026-02-05 04:00:00,Puyehue-Cordon Caulle,VIIRS,0.0,0.0,RUTINA,NULO,No descargada,2026-02-05 09:20:39,2026-02-05 18:00:41,NO
1770274800,2026-02-05 07:00:00,2026-02-05 04:00:00,Chaiten,VIIRS,0.0,0.0,RUTINA,NULO,No descargada,2026-02-05 09:20:39,2026-02-05 18:15:40,NO
1770274800,2026-02-05 07:00:00,2026-02-05 04:00:00,Puyehue-Cordon Caulle,VIIRS375,0.0,0.0,RUTINA,NULO,No descargada,2026-02-05 10:20:41,2026-02-05 19:00:36,NO
1770274800,2026-02-05 07:00:00,2026-02-05 04:00:00,Nevados de Chillan,VIIRS375,0.0,0.0,RUTINA,NULO,No descargada,2026-02-05 10:20:41,2026-02-05 19:00:36,NO
1770274800,2026-02-05 07:00:00,2026-02-05 04:00:00,Nevados de Chillan,VIIRS,0.0,0.0,RUTINA,NULO,No descargada,2026-02-05 09:20:39,2026-02-05 18:15:40,NO
1770273000,2026-02-05 06:30:00,2026-02-05 03:30:00,Puyehue-Cordon Caulle,MODIS,0.0,0.0,RUTINA,NULO,No descargada,2026-02-05 06:05:39,2026-02-05 07:15:37,NO
1770273000,2026-02-05 06:30:00,2026-02-05 03:30:00,Villarrica,MODIS,0.0,0.0,RUTINA,NULO,No descargada,2026-02-05 06:05:39,2026-02-05 07:15:37,NO
1770273000,2026-02-05 06:30:00,2026-02-05 03:30:00,Chaiten,MODIS,0.0,0.0,RUTINA,NULO,No descargada,2026-02-05 06:05:39,2026-02-05 07:15:37,NO
1770269761,2026-02-05 05:36:01,2026-02-05 02:36:01,PlanchonPeteroa,VIIRS375,0.0,0.0,RUTINA,NULO,No descargada,2026-02-05 08:05:39,2026-02-05 19:00:36,NO
1770269761,2026-02-05 05:36:01,2026-02-05 02:36:01,Villarrica,VIIRS,0.0,0.0,RUTINA,NULO,No descargada,2026-02-05 06:35:35,2026-02-05 09:15:42,NO
1770269761,2026-02-05 05:36:01,2026-02-05 02:36:01,Villarrica,VIIRS375,0.0,0.0,RUTINA,NULO,No descargada,2026-02-05 08:05:39,2026-02-05 10:15:41,NO
1770269761,2026-02-05 05:36:01,2026-02-05 02:36:01,Llaima,VIIRS,0.0,0.0,RUTINA,NULO,No descargada,2026-02-05 06:35:35,2026-02-05 09:15:42,NO
1770269761,2026-02-05 05:36:01,2026-02-05 02:36:01,Nevados de Chillan,VIIRS375,0.0,0.0,RUTINA,NULO,No descargada,2026-02-05 08:05:39,2026-02-05 10:15:41,NO
1770269761,2026-02-05 05:36:01,2026-02-05 02:36:01,Copahue,VIIRS,0.0,0.0,RUTINA,NULO,No descargada,2026-02-05 06:35:35,2026-02-05 18:15:40,NO
1770269761,2026-02-05 05:36:01,2026-02-05 02:36:01,Lastarria,VIIRS,0.0,0.0,RUTINA,NULO,No descargada,2026-02-05 06:35:35,2026-02-05 18:15:40,NO
1770269761,2026-02-05 05:36:01,2026-02-05 02:36:01,Llaima,VIIRS375,0.0,0.0,RUTINA,NULO,No descargada,2026-02-05 08:05:39,2026-02-05 10:15:41,NO
1770269761,2026-02-05 05:36:01,2026-02-05 02:36:01,Copahue,VIIRS375,0.0,0.0,RUTINA,NULO,No descargada,2026-02-05 08:05:39,2026-02-05 19:00:36,NO
1770269761,2026-02-05 05:36:01,2026-02-05 02:36:01,Puyehue-Cordon Caulle,VIIRS,0.0,0.0,RUTINA,NULO,No descargada,2026-02-05 06:35:35,2026-02-05 09:15:42,NO
1770269761,2026-02-05 05:36:01,2026-02-05 02:36:01,Puyehue-Cordon Caulle,VIIRS375,0.0,0.0,RUTINA,NULO,No descargada,2026-02-05 08:05:39,2026-02-05 10:15:41,NO
1770269761,2026-02-05 05:36:01,2026-02-05 02:36:01,PlanchonPeteroa,VIIRS,0.0,0.0,RUTINA,NULO,No descargada,2026-02-05 06:35:35,2026-02-05 18:15:40,NO
1770269761,2026-02-05 05:36:01,2026-02-05 02:36:01,Nevados de Chillan,VIIRS,0.0,0.0,RUTINA,NULO,No descargada,2026-02-05 06:35:35,2026-02-05 09:15:42,NO
1770269761,2026-02-05 05:36:01,2026-02-05 02:36:01,Lascar,VIIRS,0.28,0.75,ALERTA_TERMICA,Muy Bajo,imagenes_satelitales/Lascar/2026-02-05/05-36-01_Lascar_VIIRS750_Latest.png,2026-02-05 06:35:35,2026-02-05 18:15:40,NO
1770269761,2026-02-05 05:36:01,2026-02-05 02:36:01,Lascar,VIIRS375,0.32,1.13,ALERTA_TERMICA,Muy Bajo,imagenes_satelitales/Lascar/2026-02-05/05-36-01_Lascar_VIIRS375_Latest.png,2026-02-05 08:05:39,2026-02-05 19:00:36,NO
1770269761,2026-02-05 05:36:01,2026-02-05 02:36:01,Lastarria,VIIRS375,0.16,2.4,ALERTA_TERMICA,Muy Bajo,imagenes_satelitales/Lastarria/2026-02-05/05-36-01_Lastarria_VIIRS375_Latest.png,2026-02-05 08:05:39,2026-02-05 19:00:36,NO
1770269401,2026-02-05 05:30:01,2026-02-05 02:30:01,Isluga,VIIRS375,0.0,0.0,RUTINA,NULO,No descargada,2026-02-05 08:05:39,2026-02-05 17:45:42,NO
1770269401,2026-02-05 05:30:01,2026-02-05 02:30:01,Isluga,VIIRS,0.0,0.0,RUTINA,NULO,No descargada,2026-02-05 06:35:35,2026-02-05 18:15:40,NO
1770268680,2026-02-05 05:18:00,2026-02-05 02:18:00,Chaiten,VIIRS,0.0,0.0,RUTINA,NULO,No descargada,2026-02-05 08:05:39,2026-02-05 09:15:42,NO
1770268680,2026-02-05 05:18:00,2026-02-05 02:18:00,Chaiten,VIIRS375,0.0,0.0,RUTINA,NULO,No descargada,2026-02-05 09:20:39,2026-02-05 10:15:41,NO
1770258000,2026-02-05 02:20:00,2026-02-04 23:20:00,Lascar,MODIS,0.0,0.0,RUTINA,NULO,No descargada,2026-02-05 01:05:37,2026-02-05 07:15:37,NO
1770258000,2026-02-05 02:20:00,2026-02-04 23:20:00,Isluga,MODIS,0.0,0.0,RUTINA,NULO,No descargada,2026-02-05 01:05:37,2026-02-05 07:15:37,NO
1770258000,2026-02-05 02:20:00,2026-02-04 23:20:00,Lastarria,MODIS,0.0,0.0,RUTINA,NULO,No descargada,2026-02-05 01:05:37,2026-02-05 07:15:37,NO
1770257700,2026-02-05 02:15:00,2026-02-04 23:15:00,PlanchonPeteroa,MODIS,0.0,0.0,RUTINA,NULO,No descargada,2026-02-05 00:35:36,2026-02-05 07:15:37,NO
1770257700,2026-02-05 02:15:00,2026-02-04 23:15:00,Villarrica,MODIS,0.0,0.0,RUTINA,NULO,No descargada,2026-02-05 00:35:36,2026-02-05 06:00:47,NO
1770257700,2026-02-05 02:15:00,2026-02-04 23:15:00,Puyehue-Cordon Caulle,MODIS,0.0,0.0,RUTINA,NULO,No descargada,2026-02-05 00:35:36,2026-02-05 06:00:47,NO
1770257700,2026-02-05 02:15:00,2026-02-04 23:15:00,Copahue,MODIS,0.0,0.0,RUTINA,NULO,No descargada,2026-02-05 00:35:36,2026-02-05 07:15:37,NO
1770257700,2026-02-05 02:15:00,2026-02-04 23:15:00,Nevados de Chillan,MODIS,0.0,0.0,RUTINA,NULO,No descargada,2026-02-05 00:35:36,2026-02-05 07:15:37,NO
1770257700,2026-02-05 02:15:00,2026-02-04 23:15:00,Chaiten,MODIS,0.0,0.0,RUTINA,NULO,No descargada,2026-02-05 01:05:37,2026-02-05 06:00:47,NO
1770257700,2026-02-05 02:15:00,2026-02-04 23:15:00,Llaima,MODIS,0.0,0.0,RUTINA,NULO,No descargada,2026-02-05 00:35:36,2026-02-05 07:15:37,NO
1770239100,2026-02-04 21:05:00,2026-02-04 18:05:00,Chaiten,MODIS,0.0,0.0,RUTINA,NULO,No descargada,2026-02-04 21:20:37,2026-02-05 01:00:40,NO
1770239100,2026-02-04 21:05:00,2026-02-04 18:05:00,Llaima,MODIS,0.0,0.0,RUTINA,NULO,No descargada,2026-02-04 21:05:33,2026-02-05 00:30:38,NO
1770239100,2026-02-04 21:05:00,2026-02-04 18:05:00,Nevados de Chillan,MODIS,0.0,0.0,RUTINA,NULO,No descargada,2026-02-04 21:05:33,2026-02-05 00:30:38,NO
1770239100,2026-02-04 21:05:00,2026-02-04 18:05:00,Villarrica,MODIS,0.0,0.0,RUTINA,NULO,No descargada,2026-02-04 21:20:37,2026-02-05 00:30:38,NO
1770239100,2026-02-04 21:05:00,2026-02-04 18:05:00,PlanchonPeteroa,MODIS,0.0,0.0,RUTINA,NULO,No descargada,2026-02-04 21:05:33,2026-02-05 00:30:38,NO
1770239100,2026-02-04 21:05:00,2026-02-04 18:05:00,Puyehue-Cordon Caulle,MODIS,0.0,0.0,RUTINA,NULO,No descargada,2026-02-04 21:20:37,2026-02-05 00:30:38,NO
1770239100,2026-02-04 21:05:00,2026-02-04 18:05:00,Copahue,MODIS,0.0,0.0,RUTINA,NULO,No descargada,2026-02-04 21:05:33,2026-02-05 00:30:38,NO
1770234841,2026-02-04 19:54:01,2026-02-04 16:54:01,Chaiten,VIIRS375,0.0,0.0,RUTINA,NULO,No descargada,2026-02-04 20:35:37,2026-02-05 08:45:38,NO
1770234841,2026-02-04 19:54:01,2026-02-04 16:54:01,Chaiten,VIIRS,0.0,0.0,RUTINA,NULO,No descargada,2026-02-04 19:50:38,2026-02-05 08:00:44,NO
1770234841,2026-02-04 19:54:01,2026-02-04 16:54:01,Villarrica,VIIRS375,0.0,0.0,RUTINA,NULO,No descargada,2026-02-04 20:35:37,2026-02-05 08:00:44,NO
1770234841,2026-02-04 19:54:01,2026-02-04 16:54:01,Puyehue-Cordon Caulle,VIIRS375,0.0,0.0,RUTINA,NULO,No descargada,2026-02-04 20:35:37,2026-02-05 08:00:44,NO
1770234841,2026-02-04 19:54:01,2026-02-04 16:54:01,Puyehue-Cordon Caulle,VIIRS,0.0,0.0,RUTINA,NULO,No descargada,2026-02-04 19:50:38,2026-02-05 06:30:40,NO
1770234841,2026-02-04 19:54:01,2026-02-04 16:54:01,Villarrica,VIIRS,0.0,0.0,RUTINA,NULO,No descargada,2026-02-04 19:50:38,2026-02-05 06:30:40,NO
1770233760,2026-02-04 19:36:00,2026-02-04 16:36:00,Llaima,VIIRS,0.0,0.0,RUTINA,NULO,No descargada,2026-02-04 19:50:38,2026-02-05 06:30:40,NO
1770233760,2026-02-04 19:36:00,2026-02-04 16:36:00,Nevados de Chillan,VIIRS,0.0,0.0,RUTINA,NULO,No descargada,2026-02-04 19:50:38,2026-02-05 06:30:40,NO
1770233760,2026-02-04 19:36:00,2026-02-04 16:36:00,Copahue,VIIRS,0.0,0.0,RUTINA,NULO,No descargada,2026-02-04 19:50:38,2026-02-05 06:30:40,NO
1770233760,2026-02-04 19:36:00,2026-02-04 16:36:00,Copahue,VIIRS375,0.0,0.0,RUTINA,NULO,No descargada,2026-02-04 20:50:36,2026-02-05 08:00:44,NO
1770233760,2026-02-04 19:36:00,2026-02-04 16:36:00,PlanchonPeteroa,VIIRS,0.0,0.0,RUTINA,NULO,No descargada,2026-02-04 19:50:38,2026-02-05 06:30:40,NO
1770233760,2026-02-04 19:36:00,2026-02-04 16:36:00,PlanchonPeteroa,VIIRS375,0.0,0.0,RUTINA,NULO,No descargada,2026-02-04 20:50:36,2026-02-05 08:00:44,NO
1770233760,2026-02-04 19:36:00,2026-02-04 16:36:00,Llaima,VIIRS375,0.0,0.0,RUTINA,NULO,No descargada,2026-02-04 20:50:36,2026-02-05 08:00:44,NO
1770233760,2026-02-04 19:36:00,2026-02-04 16:36:00,Nevados de Chillan,VIIRS375,0.0,0.0,RUTINA,NULO,No descargada,2026-02-04 20:50:36,2026-02-05 08:00:44,NO
1770233700,2026-02-04 19:35:00,2026-02-04 16:35:00,Isluga,MODIS,0.0,0.0,RUTINA,NULO,No descargada,2026-02-04 20:35:37,2026-02-05 01:00:40,NO
1770233400,2026-02-04 19:30:00,2026-02-04 16:30:00,Nevados de Chillan,MODIS,0.0,0.0,RUTINA,NULO,No descargada,2026-02-04 18:20:39,2026-02-04 21:00:41,NO
1770233400,2026-02-04 19:30:00,2026-02-04 16:30:00,PlanchonPeteroa,MODIS,0.0,0.0,RUTINA,NULO,No descargada,2026-02-04 18:20:39,2026-02-04 21:00:41,NO
1770233400,2026-02-04 19:30:00,2026-02-04 16:30:00,Lastarria,MODIS,0.0,0.0,RUTINA,NULO,No descargada,2026-02-04 18:20:39,2026-02-05 01:00:40,NO
1770233400,2026-02-04 19:30:00,2026-02-04 16:30:00,Llaima,MODIS,0.0,0.0,RUTINA,NULO,No descargada,2026-02-04 18:20:39,2026-02-04 21:00:41,NO
1770233400,2026-02-04 19:30:00,2026-02-04 16:30:00,Copahue,MODIS,0.0,0.0,RUTINA,NULO,No descargada,2026-02-04 18:20:39,2026-02-04 21:00:41,NO
1770233400,2026-02-04 19:30:00,2026-02-04 16:30:00,Lascar,MODIS,0.0,0.0,RUTINA,NULO,No descargada,2026-02-04 18:20:39,2026-02-05 01:00:40,NO
1770229441,2026-02-04 18:24:01,2026-02-04 15:24:01,Isluga,VIIRS,0.0,0.0,RUTINA,NULO,No descargada,2026-02-04 18:50:42,2026-02-05 06:30:40,NO
1770229441,2026-02-04 18:24:01,2026-02-04 15:24:01,Isluga,VIIRS375,0.0,0.0,RUTINA,NULO,No descargada,2026-02-04 19:20:39,2026-02-05 08:00:44,NO
1770229081,2026-02-04 18:18:01,2026-02-04 15:18:01,Llaima,VIIRS,0.0,0.0,RUTINA,NULO,No descargada,2026-02-04 18:50:42,2026-02-04 19:45:40,NO
1770229081,2026-02-04 18:18:01,2026-02-04 15:18:01,Puyehue-Cordon Caulle,VIIRS375,0.0,0.0,RUTINA,NULO,No descargada,2026-02-04 19:05:39,2026-02-04 20:30:41,NO
1770229081,2026-02-04 18:18:01,2026-02-04 15:18:01,Copahue,VIIRS375,0.0,0.0,RUTINA,NULO,No descargada,2026-02-04 19:05:39,2026-02-04 20:45:36,NO
1770229081,2026-02-04 18:18:01,2026-02-04 15:18:01,PlanchonPeteroa,VIIRS,0.0,0.0,RUTINA,NULO,No descargada,2026-02-04 18:50:42,2026-02-04 19:45:40,NO
1770229081,2026-02-04 18:18:01,2026-02-04 15:18:01,Llaima,VIIRS375,0.0,0.0,RUTINA,NULO,No descargada,2026-02-04 19:05:39,2026-02-04 20:45:36,NO
1770229081,2026-02-04 18:18:01,2026-02-04 15:18:01,PlanchonPeteroa,VIIRS375,0.0,0.0,RUTINA,NULO,No descargada,2026-02-04 19:05:39,2026-02-04 20:45:36,NO
1770229081,2026-02-04 18:18:01,2026-02-04 15:18:01,Lascar,VIIRS,0.0,0.0,RUTINA,NULO,No descargada,2026-02-04 18:50:42,2026-02-05 06:30:40,NO
1770229081,2026-02-04 18:18:01,2026-02-04 15:18:01,Lastarria,VIIRS375,3.21,10.67,FALSO_POSITIVO,NULO,No descargada,2026-02-04 19:05:39,2026-02-05 08:00:44,NO
1770229081,2026-02-04 18:18:01,2026-02-04 15:18:01,Nevados de Chillan,VIIRS,0.0,0.0,RUTINA,NULO,No descargada,2026-02-04 18:50:42,2026-02-04 19:45:40,NO
1770229081,2026-02-04 18:18:01,2026-02-04 15:18:01,Lascar,VIIRS375,0.0,0.0,RUTINA,NULO,No descargada,2026-02-04 19:05:39,2026-02-05 08:00:44,NO
1770229081,2026-02-04 18:18:01,2026-02-04 15:18:01,Copahue,VIIRS,0.0,0.0,RUTINA,NULO,No descargada,2026-02-04 18:50:42,2026-02-04 19:45:40,NO
1770229081,2026-02-04 18:18:01,2026-02-04 15:18:01,Puyehue-Cordon Caulle,VIIRS,0.0,0.0,RUTINA,NULO,No descargada,2026-02-04 18:50:42,2026-02-04 19:45:40,NO
1770229081,2026-02-04 18:18:01,2026-02-04 15:18:01,Nevados de Chillan,VIIRS375,0.0,0.0,RUTINA,NULO,No descargada,2026-02-04 19:05:39,2026-02-04 20:45:36,NO
1770229081,2026-02-04 18:18:01,2026-02-04 15:18:01,Villarrica,VIIRS,0.0,0.0,RUTINA,NULO,No descargada,2026-02-04 18:50:42,2026-02-04 19:45:40,NO
1770229081,2026-02-04 18:18:01,2026-02-04 15:18:01,Villarrica,VIIRS375,0.0,0.0,RUTINA,NULO,No descargada,2026-02-04 19:05:39,2026-02-04 20:30:41,NO
1770229081,2026-02-04 18:18:01,2026-02-04 15:18:01,Lastarria,VIIRS,0.0,0.0,RUTINA,NULO,No descargada,2026-02-04 18:50:42,2026-02-05 06:30:40,NO
1770228721,2026-02-04 18:12:01,2026-02-04 15:12:01,Chaiten,VIIRS375,0.0,0.0,RUTINA,NULO,No descargada,2026-02-04 19:05:39,2026-02-04 20:30:41,NO
1770228721,2026-02-04 18:12:01,2026-02-04 15:12:01,Chaiten,VIIRS,0.0,0.0,RUTINA,NULO,No descargada,2026-02-04 18:50:42,2026-02-04 19:45:40,NO
1770228000,2026-02-04 18:00:00,2026-02-04 15:00:00,Lastarria,VIIRS375,-0.1,32.17,RUTINA,NULO,No descargada,2026-02-04 18:20:39,2026-02-04 19:00:40,NO
1770228000,2026-02-04 18:00:00,2026-02-04 15:00:00,Lascar,VIIRS,0.0,0.0,RUTINA,NULO,No descargada,2026-02-04 17:20:40,2026-02-04 18:45:38,NO
1770228000,2026-02-04 18:00:00,2026-02-04 15:00:00,Isluga,VIIRS,0.0,0.0,RUTINA,NULO,No descargada,2026-02-04 17:20:40,2026-02-04 18:45:38,NO
1770228000,2026-02-04 18:00:00,2026-02-04 15:00:00,Lascar,VIIRS375,0.0,0.0,RUTINA,NULO,No descargada,2026-02-04 18:20:39,2026-02-04 19:00:40,NO
1770228000,2026-02-04 18:00:00,2026-02-04 15:00:00,Isluga,VIIRS375,0.0,0.0,RUTINA,NULO,No descargada,2026-02-04 18:20:39,2026-02-04 19:15:37,NO
1770228000,2026-02-04 18:00:00,2026-02-04 15:00:00,Lastarria,VIIRS,0.0,0.0,RUTINA,NULO,No descargada,2026-02-04 17:20:40,2026-02-04 18:45:38,NO
1770227640,2026-02-04 17:54:00,2026-02-04 14:54:00,Copahue,VIIRS375,4.55,34.21,FALSO_POSITIVO,NULO,No descargada,2026-02-04 18:20:39,2026-02-04 19:00:40,NO
1770227640,2026-02-04 17:54:00,2026-02-04 14:54:00,Nevados de Chillan,VIIRS,0.0,0.0,RUTINA,NULO,No descargada,2026-02-04 18:20:39,2026-02-04 18:45:38,NO
1770227640,2026-02-04 17:54:00,2026-02-04 14:54:00,Llaima,VIIRS,0.0,0.0,RUTINA,NULO,No descargada,2026-02-04 18:20:39,2026-02-04 18:45:38,NO
1770227640,2026-02-04 17:54:00,2026-02-04 14:54:00,Puyehue-Cordon Caulle,VIIRS375,0.0,0.0,RUTINA,NULO,No descargada,2026-02-04 18:20:39,2026-02-04 19:00:40,NO
1770227640,2026-02-04 17:54:00,2026-02-04 14:54:00,Villarrica,VIIRS,0.0,0.0,RUTINA,NULO,No descargada,2026-02-04 18:20:39,2026-02-04 18:45:38,NO
1770227640,2026-02-04 17:54:00,2026-02-04 14:54:00,Chaiten,VIIRS375,0.0,0.0,RUTINA,NULO,No descargada,2026-02-04 18:20:39,2026-02-04 19:00:40,NO
1770227640,2026-02-04 17:54:00,2026-02-04 14:54:00,Copahue,VIIRS,0.0,0.0,RUTINA,NULO,No descargada,2026-02-04 18:20:39,2026-02-04 18:45:38,NO
1770227640,2026-02-04 17:54:00,2026-02-04 14:54:00,Villarrica,VIIRS375,0.0,0.0,RUTINA,NULO,No descargada,2026-02-04 18:20:39,2026-02-04 19:00:40,NO
1770227640,2026-02-04 17:54:00,2026-02-04 14:54:00,Puyehue-Cordon Caulle,VIIRS,0.0,0.0,RUTINA,NULO,No descargada,2026-02-04 18:20:39,2026-02-04 18:45:38,NO
1770227640,2026-02-04 17:54:00,2026-02-04 14:54:00,PlanchonPeteroa,VIIRS,0.0,0.0,RUTINA,NULO,No descargada,2026-02-04 18:20:39,2026-02-04 18:45:38,NO
1770227640,2026-02-04 17:54:00,2026-02-04 14:54:00,PlanchonPeteroa,VIIRS375,0.0,0.0,RUTINA,NULO,No descargada,2026-02-04 18:20:39,2026-02-04 19:00:40,NO
1770227640,2026-02-04 17:54:00,2026-02-04 14:54:00,Llaima,VIIRS375,0.0,0.0,RUTINA,NULO,No descargada,2026-02-04 18:20:39,2026-02-04 19:00:40,NO
1770227640,2026-02-04 17:54:00,2026-02-04 14:54:00,Nevados de Chillan,VIIRS375,0.0,0.0,RUTINA,NULO,No descargada,2026-02-04 18:20:39,2026-02-04 19:00:40,NO
1770227640,2026-02-04 17:54:00,2026-02-04 14:54:00,Chaiten,VIIRS,0.0,0.0,RUTINA,NULO,No descargada,2026-02-04 18:20:39,2026-02-04 18:45:38,NO
1770214800,2026-02-04 14:20:00,2026-02-04 11:20:00,Chaiten,MODIS,0.0,0.0,RUTINA,NULO,No descargada,2026-02-04 12:50:38,2026-02-04 21:15:37,NO
1770208800,2026-02-04 12:40:00,2026-02-04 09:40:00,Llaima,MODIS,0.0,0.0,RUTINA,NULO,No descargada,2026-02-04 11:05:39,2026-02-04 18:15:39,NO
1770208800,2026-02-04 12:40:00,2026-02-04 09:40:00,PlanchonPeteroa,MODIS,0.0,0.0,RUTINA,NULO,No descargada,2026-02-04 10:50:40,2026-02-04 18:15:39,NO
1770208800,2026-02-04 12:40:00,2026-02-04 09:40:00,Nevados de Chillan,MODIS,0.0,0.0,RUTINA,NULO,No descargada,2026-02-04 11:05:39,2026-02-04 18:15:39,NO
1770208800,2026-02-04 12:40:00,2026-02-04 09:40:00,Chaiten,MODIS,0.0,0.0,RUTINA,NULO,No descargada,2026-02-04 11:05:39,2026-02-04 12:45:40,NO
1770208800,2026-02-04 12:40:00,2026-02-04 09:40:00,Villarrica,MODIS,0.0,0.0,RUTINA,NULO,No descargada,2026-02-04 11:05:39,2026-02-04 21:15:37,NO
1770208800,2026-02-04 12:40:00,2026-02-04 09:40:00,Copahue,MODIS,0.0,0.0,RUTINA,NULO,No descargada,2026-02-04 11:05:39,2026-02-04 18:15:39,NO
1770208800,2026-02-04 12:40:00,2026-02-04 09:40:00,Puyehue-Cordon Caulle,MODIS,0.0,0.0,RUTINA,NULO,No descargada,2026-02-04 11:05:39,2026-02-04 21:15:37,NO
1770208500,2026-02-04 12:35:00,2026-02-04 09:35:00,Lascar,MODIS,0.0,0.0,RUTINA,NULO,No descargada,2026-02-04 10:50:40,2026-02-04 18:15:39,NO
1770208500,2026-02-04 12:35:00,2026-02-04 09:35:00,Lastarria,MODIS,0.0,0.0,RUTINA,NULO,No descargada,2026-02-04 10:50:40,2026-02-04 18:15:39,NO
1770190200,2026-02-04 07:30:00,2026-02-04 04:30:00,Copahue,MODIS,0.0,0.0,RUTINA,NULO,No descargada,2026-02-04 07:20:41,2026-02-04 11:00:40,NO
1770190200,2026-02-04 07:30:00,2026-02-04 04:30:00,Chaiten,MODIS,0.0,0.0,RUTINA,NULO,No descargada,2026-02-04 07:20:41,2026-02-04 11:00:40,NO
1770190200,2026-02-04 07:30:00,2026-02-04 04:30:00,PlanchonPeteroa,MODIS,0.0,0.0,RUTINA,NULO,No descargada,2026-02-04 07:20:41,2026-02-04 10:45:41,NO
1770190200,2026-02-04 07:30:00,2026-02-04 04:30:00,Nevados de Chillan,MODIS,0.0,0.0,RUTINA,NULO,No descargada,2026-02-04 07:20:41,2026-02-04 11:00:40,NO
1770190200,2026-02-04 07:30:00,2026-02-04 04:30:00,Llaima,MODIS,0.0,0.0,RUTINA,NULO,No descargada,2026-02-04 07:20:41,2026-02-04 11:00:40,NO
1770190200,2026-02-04 07:30:00,2026-02-04 04:30:00,Puyehue-Cordon Caulle,MODIS,0.0,0.0,RUTINA,NULO,No descargada,2026-02-04 07:20:41,2026-02-04 11:00:40,NO
1770190200,2026-02-04 07:30:00,2026-02-04 04:30:00,Villarrica,MODIS,0.0,0.0,RUTINA,NULO,No descargada,2026-02-04 07:20:41,2026-02-04 11:00:40,NO
1770189900,2026-02-04 07:25:00,2026-02-04 04:25:00,Lascar,MODIS,0.0,0.0,RUTINA,NULO,No descargada,2026-02-04 07:20:41,2026-02-04 10:45:41,NO
1770189900,2026-02-04 07:25:00,2026-02-04 04:25:00,Lastarria,MODIS,0.0,0.0,RUTINA,NULO,No descargada,2026-02-04 07:20:41,2026-02-04 10:45:41,NO
1770189900,2026-02-04 07:25:00,2026-02-04 04:25:00,Isluga,MODIS,0.0,0.0,RUTINA,NULO,No descargada,2026-02-04 07:20:41,2026-02-04 20:30:41,NO
1770184801,2026-02-04 06:00:01,2026-02-04 03:00:01,Chaiten,VIIRS375,0.0,0.0,RUTINA,NULO,No descargada,2026-02-04 05:50:36,2026-02-04 18:15:39,NO
1770184801,2026-02-04 06:00:01,2026-02-04 03:00:01,Puyehue-Cordon Caulle,VIIRS,0.0,0.0,RUTINA,NULO,No descargada,2026-02-04 06:05:37,2026-02-04 18:15:39,NO
1770184801,2026-02-04 06:00:01,2026-02-04 03:00:01,Chaiten,VIIRS,0.0,0.0,RUTINA,NULO,No descargada,2026-02-04 06:05:37,2026-02-04 18:15:39,NO
1770184801,2026-02-04 06:00:01,2026-02-04 03:00:01,Puyehue-Cordon Caulle,VIIRS375,0.0,0.0,RUTINA,NULO,No descargada,2026-02-04 05:50:36,2026-02-04 18:15:39,NO
1770184441,2026-02-04 05:54:01,2026-02-04 02:54:01,PlanchonPeteroa,VIIRS,0.0,0.0,RUTINA,NULO,No descargada,2026-02-04 05:50:36,2026-02-04 18:15:39,NO
1770184441,2026-02-04 05:54:01,2026-02-04 02:54:01,Nevados de Chillan,VIIRS375,0.0,0.0,RUTINA,NULO,No descargada,2026-02-04 06:35:37,2026-02-04 18:15:39,NO
1770184441,2026-02-04 05:54:01,2026-02-04 02:54:01,Copahue,VIIRS,0.0,0.0,RUTINA,NULO,No descargada,2026-02-04 06:05:37,2026-02-04 18:15:39,NO
1770184441,2026-02-04 05:54:01,2026-02-04 02:54:01,Lascar,VIIRS375,0.34,1.5,ALERTA_TERMICA,Muy Bajo,imagenes_satelitales/Lascar/2026-02-04/05-54-01_Lascar_VIIRS375_Latest.png,2026-02-04 06:35:37,2026-02-04 18:15:39,NO
1770184441,2026-02-04 05:54:01,2026-02-04 02:54:01,Lascar,VIIRS,0.23,1.5,ALERTA_TERMICA,Muy Bajo,imagenes_satelitales/Lascar/2026-02-04/05-54-01_Lascar_VIIRS750_Latest.png,2026-02-04 05:50:36,2026-02-04 17:15:41,NO
1770184441,2026-02-04 05:54:01,2026-02-04 02:54:01,Llaima,VIIRS375,0.0,0.0,RUTINA,NULO,No descargada,2026-02-04 06:50:40,2026-02-04 18:15:39,NO
1770184441,2026-02-04 05:54:01,2026-02-04 02:54:01,Llaima,VIIRS,0.0,0.0,RUTINA,NULO,No descargada,2026-02-04 06:05:37,2026-02-04 18:15:39,NO
1770184441,2026-02-04 05:54:01,2026-02-04 02:54:01,Nevados de Chillan,VIIRS,0.0,0.0,RUTINA,NULO,No descargada,2026-02-04 06:05:37,2026-02-04 18:15:39,NO
1770184441,2026-02-04 05:54:01,2026-02-04 02:54:01,Copahue,VIIRS375,0.0,0.0,RUTINA,NULO,No descargada,2026-02-04 06:35:37,2026-02-04 18:15:39,NO
1770184441,2026-02-04 05:54:01,2026-02-04 02:54:01,Lastarria,VIIRS375,0.07,1.35,ALERTA_TERMICA,Muy Bajo,imagenes_satelitales/Lastarria/2026-02-04/05-54-01_Lastarria_VIIRS375_Latest.png,2026-02-04 06:35:37,2026-02-04 18:15:39,NO
1770184441,2026-02-04 05:54:01,2026-02-04 02:54:01,Villarrica,VIIRS,0.0,0.0,RUTINA,NULO,No descargada,2026-02-04 06:05:37,2026-02-04 18:15:39,NO
1770184441,2026-02-04 05:54:01,2026-02-04 02:54:01,Villarrica,VIIRS375,0.0,0.0,RUTINA,NULO,No descargada,2026-02-04 06:50:40,2026-02-04 18:15:39,NO
1770184441,2026-02-04 05:54:01,2026-02-04 02:54:01,Isluga,VIIRS375,0.0,0.0,RUTINA,NULO,No descargada,2026-02-04 06:35:37,2026-02-04 18:15:39,NO
1770184441,2026-02-04 05:54:01,2026-02-04 02:54:01,Lastarria,VIIRS,0.0,0.0,RUTINA,NULO,No descargada,2026-02-04 05:50:36,2026-02-04 17:15:41,NO
1770184441,2026-02-04 05:54:01,2026-02-04 02:54:01,PlanchonPeteroa,VIIRS375,0.0,0.0,RUTINA,NULO,No descargada,2026-02-04 06:35:37,2026-02-04 18:15:39,NO
1770184441,2026-02-04 05:54:01,2026-02-04 02:54:01,Isluga,VIIRS,0.0,0.0,RUTINA,NULO,No descargada,2026-02-04 05:50:36,2026-02-04 17:15:41,NO
1770174900,2026-02-04 03:15:00,2026-02-04 00:15:00,Puyehue-Cordon Caulle,MODIS,0.0,0.0,RUTINA,NULO,No descargada,2026-02-04 01:20:39,2026-02-04 07:15:42,NO
1770174900,2026-02-04 03:15:00,2026-02-04 00:15:00,Chaiten,MODIS,0.0,0.0,RUTINA,NULO,No descargada,2026-02-04 01:20:39,2026-02-04 07:15:42,NO
1770169200,2026-02-04 01:40:00,2026-02-03 22:40:00,Lastarria,MODIS,0.0,0.0,RUTINA,NULO,No descargada,2026-02-03 23:50:37,2026-02-04 07:15:42,NO
1770169200,2026-02-04 01:40:00,2026-02-03 22:40:00,Lascar,MODIS,0.0,0.0,RUTINA,NULO,No descargada,2026-02-03 23:50:37,2026-02-04 07:15:42,NO
1770169200,2026-02-04 01:40:00,2026-02-03 22:40:00,Isluga,MODIS,0.0,0.0,RUTINA,NULO,No descargada,2026-02-03 23:50:37,2026-02-04 07:15:42,NO
1770169200,2026-02-04 01:40:00,2026-02-03 22:40:00,PlanchonPeteroa,MODIS,0.0,0.0,RUTINA,NULO,No descargada,2026-02-04 00:05:38,2026-02-04 07:15:42,NO
1770168900,2026-02-04 01:35:00,2026-02-03 22:35:00,Villarrica,MODIS,0.0,0.0,RUTINA,NULO,No descargada,2026-02-03 23:50:37,2026-02-04 07:15:42,NO
1770168900,2026-02-04 01:35:00,2026-02-03 22:35:00,Nevados de Chillan,MODIS,0.0,0.0,RUTINA,NULO,No descargada,2026-02-03 23:50:37,2026-02-04 07:15:42,NO
1770168900,2026-02-04 01:35:00,2026-02-03 22:35:00,Copahue,MODIS,0.0,0.0,RUTINA,NULO,No descargada,2026-02-03 23:50:37,2026-02-04 07:15:42,NO
1770168900,2026-02-04 01:35:00,2026-02-03 22:35:00,Llaima,MODIS,0.0,0.0,RUTINA,NULO,No descargada,2026-02-03 23:50:37,2026-02-04 07:15:42,NO
1770168900,2026-02-04 01:35:00,2026-02-03 22:35:00,Chaiten,MODIS,0.0,0.0,RUTINA,NULO,No descargada,2026-02-03 23:50:37,2026-02-04 01:15:40,NO
1770168900,2026-02-04 01:35:00,2026-02-03 22:35:00,Puyehue-Cordon Caulle,MODIS,0.0,0.0,RUTINA,NULO,No descargada,2026-02-03 23:50:37,2026-02-04 01:15:40,NO
1770150900,2026-02-03 20:35:00,2026-02-03 17:35:00,Isluga,MODIS,0.0,0.0,RUTINA,NULO,No descargada,2026-02-03 19:20:38,2026-02-03 23:45:35,NO
1770150600,2026-02-03 20:30:00,2026-02-03 17:30:00,Nevados de Chillan,MODIS,0.0,0.0,RUTINA,NULO,No descargada,2026-02-03 19:20:38,2026-02-03 23:45:35,NO
1770150600,2026-02-03 20:30:00,2026-02-03 17:30:00,Copahue,MODIS,0.0,0.0,RUTINA,NULO,No descargada,2026-02-03 19:20:38,2026-02-03 23:45:35,NO
1770150600,2026-02-03 20:30:00,2026-02-03 17:30:00,Villarrica,MODIS,0.0,0.0,RUTINA,NULO,No descargada,2026-02-03 19:20:38,2026-02-03 23:45:35,NO
1770150600,2026-02-03 20:30:00,2026-02-03 17:30:00,Lascar,MODIS,0.0,0.0,RUTINA,NULO,No descargada,2026-02-03 19:20:38,2026-02-03 23:45:35,NO
1770150600,2026-02-03 20:30:00,2026-02-03 17:30:00,PlanchonPeteroa,MODIS,0.0,0.0,RUTINA,NULO,No descargada,2026-02-03 19:20:38,2026-02-04 00:00:43,NO
1770150600,2026-02-03 20:30:00,2026-02-03 17:30:00,Lastarria,MODIS,0.0,0.0,RUTINA,NULO,No descargada,2026-02-03 19:20:38,2026-02-03 23:45:35,NO
1770150600,2026-02-03 20:30:00,2026-02-03 17:30:00,Llaima,MODIS,0.0,0.0,RUTINA,NULO,No descargada,2026-02-03 19:20:38,2026-02-03 23:45:35,NO
1770150300,2026-02-03 20:25:00,2026-02-03 17:25:00,Chaiten,MODIS,0.0,0.0,RUTINA,NULO,No descargada,2026-02-03 19:20:38,2026-02-03 23:45:35,NO
1770148440,2026-02-03 19:54:00,2026-02-03 16:54:00,Llaima,VIIRS375,0.0,0.0,RUTINA,NULO,No descargada,2026-02-03 20:50:38,2026-02-04 06:45:41,NO
1770148440,2026-02-03 19:54:00,2026-02-03 16:54:00,Llaima,VIIRS,0.0,0.0,RUTINA,NULO,No descargada,2026-02-03 19:50:37,2026-02-04 06:00:42,NO
1770148440,2026-02-03 19:54:00,2026-02-03 16:54:00,Puyehue-Cordon Caulle,VIIRS375,0.0,0.0,RUTINA,NULO,No descargada,2026-02-03 20:50:38,2026-02-04 05:45:40,NO
1770148440,2026-02-03 19:54:00,2026-02-03 16:54:00,Villarrica,VIIRS375,0.0,0.0,RUTINA,NULO,No descargada,2026-02-03 20:50:38,2026-02-04 06:45:41,NO
1770148440,2026-02-03 19:54:00,2026-02-03 16:54:00,Puyehue-Cordon Caulle,VIIRS,0.0,0.0,RUTINA,NULO,No descargada,2026-02-03 19:50:37,2026-02-04 06:00:42,NO
1770148440,2026-02-03 19:54:00,2026-02-03 16:54:00,Copahue,VIIRS375,0.0,0.0,RUTINA,NULO,No descargada,2026-02-03 20:50:38,2026-02-04 06:30:39,NO
1770148440,2026-02-03 19:54:00,2026-02-03 16:54:00,Copahue,VIIRS,0.0,0.0,RUTINA,NULO,No descargada,2026-02-03 19:50:37,2026-02-04 06:00:42,NO
1770148440,2026-02-03 19:54:00,2026-02-03 16:54:00,Chaiten,VIIRS,0.0,0.0,RUTINA,NULO,No descargada,2026-02-03 19:50:37,2026-02-04 06:00:42,NO
1770148440,2026-02-03 19:54:00,2026-02-03 16:54:00,Chaiten,VIIRS375,0.0,0.0,RUTINA,NULO,No descargada,2026-02-03 20:50:38,2026-02-04 05:45:40,NO
1770148440,2026-02-03 19:54:00,2026-02-03 16:54:00,Villarrica,VIIRS,0.0,0.0,RUTINA,NULO,No descargada,2026-02-03 19:50:37,2026-02-04 06:00:42,NO
1770144121,2026-02-03 18:42:01,2026-02-03 15:42:01,Isluga,VIIRS375,0.0,0.0,RUTINA,NULO,No descargada,2026-02-03 20:20:38,2026-02-04 06:30:39,NO
1770144121,2026-02-03 18:42:01,2026-02-03 15:42:01,Isluga,VIIRS,0.0,0.0,RUTINA,NULO,No descargada,2026-02-03 18:50:39,2026-02-04 05:45:40,NO
1770143761,2026-02-03 18:36:01,2026-02-03 15:36:01,Chaiten,VIIRS,0.0,0.0,RUTINA,NULO,No descargada,2026-02-03 18:35:52,2026-02-03 19:45:43,NO
1770143761,2026-02-03 18:36:01,2026-02-03 15:36:01,Villarrica,VIIRS375,0.0,0.0,RUTINA,NULO,No descargada,2026-02-03 20:05:36,2026-02-03 20:45:37,NO
1770143761,2026-02-03 18:36:01,2026-02-03 15:36:01,Nevados de Chillan,VIIRS375,0.0,0.0,RUTINA,NULO,No descargada,2026-02-03 20:05:36,2026-02-04 06:30:39,NO
1770143761,2026-02-03 18:36:01,2026-02-03 15:36:01,Copahue,VIIRS,0.0,0.0,RUTINA,NULO,No descargada,2026-02-03 18:35:52,2026-02-03 19:45:43,NO
1770143761,2026-02-03 18:36:01,2026-02-03 15:36:01,Puyehue-Cordon Caulle,VIIRS375,0.0,0.0,RUTINA,NULO,No descargada,2026-02-03 20:05:36,2026-02-03 20:45:37,NO
1770143761,2026-02-03 18:36:01,2026-02-03 15:36:01,Lascar,VIIRS,0.0,0.0,RUTINA,NULO,No descargada,2026-02-03 18:35:52,2026-02-04 05:45:40,NO
1770143761,2026-02-03 18:36:01,2026-02-03 15:36:01,Lastarria,VIIRS,0.0,0.0,RUTINA,NULO,No descargada,2026-02-03 18:35:52,2026-02-04 05:45:40,NO
1770143761,2026-02-03 18:36:01,2026-02-03 15:36:01,Llaima,VIIRS,0.0,0.0,RUTINA,NULO,No descargada,2026-02-03 18:35:52,2026-02-03 19:45:43,NO
1770143761,2026-02-03 18:36:01,2026-02-03 15:36:01,Chaiten,VIIRS375,0.0,0.0,RUTINA,NULO,No descargada,2026-02-03 20:05:36,2026-02-03 20:45:37,NO
1770143761,2026-02-03 18:36:01,2026-02-03 15:36:01,Copahue,VIIRS375,0.0,0.0,RUTINA,NULO,No descargada,2026-02-03 20:05:36,2026-02-03 20:45:37,NO
1770143761,2026-02-03 18:36:01,2026-02-03 15:36:01,Lastarria,VIIRS375,0.0,0.0,RUTINA,NULO,No descargada,2026-02-03 20:05:36,2026-02-04 06:30:39,NO
1770143761,2026-02-03 18:36:01,2026-02-03 15:36:01,PlanchonPeteroa,VIIRS375,0.0,0.0,RUTINA,NULO,No descargada,2026-02-03 20:05:36,2026-02-04 06:30:39,NO
1770143761,2026-02-03 18:36:01,2026-02-03 15:36:01,PlanchonPeteroa,VIIRS,0.0,0.0,RUTINA,NULO,No descargada,2026-02-03 18:35:52,2026-02-04 05:45:40,NO
1770143761,2026-02-03 18:36:01,2026-02-03 15:36:01,Puyehue-Cordon Caulle,VIIRS,0.0,0.0,RUTINA,NULO,No descargada,2026-02-03 18:35:52,2026-02-03 19:45:43,NO
1770143761,2026-02-03 18:36:01,2026-02-03 15:36:01,Nevados de Chillan,VIIRS,0.0,0.0,RUTINA,NULO,No descargada,2026-02-03 18:35:52,2026-02-04 06:00:42,NO
1770143761,2026-02-03 18:36:01,2026-02-03 15:36:01,Villarrica,VIIRS,0.0,0.0,RUTINA,NULO,No descargada,2026-02-03 18:35:52,2026-02-03 19:45:43,NO
1770143761,2026-02-03 18:36:01,2026-02-03 15:36:01,Lascar,VIIRS375,0.0,0.0,RUTINA,NULO,No descargada,2026-02-03 20:05:36,2026-02-04 06:30:39,NO
1770143761,2026-02-03 18:36:01,2026-02-03 15:36:01,Llaima,VIIRS375,0.0,0.0,RUTINA,NULO,No descargada,2026-02-03 20:05:36,2026-02-03 20:45:37,NO
1770142680,2026-02-03 18:18:00,2026-02-03 15:18:00,Isluga,VIIRS,0.0,0.0,RUTINA,NULO,No descargada,2026-02-03 18:05:37,2026-02-03 18:45:52,NO
1770142680,2026-02-03 18:18:00,2026-02-03 15:18:00,Lascar,VIIRS375,0.0,0.0,RUTINA,NULO,No descargada,2026-02-03 19:35:39,2026-02-03 20:00:38,NO
1770142680,2026-02-03 18:18:00,2026-02-03 15:18:00,Lastarria,VIIRS,0.0,0.0,RUTINA,NULO,No descargada,2026-02-03 18:05:37,2026-02-03 18:31:00,NO
1770142680,2026-02-03 18:18:00,2026-02-03 15:18:00,Lastarria,VIIRS375,0.0,0.0,RUTINA,NULO,No descargada,2026-02-03 19:35:39,2026-02-03 20:00:38,NO
1770142680,2026-02-03 18:18:00,2026-02-03 15:18:00,Isluga,VIIRS375,0.0,0.0,RUTINA,NULO,No descargada,2026-02-03 19:20:38,2026-02-03 20:15:34,NO
1770142680,2026-02-03 18:18:00,2026-02-03 15:18:00,Lascar,VIIRS,0.0,0.0,RUTINA,NULO,No descargada,2026-02-03 18:05:37,2026-02-03 18:31:00,NO
1770142320,2026-02-03 18:12:00,2026-02-03 15:12:00,Puyehue-Cordon Caulle,VIIRS375,0.0,0.0,RUTINA,NULO,No descargada,2026-02-03 19:20:38,2026-02-03 20:00:38,NO
1770142320,2026-02-03 18:12:00,2026-02-03 15:12:00,Puyehue-Cordon Caulle,VIIRS,0.9,4.74,ALERTA_TERMICA,Muy Bajo,imagenes_satelitales/Puyehue-Cordon Caulle/2026-02-03/18-12-00_Puyehue-Cordon Caulle_VIIRS750_Latest.png,2026-02-03 17:50:55,2026-02-03 18:31:00,NO
1770142320,2026-02-03 18:12:00,2026-02-03 15:12:00,Villarrica,VIIRS,0.0,0.0,RUTINA,NULO,No descargada,2026-02-03 17:50:55,2026-02-03 18:31:00,NO
1770142320,2026-02-03 18:12:00,2026-02-03 15:12:00,Chaiten,VIIRS375,0.0,0.0,RUTINA,NULO,No descargada,2026-02-03 19:20:38,2026-02-03 20:00:38,NO
1770142320,2026-02-03 18:12:00,2026-02-03 15:12:00,Copahue,VIIRS,0.0,0.0,RUTINA,NULO,No descargada,2026-02-03 17:50:55,2026-02-03 18:31:00,NO
1770142320,2026-02-03 18:12:00,2026-02-03 15:12:00,Nevados de Chillan,VIIRS,0.0,0.0,RUTINA,NULO,No descargada,2026-02-03 17:50:55,2026-02-03 18:31:00,NO
1770142320,2026-02-03 18:12:00,2026-02-03 15:12:00,Copahue,VIIRS375,0.0,0.0,RUTINA,NULO,No descargada,2026-02-03 19:20:38,2026-02-03 20:00:38,NO
1770142320,2026-02-03 18:12:00,2026-02-03 15:12:00,Nevados de Chillan,VIIRS375,0.0,0.0,RUTINA,NULO,No descargada,2026-02-03 19:20:38,2026-02-03 20:00:38,NO
1770142320,2026-02-03 18:12:00,2026-02-03 15:12:00,Llaima,VIIRS375,0.0,0.0,RUTINA,NULO,No descargada,2026-02-03 19:20:38,2026-02-03 20:00:38,NO
1770142320,2026-02-03 18:12:00,2026-02-03 15:12:00,Villarrica,VIIRS375,0.0,0.0,RUTINA,NULO,No descargada,2026-02-03 19:20:38,2026-02-03 20:00:38,NO
1770142320,2026-02-03 18:12:00,2026-02-03 15:12:00,Llaima,VIIRS,0.0,0.0,RUTINA,NULO,No descargada,2026-02-03 17:50:55,2026-02-03 18:31:00,NO
1770142320,2026-02-03 18:12:00,2026-02-03 15:12:00,Chaiten,VIIRS,0.0,0.0,RUTINA,NULO,No descargada,2026-02-03 17:50:55,2026-02-03 18:31:00,NO
1770126000,2026-02-03 13:40:00,2026-02-03 10:40:00,Nevados de Chillan,MODIS,0.0,0.0,RUTINA,NULO,No descargada,2026-02-03 12:50:38,2026-02-03 19:15:39,NO
1770126000,2026-02-03 13:40:00,2026-02-03 10:40:00,Copahue,MODIS,0.0,0.0,RUTINA,NULO,No descargada,2026-02-03 12:50:38,2026-02-03 19:15:39,NO
1770126000,2026-02-03 13:40:00,2026-02-03 10:40:00,Chaiten,MODIS,0.0,0.0,RUTINA,NULO,No descargada,2026-02-03 12:50:38,2026-02-03 19:15:39,NO
1770126000,2026-02-03 13:40:00,2026-02-03 10:40:00,Puyehue-Cordon Caulle,MODIS,0.0,0.0,RUTINA,NULO,No descargada,2026-02-03 12:50:38,2026-02-03 23:45:35,NO
1770126000,2026-02-03 13:40:00,2026-02-03 10:40:00,Llaima,MODIS,0.0,0.0,RUTINA,NULO,No descargada,2026-02-03 12:50:38,2026-02-03 19:15:39,NO
1770126000,2026-02-03 13:40:00,2026-02-03 10:40:00,Villarrica,MODIS,0.0,0.0,RUTINA,NULO,No descargada,2026-02-03 12:50:38,2026-02-03 19:15:39,NO
1770125700,2026-02-03 13:35:00,2026-02-03 10:35:00,PlanchonPeteroa,MODIS,0.0,0.0,RUTINA,NULO,No descargada,2026-02-03 12:50:38,2026-02-03 19:15:39,NO
1770125700,2026-02-03 13:35:00,2026-02-03 10:35:00,Lastarria,MODIS,0.0,0.0,RUTINA,NULO,No descargada,2026-02-03 12:50:38,2026-02-03 19:15:39,NO
1770125700,2026-02-03 13:35:00,2026-02-03 10:35:00,Isluga,MODIS,0.0,0.0,RUTINA,NULO,No descargada,2026-02-03 12:50:38,2026-02-03 19:15:39,NO
1770125700,2026-02-03 13:35:00,2026-02-03 10:35:00,Lascar,MODIS,0.0,0.0,RUTINA,NULO,No descargada,2026-02-03 12:50:38,2026-02-03 19:15:39,NO
1770101700,2026-02-03 06:55:00,2026-02-03 03:55:00,Puyehue-Cordon Caulle,MODIS,0.0,0.0,RUTINA,NULO,No descargada,2026-02-03 06:05:39,2026-02-03 12:45:40,NO
1770101700,2026-02-03 06:55:00,2026-02-03 03:55:00,Villarrica,MODIS,0.0,0.0,RUTINA,NULO,No descargada,2026-02-03 06:05:39,2026-02-03 12:45:40,NO
1770101700,2026-02-03 06:55:00,2026-02-03 03:55:00,Chaiten,MODIS,0.0,0.0,RUTINA,NULO,No descargada,2026-02-03 06:05:39,2026-02-03 12:45:40,NO
1770101400,2026-02-03 06:50:00,2026-02-03 03:50:00,Nevados de Chillan,MODIS,0.0,0.0,RUTINA,NULO,No descargada,2026-02-03 06:05:39,2026-02-03 12:45:40,NO
1770101400,2026-02-03 06:50:00,2026-02-03 03:50:00,Lascar,MODIS,0.0,0.0,RUTINA,NULO,No descargada,2026-02-03 06:05:39,2026-02-03 12:45:40,NO
1770101400,2026-02-03 06:50:00,2026-02-03 03:50:00,Lastarria,MODIS,0.0,0.0,RUTINA,NULO,No descargada,2026-02-03 06:05:39,2026-02-03 12:45:40,NO
1770101400,2026-02-03 06:50:00,2026-02-03 03:50:00,PlanchonPeteroa,MODIS,0.0,0.0,RUTINA,NULO,No descargada,2026-02-03 06:05:39,2026-02-03 12:45:40,NO
1770101400,2026-02-03 06:50:00,2026-02-03 03:50:00,Llaima,MODIS,0.0,0.0,RUTINA,NULO,No descargada,2026-02-03 06:05:39,2026-02-03 12:45:40,NO
1770101400,2026-02-03 06:50:00,2026-02-03 03:50:00,Copahue,MODIS,0.0,0.0,RUTINA,NULO,No descargada,2026-02-03 06:05:39,2026-02-03 12:45:40,NO
1770101100,2026-02-03 06:45:00,2026-02-03 03:45:00,Isluga,MODIS,0.0,0.0,RUTINA,NULO,No descargada,2026-02-03 06:05:39,2026-02-03 12:45:40,NO
1770099481,2026-02-03 06:18:01,2026-02-03 03:18:01,Chaiten,VIIRS,0.0,0.0,RUTINA,NULO,No descargada,2026-02-03 06:05:39,2026-02-03 17:45:39,NO
1770099481,2026-02-03 06:18:01,2026-02-03 03:18:01,Puyehue-Cordon Caulle,VIIRS375,0.0,0.0,RUTINA,NULO,No descargada,2026-02-03 06:20:41,2026-02-03 19:15:39,NO
1770099481,2026-02-03 06:18:01,2026-02-03 03:18:01,Villarrica,VIIRS375,0.0,0.0,RUTINA,NULO,No descargada,2026-02-03 06:20:41,2026-02-03 19:15:39,NO
1770099481,2026-02-03 06:18:01,2026-02-03 03:18:01,Llaima,VIIRS375,0.0,0.0,RUTINA,NULO,No descargada,2026-02-03 06:20:41,2026-02-03 19:15:39,NO
1770099481,2026-02-03 06:18:01,2026-02-03 03:18:01,Llaima,VIIRS,0.0,0.0,RUTINA,NULO,No descargada,2026-02-03 06:05:39,2026-02-03 17:45:39,NO
1770099481,2026-02-03 06:18:01,2026-02-03 03:18:01,Villarrica,VIIRS,0.0,0.0,RUTINA,NULO,No descargada,2026-02-03 06:05:39,2026-02-03 17:45:39,NO
1770099481,2026-02-03 06:18:01,2026-02-03 03:18:01,Copahue,VIIRS,0.0,0.0,RUTINA,NULO,No descargada,2026-02-03 06:05:39,2026-02-03 17:45:39,NO
1770099481,2026-02-03 06:18:01,2026-02-03 03:18:01,Puyehue-Cordon Caulle,VIIRS,0.0,0.0,RUTINA,NULO,No descargada,2026-02-03 06:05:39,2026-02-03 17:45:39,NO
1770099481,2026-02-03 06:18:01,2026-02-03 03:18:01,Chaiten,VIIRS375,0.0,0.0,RUTINA,NULO,No descargada,2026-02-03 06:20:41,2026-02-03 19:15:39,NO
1770099481,2026-02-03 06:18:01,2026-02-03 03:18:01,Copahue,VIIRS375,0.0,0.0,RUTINA,NULO,No descargada,2026-02-03 06:20:41,2026-02-03 19:15:39,NO
1770099121,2026-02-03 06:12:01,2026-02-03 03:12:01,PlanchonPeteroa,VIIRS375,0.0,0.0,RUTINA,NULO,No descargada,2026-02-03 06:20:41,2026-02-03 19:15:39,NO
1770099121,2026-02-03 06:12:01,2026-02-03 03:12:01,Isluga,VIIRS,0.0,0.0,RUTINA,NULO,No descargada,2026-02-03 06:20:41,2026-02-03 18:00:43,NO
1770099121,2026-02-03 06:12:01,2026-02-03 03:12:01,Lascar,VIIRS375,0.14,1.19,ALERTA_TERMICA,Muy Bajo,imagenes_satelitales/Lascar/2026-02-03/06-12-01_Lascar_VIIRS375_Latest.png,2026-02-03 06:20:41,2026-02-03 19:30:37,NO
1770099121,2026-02-03 06:12:01,2026-02-03 03:12:01,Lastarria,VIIRS,0.0,0.0,RUTINA,NULO,No descargada,2026-02-03 06:20:41,2026-02-03 18:00:43,NO
1770099121,2026-02-03 06:12:01,2026-02-03 03:12:01,Lascar,VIIRS,0.0,0.0,RUTINA,NULO,No descargada,2026-02-03 06:20:41,2026-02-03 18:00:43,NO
1770099121,2026-02-03 06:12:01,2026-02-03 03:12:01,Isluga,VIIRS375,0.07,0.53,ALERTA_TERMICA,Muy Bajo,imagenes_satelitales/Isluga/2026-02-03/06-12-01_Isluga_VIIRS375_Latest.png,2026-02-03 06:20:41,2026-02-03 19:15:39,NO
1770099121,2026-02-03 06:12:01,2026-02-03 03:12:01,Lastarria,VIIRS375,0.04,1.19,ALERTA_TERMICA,Muy Bajo,imagenes_satelitales/Lastarria/2026-02-03/06-12-01_Lastarria_VIIRS375_Latest.png,2026-02-03 06:20:41,2026-02-03 19:30:37,NO
1770099121,2026-02-03 06:12:01,2026-02-03 03:12:01,PlanchonPeteroa,VIIRS,0.0,0.0,RUTINA,NULO,No descargada,2026-02-03 06:20:41,2026-02-03 18:31:00,NO
1770098040,2026-02-03 05:54:00,2026-02-03 02:54:00,Nevados de Chillan,VIIRS,0.0,0.0,RUTINA,NULO,No descargada,2026-02-03 06:35:39,2026-02-03 17:45:39,NO
1770098040,2026-02-03 05:54:00,2026-02-03 02:54:00,Nevados de Chillan,VIIRS375,0.0,0.0,RUTINA,NULO,No descargada,2026-02-03 07:20:40,2026-02-03 18:15:40,NO
1770097680,2026-02-03 05:48:00,2026-02-03 02:48:00,Lastarria,VIIRS,0.0,0.0,RUTINA,NULO,No descargada,2026-02-03 06:05:39,2026-02-03 06:15:41,NO
1770097680,2026-02-03 05:48:00,2026-02-03 02:48:00,Lascar,VIIRS,0.0,0.0,RUTINA,NULO,No descargada,2026-02-03 06:05:39,2026-02-03 06:15:41,NO
1770097680,2026-02-03 05:48:00,2026-02-03 02:48:00,Isluga,VIIRS,0.0,0.0,RUTINA,NULO,No descargada,2026-02-03 06:05:39,2026-02-03 06:15:41,NO
1770093361,2026-02-03 04:36:01,2026-02-03 01:36:01,Llaima,VIIRS375,0.0,0.0,RUTINA,NULO,No descargada,2026-02-03 04:50:40,2026-02-03 06:15:41,NO
1770093361,2026-02-03 04:36:01,2026-02-03 01:36:01,Llaima,VIIRS,0.0,0.0,RUTINA,NULO,No descargada,2026-02-03 05:05:35,2026-02-03 06:00:43,NO
1770093361,2026-02-03 04:36:01,2026-02-03 01:36:01,Villarrica,VIIRS375,0.0,0.0,RUTINA,NULO,No descargada,2026-02-03 04:50:40,2026-02-03 06:15:41,NO
1770093361,2026-02-03 04:36:01,2026-02-03 01:36:01,Chaiten,VIIRS375,0.0,0.0,RUTINA,NULO,No descargada,2026-02-03 04:50:40,2026-02-03 06:15:41,NO
1770093361,2026-02-03 04:36:01,2026-02-03 01:36:01,Nevados de Chillan,VIIRS,0.0,0.0,RUTINA,NULO,No descargada,2026-02-03 05:05:35,2026-02-03 06:30:42,NO
1770093361,2026-02-03 04:36:01,2026-02-03 01:36:01,Copahue,VIIRS375,0.0,0.0,RUTINA,NULO,No descargada,2026-02-03 04:50:40,2026-02-03 06:15:41,NO
1770093361,2026-02-03 04:36:01,2026-02-03 01:36:01,Villarrica,VIIRS,0.0,0.0,RUTINA,NULO,No descargada,2026-02-03 05:05:35,2026-02-03 06:00:43,NO
1770093361,2026-02-03 04:36:01,2026-02-03 01:36:01,Puyehue-Cordon Caulle,VIIRS,0.0,0.0,RUTINA,NULO,No descargada,2026-02-03 05:05:35,2026-02-03 06:00:43,NO
1770093361,2026-02-03 04:36:01,2026-02-03 01:36:01,PlanchonPeteroa,VIIRS,0.0,0.0,RUTINA,NULO,No descargada,2026-02-03 05:05:35,2026-02-03 06:15:41,NO
1770093361,2026-02-03 04:36:01,2026-02-03 01:36:01,Nevados de Chillan,VIIRS375,0.0,0.0,RUTINA,NULO,No descargada,2026-02-03 04:50:40,2026-02-03 07:15:43,NO
1770093361,2026-02-03 04:36:01,2026-02-03 01:36:01,Copahue,VIIRS,0.0,0.0,RUTINA,NULO,No descargada,2026-02-03 05:05:35,2026-02-03 06:00:43,NO
1770093361,2026-02-03 04:36:01,2026-02-03 01:36:01,Chaiten,VIIRS,0.0,0.0,RUTINA,NULO,No descargada,2026-02-03 05:05:35,2026-02-03 06:00:43,NO
1770093361,2026-02-03 04:36:01,2026-02-03 01:36:01,PlanchonPeteroa,VIIRS375,0.0,0.0,RUTINA,NULO,No descargada,2026-02-03 04:50:40,2026-02-03 06:15:41,NO
1770093361,2026-02-03 04:36:01,2026-02-03 01:36:01,Puyehue-Cordon Caulle,VIIRS375,0.0,0.0,RUTINA,NULO,No descargada,2026-02-03 04:50:40,2026-02-03 06:15:41,NO
1770086100,2026-02-03 02:35:00,2026-02-02 23:35:00,Puyehue-Cordon Caulle,MODIS,0.0,0.0,RUTINA,NULO,No descargada,2026-02-03 00:35:42,2026-02-03 06:00:43,NO
1770086100,2026-02-03 02:35:00,2026-02-02 23:35:00,Villarrica,MODIS,0.0,0.0,RUTINA,NULO,No descargada,2026-02-03 00:35:42,2026-02-03 06:00:43,NO
1770086100,2026-02-03 02:35:00,2026-02-02 23:35:00,Copahue,MODIS,0.0,0.0,RUTINA,NULO,No descargada,2026-02-03 00:35:42,2026-02-03 06:00:43,NO
1770086100,2026-02-03 02:35:00,2026-02-02 23:35:00,Llaima,MODIS,0.0,0.0,RUTINA,NULO,No descargada,2026-02-03 00:35:42,2026-02-03 06:00:43,NO
1770086100,2026-02-03 02:35:00,2026-02-02 23:35:00,Chaiten,MODIS,0.0,0.0,RUTINA,NULO,No descargada,2026-02-03 00:50:41,2026-02-03 06:00:43,NO
1770086100,2026-02-03 02:35:00,2026-02-02 23:35:00,PlanchonPeteroa,MODIS,0.0,0.0,RUTINA,NULO,No descargada,2026-02-03 00:35:42,2026-02-03 06:00:43,NO
1770086100,2026-02-03 02:35:00,2026-02-02 23:35:00,Nevados de Chillan,MODIS,0.0,0.0,RUTINA,NULO,No descargada,2026-02-03 00:35:42,2026-02-03 06:00:43,NO
1770080700,2026-02-03 01:05:00,2026-02-02 22:05:00,Isluga,MODIS,0.0,0.0,RUTINA,NULO,No descargada,2026-02-03 00:20:40,2026-02-03 06:00:43,NO
1770080400,2026-02-03 01:00:00,2026-02-02 22:00:00,Lascar,MODIS,0.0,0.0,RUTINA,NULO,No descargada,2026-02-02 23:05:39,2026-02-03 06:00:43,NO
1770067500,2026-02-02 21:25:00,2026-02-02 18:25:00,Chaiten,MODIS,0.0,0.0,RUTINA,NULO,No descargada,2026-02-02 20:35:36,2026-02-03 00:45:36,NO
1770063120,2026-02-02 20:12:00,2026-02-02 17:12:00,Chaiten,VIIRS,0.0,0.0,RUTINA,NULO,No descargada,2026-02-02 20:00:48,2026-02-03 05:00:36,NO
1770063120,2026-02-02 20:12:00,2026-02-02 17:12:00,Chaiten,VIIRS375,0.0,0.0,RUTINA,NULO,No descargada,2026-02-02 20:35:36,2026-02-03 04:45:40,NO
1770062100,2026-02-02 19:55:00,2026-02-02 16:55:00,Lascar,MODIS,0.0,0.0,RUTINA,NULO,No descargada,2026-02-02 20:05:42,2026-02-02 23:00:40,NO
1770062100,2026-02-02 19:55:00,2026-02-02 16:55:00,Lastarria,MODIS,0.0,0.0,RUTINA,NULO,No descargada,2026-02-02 20:05:42,2026-02-03 06:00:43,NO
1770062100,2026-02-02 19:55:00,2026-02-02 16:55:00,Isluga,MODIS,0.0,0.0,RUTINA,NULO,No descargada,2026-02-02 20:05:42,2026-02-03 00:15:39,NO
1770061800,2026-02-02 19:50:00,2026-02-02 16:50:00,Copahue,MODIS,0.0,0.0,RUTINA,NULO,No descargada,2026-02-02 20:00:48,2026-02-03 00:30:39,NO
1770061800,2026-02-02 19:50:00,2026-02-02 16:50:00,Puyehue-Cordon Caulle,MODIS,0.0,0.0,RUTINA,NULO,No descargada,2026-02-02 20:00:48,2026-02-03 00:30:39,NO
1770061800,2026-02-02 19:50:00,2026-02-02 16:50:00,Villarrica,MODIS,0.0,0.0,RUTINA,NULO,No descargada,2026-02-02 20:00:48,2026-02-03 00:30:39,NO
1770061800,2026-02-02 19:50:00,2026-02-02 16:50:00,PlanchonPeteroa,MODIS,0.0,0.0,RUTINA,NULO,No descargada,2026-02-02 20:00:48,2026-02-03 00:30:39,NO
1770061800,2026-02-02 19:50:00,2026-02-02 16:50:00,Nevados de Chillan,MODIS,0.0,0.0,RUTINA,NULO,No descargada,2026-02-02 20:00:48,2026-02-03 00:30:39,NO
1770061800,2026-02-02 19:50:00,2026-02-02 16:50:00,Llaima,MODIS,0.0,0.0,RUTINA,NULO,No descargada,2026-02-02 20:00:48,2026-02-03 00:30:39,NO
1770061800,2026-02-02 19:50:00,2026-02-02 16:50:00,Chaiten,MODIS,0.0,0.0,RUTINA,NULO,No descargada,2026-02-02 20:00:48,2026-02-02 20:30:41,NO
1770058801,2026-02-02 19:00:01,2026-02-02 16:00:01,Lascar,VIIRS375,0.0,0.0,RUTINA,NULO,No descargada,2026-02-02 20:00:48,2026-02-03 06:15:41,NO
1770058801,2026-02-02 19:00:01,2026-02-02 16:00:01,Lastarria,VIIRS375,0.0,0.0,RUTINA,NULO,No descargada,2026-02-02 20:00:48,2026-02-03 06:15:41,NO
1770058801,2026-02-02 19:00:01,2026-02-02 16:00:01,Lascar,VIIRS,0.0,0.0,RUTINA,NULO,No descargada,2026-02-02 20:00:48,2026-02-03 06:00:43,NO
1770058801,2026-02-02 19:00:01,2026-02-02 16:00:01,Isluga,VIIRS375,0.0,0.0,RUTINA,NULO,No descargada,2026-02-02 20:00:48,2026-02-03 06:15:41,NO
1770058801,2026-02-02 19:00:01,2026-02-02 16:00:01,Lastarria,VIIRS,0.0,0.0,RUTINA,NULO,No descargada,2026-02-02 20:00:48,2026-02-03 06:00:43,NO
1770058801,2026-02-02 19:00:01,2026-02-02 16:00:01,Isluga,VIIRS,0.0,0.0,RUTINA,NULO,No descargada,2026-02-02 20:00:48,2026-02-03 06:00:43,NO
1770058441,2026-02-02 18:54:01,2026-02-02 15:54:01,PlanchonPeteroa,VIIRS375,0.0,0.0,RUTINA,NULO,No descargada,2026-02-02 20:00:48,2026-02-03 04:45:40,NO
1770058441,2026-02-02 18:54:01,2026-02-02 15:54:01,Villarrica,VIIRS,0.0,0.0,RUTINA,NULO,No descargada,2026-02-02 20:00:48,2026-02-03 05:00:36,NO
1770058441,2026-02-02 18:54:01,2026-02-02 15:54:01,Puyehue-Cordon Caulle,VIIRS375,0.0,0.0,RUTINA,NULO,No descargada,2026-02-02 20:00:48,2026-02-03 04:45:40,NO
1770058441,2026-02-02 18:54:01,2026-02-02 15:54:01,Puyehue-Cordon Caulle,VIIRS,0.0,0.0,RUTINA,NULO,No descargada,2026-02-02 20:00:48,2026-02-03 05:00:36,NO
1770058441,2026-02-02 18:54:01,2026-02-02 15:54:01,Chaiten,VIIRS375,0.0,0.0,RUTINA,NULO,No descargada,2026-02-02 20:00:48,2026-02-02 20:30:41,NO
1770058441,2026-02-02 18:54:01,2026-02-02 15:54:01,Nevados de Chillan,VIIRS375,0.0,0.0,RUTINA,NULO,No descargada,2026-02-02 20:00:48,2026-02-03 04:45:40,NO
1770058441,2026-02-02 18:54:01,2026-02-02 15:54:01,Nevados de Chillan,VIIRS,0.0,0.0,RUTINA,NULO,No descargada,2026-02-02 20:00:48,2026-02-03 05:00:36,NO
1770058441,2026-02-02 18:54:01,2026-02-02 15:54:01,Villarrica,VIIRS375,0.0,0.0,RUTINA,NULO,No descargada,2026-02-02 20:00:48,2026-02-03 04:45:40,NO
1770058441,2026-02-02 18:54:01,2026-02-02 15:54:01,PlanchonPeteroa,VIIRS,0.0,0.0,RUTINA,NULO,No descargada,2026-02-02 20:00:48,2026-02-03 05:00:36,NO
1770058441,2026-02-02 18:54:01,2026-02-02 15:54:01,Llaima,VIIRS375,0.0,0.0,RUTINA,NULO,No descargada,2026-02-02 20:00:48,2026-02-03 04:45:40,NO
1770058441,2026-02-02 18:54:01,2026-02-02 15:54:01,Llaima,VIIRS,0.0,0.0,RUTINA,NULO,No descargada,2026-02-02 20:00:48,2026-02-03 05:00:36,NO
1770058441,2026-02-02 18:54:01,2026-02-02 15:54:01,Copahue,VIIRS,0.0,0.0,RUTINA,NULO,No descargada,2026-02-02 20:00:48,2026-02-03 05:00:36,NO
1770058441,2026-02-02 18:54:01,2026-02-02 15:54:01,Copahue,VIIRS375,0.0,0.0,RUTINA,NULO,No descargada,2026-02-02 20:00:48,2026-02-03 04:45:40,NO
1770037200,2026-02-02 13:00:00,2026-02-02 10:00:00,Copahue,MODIS,0.0,0.0,RUTINA,NULO,No descargada,2026-02-02 11:35:39,2026-02-02 16:20:36,NO
1770037200,2026-02-02 13:00:00,2026-02-02 10:00:00,Villarrica,MODIS,0.0,0.0,RUTINA,NULO,No descargada,2026-02-02 11:35:39,2026-02-02 16:20:36,NO
1770037200,2026-02-02 13:00:00,2026-02-02 10:00:00,Llaima,MODIS,0.0,0.0,RUTINA,NULO,No descargada,2026-02-02 11:35:39,2026-02-02 16:20:36,NO
1770037200,2026-02-02 13:00:00,2026-02-02 10:00:00,PlanchonPeteroa,MODIS,0.0,0.0,RUTINA,NULO,No descargada,2026-02-02 11:35:39,2026-02-02 16:20:36,NO
1770037200,2026-02-02 13:00:00,2026-02-02 10:00:00,Puyehue-Cordon Caulle,MODIS,0.0,0.0,RUTINA,NULO,No descargada,2026-02-02 11:35:39,2026-02-02 16:20:36,NO
1770037200,2026-02-02 13:00:00,2026-02-02 10:00:00,Nevados de Chillan,MODIS,0.0,0.0,RUTINA,NULO,No descargada,2026-02-02 11:35:39,2026-02-02 16:20:36,NO
1770037200,2026-02-02 13:00:00,2026-02-02 10:00:00,Chaiten,MODIS,0.0,0.0,RUTINA,NULO,No descargada,2026-02-02 11:35:39,2026-02-02 16:20:36,NO
1770036900,2026-02-02 12:55:00,2026-02-02 09:55:00,Lastarria,MODIS,0.0,0.0,RUTINA,NULO,No descargada,2026-02-02 11:35:39,2026-02-02 20:00:48,NO
1770036900,2026-02-02 12:55:00,2026-02-02 09:55:00,Lascar,MODIS,0.0,0.0,RUTINA,NULO,No descargada,2026-02-02 11:35:39,2026-02-02 20:00:48,NO
1770036900,2026-02-02 12:55:00,2026-02-02 09:55:00,Isluga,MODIS,0.0,0.0,RUTINA,NULO,No descargada,2026-02-02 11:35:39,2026-02-02 20:00:48,NO
1770018900,2026-02-02 07:55:00,2026-02-02 04:55:00,Chaiten,MODIS,0.0,0.0,RUTINA,NULO,No descargada,2026-02-02 07:35:36,2026-02-02 11:30:40,NO
1770018600,2026-02-02 07:50:00,2026-02-02 04:50:00,Villarrica,MODIS,0.0,0.0,RUTINA,NULO,No descargada,2026-02-02 07:35:36,2026-02-02 11:30:40,NO
1770018600,2026-02-02 07:50:00,2026-02-02 04:50:00,Llaima,MODIS,0.0,0.0,RUTINA,NULO,No descargada,2026-02-02 07:35:36,2026-02-02 11:30:40,NO
1770018600,2026-02-02 07:50:00,2026-02-02 04:50:00,Nevados de Chillan,MODIS,0.0,0.0,RUTINA,NULO,No descargada,2026-02-02 07:35:36,2026-02-02 11:30:40,NO
1770018600,2026-02-02 07:50:00,2026-02-02 04:50:00,PlanchonPeteroa,MODIS,0.0,0.0,RUTINA,NULO,No descargada,2026-02-02 07:35:36,2026-02-02 11:30:40,NO
1770018600,2026-02-02 07:50:00,2026-02-02 04:50:00,Lascar,MODIS,0.0,0.0,RUTINA,NULO,No descargada,2026-02-02 07:35:36,2026-02-02 11:30:40,NO
1770018600,2026-02-02 07:50:00,2026-02-02 04:50:00,Puyehue-Cordon Caulle,MODIS,0.0,0.0,RUTINA,NULO,No descargada,2026-02-02 07:35:36,2026-02-02 11:30:40,NO
1770018600,2026-02-02 07:50:00,2026-02-02 04:50:00,Copahue,MODIS,0.0,0.0,RUTINA,NULO,No descargada,2026-02-02 07:35:36,2026-02-02 11:30:40,NO
1770018600,2026-02-02 07:50:00,2026-02-02 04:50:00,Lastarria,MODIS,0.0,0.0,RUTINA,NULO,No descargada,2026-02-02 07:35:36,2026-02-02 11:30:40,NO
1770018300,2026-02-02 07:45:00,2026-02-02 04:45:00,Isluga,MODIS,0.0,0.0,RUTINA,NULO,No descargada,2026-02-02 07:35:36,2026-02-02 11:30:40,NO
1770014161,2026-02-02 06:36:01,2026-02-02 03:36:01,PlanchonPeteroa,VIIRS,0.0,0.0,RUTINA,NULO,No descargada,2026-02-02 06:50:57,2026-02-02 16:20:36,NO
1770014161,2026-02-02 06:36:01,2026-02-02 03:36:01,Copahue,VIIRS,0.0,0.0,RUTINA,NULO,No descargada,2026-02-02 06:50:57,2026-02-02 16:20:36,NO
1770014161,2026-02-02 06:36:01,2026-02-02 03:36:01,Copahue,VIIRS375,0.0,0.0,RUTINA,NULO,No descargada,2026-02-02 06:20:35,2026-02-02 16:20:36,NO
1770014161,2026-02-02 06:36:01,2026-02-02 03:36:01,Villarrica,VIIRS375,0.0,0.0,RUTINA,NULO,No descargada,2026-02-02 06:20:35,2026-02-02 16:20:36,NO
1770014161,2026-02-02 06:36:01,2026-02-02 03:36:01,PlanchonPeteroa,VIIRS375,0.0,0.0,RUTINA,NULO,No descargada,2026-02-02 06:20:35,2026-02-02 16:20:36,NO
1770014161,2026-02-02 06:36:01,2026-02-02 03:36:01,Llaima,VIIRS,0.0,0.0,RUTINA,NULO,No descargada,2026-02-02 06:50:57,2026-02-02 16:20:36,NO
1770014161,2026-02-02 06:36:01,2026-02-02 03:36:01,Nevados de Chillan,VIIRS,0.0,0.0,RUTINA,NULO,No descargada,2026-02-02 06:50:57,2026-02-02 16:20:36,NO
1770014161,2026-02-02 06:36:01,2026-02-02 03:36:01,Puyehue-Cordon Caulle,VIIRS,0.0,0.0,RUTINA,NULO,No descargada,2026-02-02 06:50:57,2026-02-02 16:20:36,NO
1770014161,2026-02-02 06:36:01,2026-02-02 03:36:01,Villarrica,VIIRS,0.0,0.0,RUTINA,NULO,No descargada,2026-02-02 06:50:57,2026-02-02 16:20:36,NO
1770014161,2026-02-02 06:36:01,2026-02-02 03:36:01,Puyehue-Cordon Caulle,VIIRS375,0.0,0.0,RUTINA,NULO,No descargada,2026-02-02 06:20:35,2026-02-02 16:20:36,NO
1770014161,2026-02-02 06:36:01,2026-02-02 03:36:01,Llaima,VIIRS375,0.0,0.0,RUTINA,NULO,No descargada,2026-02-02 06:20:35,2026-02-02 16:20:36,NO
1770014161,2026-02-02 06:36:01,2026-02-02 03:36:01,Chaiten,VIIRS,0.0,0.0,RUTINA,NULO,No descargada,2026-02-02 06:50:57,2026-02-02 16:20:36,NO
1770014161,2026-02-02 06:36:01,2026-02-02 03:36:01,Nevados de Chillan,VIIRS375,0.0,0.0,RUTINA,NULO,No descargada,2026-02-02 06:20:35,2026-02-02 16:20:36,NO
1770014161,2026-02-02 06:36:01,2026-02-02 03:36:01,Chaiten,VIIRS375,0.0,0.0,RUTINA,NULO,No descargada,2026-02-02 06:20:35,2026-02-02 16:20:36,NO
1770013801,2026-02-02 06:30:01,2026-02-02 03:30:01,Lascar,VIIRS,0.0,0.0,RUTINA,NULO,No descargada,2026-02-02 06:50:57,2026-02-02 16:20:36,NO
1770013801,2026-02-02 06:30:01,2026-02-02 03:30:01,Lascar,VIIRS375,0.0,0.0,RUTINA,NULO,No descargada,2026-02-02 07:50:42,2026-02-02 16:20:36,NO
1770013801,2026-02-02 06:30:01,2026-02-02 03:30:01,Lastarria,VIIRS,0.0,0.0,RUTINA,NULO,No descargada,2026-02-02 06:50:57,2026-02-02 16:20:36,NO
1770013801,2026-02-02 06:30:01,2026-02-02 03:30:01,Lastarria,VIIRS375,0.1,1.55,ALERTA_TERMICA,Muy Bajo,imagenes_satelitales/Lastarria/2026-02-02/06-30-01_Lastarria_VIIRS375_Latest.png,2026-02-02 07:50:42,2026-02-02 16:20:36,NO
1770013801,2026-02-02 06:30:01,2026-02-02 03:30:01,Isluga,VIIRS,0.0,0.0,RUTINA,NULO,No descargada,2026-02-02 06:50:57,2026-02-02 16:20:36,NO
1770013801,2026-02-02 06:30:01,2026-02-02 03:30:01,Isluga,VIIRS375,0.0,0.0,RUTINA,NULO,No descargada,2026-02-02 07:50:42,2026-02-02 16:20:36,NO
1770012720,2026-02-02 06:12:00,2026-02-02 03:12:00,Nevados de Chillan,VIIRS,0.0,0.0,RUTINA,NULO,No descargada,2026-02-02 06:20:35,2026-02-02 06:45:42,NO
1770012720,2026-02-02 06:12:00,2026-02-02 03:12:00,PlanchonPeteroa,VIIRS,0.0,0.0,RUTINA,NULO,No descargada,2026-02-02 06:20:35,2026-02-02 06:45:42,NO
1770012720,2026-02-02 06:12:00,2026-02-02 03:12:00,Llaima,VIIRS,0.0,0.0,RUTINA,NULO,No descargada,2026-02-02 06:20:35,2026-02-02 06:45:42,NO
1770012720,2026-02-02 06:12:00,2026-02-02 03:12:00,Lastarria,VIIRS,0.0,0.0,RUTINA,NULO,No descargada,2026-02-02 06:20:35,2026-02-02 06:45:42,NO
1770012720,2026-02-02 06:12:00,2026-02-02 03:12:00,Puyehue-Cordon Caulle,VIIRS,0.0,0.0,RUTINA,NULO,No descargada,2026-02-02 06:20:35,2026-02-02 06:45:42,NO
1770012720,2026-02-02 06:12:00,2026-02-02 03:12:00,Lastarria,VIIRS375,0.05,1.19,ALERTA_TERMICA,Muy Bajo,imagenes_satelitales/Lastarria/2026-02-02/06-12-00_Lastarria_VIIRS375_Latest.png,2026-02-02 06:50:57,2026-02-02 07:45:41,NO
1770012720,2026-02-02 06:12:00,2026-02-02 03:12:00,Lascar,VIIRS,0.0,0.0,RUTINA,NULO,No descargada,2026-02-02 06:20:35,2026-02-02 06:45:42,NO
1770012720,2026-02-02 06:12:00,2026-02-02 03:12:00,Villarrica,VIIRS,0.0,0.0,RUTINA,NULO,No descargada,2026-02-02 06:20:35,2026-02-02 06:45:42,NO
1770012720,2026-02-02 06:12:00,2026-02-02 03:12:00,Copahue,VIIRS,0.0,0.0,RUTINA,NULO,No descargada,2026-02-02 06:20:35,2026-02-02 06:45:42,NO
1770012720,2026-02-02 06:12:00,2026-02-02 03:12:00,Lascar,VIIRS375,0.0,0.0,RUTINA,NULO,No descargada,2026-02-02 06:50:57,2026-02-02 07:45:41,NO
1770012360,2026-02-02 06:06:00,2026-02-02 03:06:00,Isluga,VIIRS375,0.1,0.84,ALERTA_TERMICA,Muy Bajo,imagenes_satelitales/Isluga/2026-02-02/06-06-00_Isluga_VIIRS375_Latest.png,2026-02-02 06:50:57,2026-02-02 07:45:41,NO
1770008041,2026-02-02 04:54:01,2026-02-02 01:54:01,Chaiten,VIIRS,0.0,0.0,RUTINA,NULO,No descargada,2026-02-02 04:50:38,2026-02-02 06:45:42,NO
1770008041,2026-02-02 04:54:01,2026-02-02 01:54:01,Nevados de Chillan,VIIRS375,0.0,0.0,RUTINA,NULO,No descargada,2026-02-02 05:35:40,2026-02-02 06:15:38,NO
1770008041,2026-02-02 04:54:01,2026-02-02 01:54:01,Puyehue-Cordon Caulle,VIIRS375,0.56,8.55,ALERTA_TERMICA,Muy Bajo,imagenes_satelitales/Puyehue-Cordon Caulle/2026-02-02/04-54-01_Puyehue-Cordon Caulle_VIIRS375_Latest.png,2026-02-02 05:35:40,2026-02-02 06:15:38,NO
1770008041,2026-02-02 04:54:01,2026-02-02 01:54:01,Copahue,VIIRS,0.0,0.0,RUTINA,NULO,No descargada,2026-02-02 04:50:38,2026-02-02 06:15:38,NO
1770008041,2026-02-02 04:54:01,2026-02-02 01:54:01,Puyehue-Cordon Caulle,VIIRS,0.0,0.0,RUTINA,NULO,No descargada,2026-02-02 04:50:38,2026-02-02 06:15:38,NO
1770008041,2026-02-02 04:54:01,2026-02-02 01:54:01,Chaiten,VIIRS375,0.0,0.0,RUTINA,NULO,No descargada,2026-02-02 05:35:40,2026-02-02 06:15:38,NO
1770008041,2026-02-02 04:54:01,2026-02-02 01:54:01,PlanchonPeteroa,VIIRS375,0.0,0.0,RUTINA,NULO,No descargada,2026-02-02 05:35:40,2026-02-02 06:15:38,NO
1770008041,2026-02-02 04:54:01,2026-02-02 01:54:01,Nevados de Chillan,VIIRS,0.0,0.0,RUTINA,NULO,No descargada,2026-02-02 04:50:38,2026-02-02 06:15:38,NO
1770008041,2026-02-02 04:54:01,2026-02-02 01:54:01,Copahue,VIIRS375,0.0,0.0,RUTINA,NULO,No descargada,2026-02-02 05:35:40,2026-02-02 06:15:38,NO
1770008041,2026-02-02 04:54:01,2026-02-02 01:54:01,Llaima,VIIRS,0.0,0.0,RUTINA,NULO,No descargada,2026-02-02 04:50:38,2026-02-02 06:15:38,NO
1770008041,2026-02-02 04:54:01,2026-02-02 01:54:01,PlanchonPeteroa,VIIRS,0.0,0.0,RUTINA,NULO,No descargada,2026-02-02 04:50:38,2026-02-02 06:15:38,NO
1770008041,2026-02-02 04:54:01,2026-02-02 01:54:01,Villarrica,VIIRS,0.0,0.0,RUTINA,NULO,No descargada,2026-02-02 04:50:38,2026-02-02 06:15:38,NO
1770008041,2026-02-02 04:54:01,2026-02-02 01:54:01,Llaima,VIIRS375,0.0,0.0,RUTINA,NULO,No descargada,2026-02-02 05:35:40,2026-02-02 06:15:38,NO
1770008041,2026-02-02 04:54:01,2026-02-02 01:54:01,Villarrica,VIIRS375,0.0,0.0,RUTINA,NULO,No descargada,2026-02-02 05:35:40,2026-02-02 06:15:38,NO
1770007681,2026-02-02 04:48:01,2026-02-02 01:48:01,Lastarria,VIIRS,0.0,0.0,RUTINA,NULO,No descargada,2026-02-02 04:50:38,2026-02-02 06:15:38,NO
1770007681,2026-02-02 04:48:01,2026-02-02 01:48:01,Isluga,VIIRS,0.0,0.0,RUTINA,NULO,No descargada,2026-02-02 04:50:38,2026-02-02 06:45:42,NO
1770007681,2026-02-02 04:48:01,2026-02-02 01:48:01,Lastarria,VIIRS375,0.0,0.0,RUTINA,NULO,No descargada,2026-02-02 04:35:39,2026-02-02 06:45:42,NO
1770007681,2026-02-02 04:48:01,2026-02-02 01:48:01,Lascar,VIIRS375,0.0,0.0,RUTINA,NULO,No descargada,2026-02-02 04:35:39,2026-02-02 06:45:42,NO
1770007681,2026-02-02 04:48:01,2026-02-02 01:48:01,Lascar,VIIRS,0.0,0.0,RUTINA,NULO,No descargada,2026-02-02 04:50:38,2026-02-02 06:15:38,NO
1770007681,2026-02-02 04:48:01,2026-02-02 01:48:01,Isluga,VIIRS375,0.0,0.0,RUTINA,NULO,No descargada,2026-02-02 04:35:39,2026-02-02 06:45:42,NO
1770006960,2026-02-02 04:36:00,2026-02-02 01:36:00,Copahue,VIIRS375,0.0,0.0,RUTINA,NULO,No descargada,2026-02-02 04:50:38,2026-02-02 05:30:43,NO
1770006960,2026-02-02 04:36:00,2026-02-02 01:36:00,Villarrica,VIIRS,0.0,0.0,RUTINA,NULO,No descargada,2026-02-02 04:35:39,2026-02-02 04:45:40,NO
1770006960,2026-02-02 04:36:00,2026-02-02 01:36:00,Villarrica,VIIRS375,0.0,0.0,RUTINA,NULO,No descargada,2026-02-02 04:50:38,2026-02-02 05:30:43,NO
1770006960,2026-02-02 04:36:00,2026-02-02 01:36:00,Llaima,VIIRS375,0.0,0.0,RUTINA,NULO,No descargada,2026-02-02 04:50:38,2026-02-02 05:30:43,NO
1770006960,2026-02-02 04:36:00,2026-02-02 01:36:00,Puyehue-Cordon Caulle,VIIRS375,0.0,0.0,RUTINA,NULO,No descargada,2026-02-02 04:50:38,2026-02-02 05:30:43,NO
1770006960,2026-02-02 04:36:00,2026-02-02 01:36:00,Chaiten,VIIRS,0.0,0.0,RUTINA,NULO,No descargada,2026-02-02 04:35:39,2026-02-02 04:45:40,NO
1770006960,2026-02-02 04:36:00,2026-02-02 01:36:00,Puyehue-Cordon Caulle,VIIRS,0.0,0.0,RUTINA,NULO,No descargada,2026-02-02 04:35:39,2026-02-02 04:45:40,NO
1770006960,2026-02-02 04:36:00,2026-02-02 01:36:00,Llaima,VIIRS,0.0,0.0,RUTINA,NULO,No descargada,2026-02-02 04:35:39,2026-02-02 04:45:40,NO
1770006960,2026-02-02 04:36:00,2026-02-02 01:36:00,Copahue,VIIRS,0.0,0.0,RUTINA,NULO,No descargada,2026-02-02 04:35:39,2026-02-02 04:45:40,NO
1770006960,2026-02-02 04:36:00,2026-02-02 01:36:00,Chaiten,VIIRS375,0.0,0.0,RUTINA,NULO,No descargada,2026-02-02 04:50:38,2026-02-02 05:30:43,NO
1769997600,2026-02-02 02:00:00,2026-02-01 23:00:00,Lascar,MODIS,0.0,0.0,RUTINA,NULO,No descargada,2026-02-02 01:20:39,2026-02-02 07:30:38,NO
1769997600,2026-02-02 02:00:00,2026-02-01 23:00:00,Isluga,MODIS,0.0,0.0,RUTINA,NULO,No descargada,2026-02-02 01:20:39,2026-02-02 07:30:38,NO
1769997600,2026-02-02 02:00:00,2026-02-01 23:00:00,Lastarria,MODIS,0.0,0.0,RUTINA,NULO,No descargada,2026-02-02 01:20:39,2026-02-02 07:30:38,NO
1769997300,2026-02-02 01:55:00,2026-02-01 22:55:00,Chaiten,MODIS,0.0,0.0,RUTINA,NULO,No descargada,2026-02-02 00:05:40,2026-02-02 07:30:38,NO
1769997300,2026-02-02 01:55:00,2026-02-01 22:55:00,Villarrica,MODIS,0.0,0.0,RUTINA,NULO,No descargada,2026-02-02 00:05:40,2026-02-02 07:30:38,NO
1769997300,2026-02-02 01:55:00,2026-02-01 22:55:00,Copahue,MODIS,0.0,0.0,RUTINA,NULO,No descargada,2026-02-02 00:05:40,2026-02-02 07:30:38,NO
1769997300,2026-02-02 01:55:00,2026-02-01 22:55:00,Llaima,MODIS,0.0,0.0,RUTINA,NULO,No descargada,2026-02-02 00:05:40,2026-02-02 07:30:38,NO
1769997300,2026-02-02 01:55:00,2026-02-01 22:55:00,Nevados de Chillan,MODIS,0.0,0.0,RUTINA,NULO,No descargada,2026-02-02 00:05:40,2026-02-02 07:30:38,NO
1769997300,2026-02-02 01:55:00,2026-02-01 22:55:00,Puyehue-Cordon Caulle,MODIS,0.0,0.0,RUTINA,NULO,No descargada,2026-02-02 00:05:40,2026-02-02 07:30:38,NO
1769979000,2026-02-01 20:50:00,2026-02-01 17:50:00,PlanchonPeteroa,MODIS,0.0,0.0,RUTINA,NULO,No descargada,2026-02-01 19:50:38,2026-02-02 07:30:38,NO
1769979000,2026-02-01 20:50:00,2026-02-01 17:50:00,Llaima,MODIS,0.0,0.0,RUTINA,NULO,No descargada,2026-02-01 19:50:38,2026-02-02 00:00:41,NO
1769979000,2026-02-01 20:50:00,2026-02-01 17:50:00,Chaiten,MODIS,0.0,0.0,RUTINA,NULO,No descargada,2026-02-01 19:50:38,2026-02-02 00:00:41,NO
1769979000,2026-02-01 20:50:00,2026-02-01 17:50:00,Nevados de Chillan,MODIS,0.0,0.0,RUTINA,NULO,No descargada,2026-02-01 19:50:38,2026-02-02 00:00:41,NO
1769979000,2026-02-01 20:50:00,2026-02-01 17:50:00,Puyehue-Cordon Caulle,MODIS,0.0,0.0,RUTINA,NULO,No descargada,2026-02-01 19:50:38,2026-02-02 00:00:41,NO
1769979000,2026-02-01 20:50:00,2026-02-01 17:50:00,Villarrica,MODIS,0.0,0.0,RUTINA,NULO,No descargada,2026-02-01 19:50:38,2026-02-02 00:00:41,NO
1769979000,2026-02-01 20:50:00,2026-02-01 17:50:00,Copahue,MODIS,0.0,0.0,RUTINA,NULO,No descargada,2026-02-01 19:50:38,2026-02-02 00:00:41,NO
1769973481,2026-02-01 19:18:01,2026-02-01 16:18:01,Lastarria,VIIRS375,0.0,0.0,RUTINA,NULO,No descargada,2026-02-01 19:50:38,2026-02-02 04:30:38,NO
1769973481,2026-02-01 19:18:01,2026-02-01 16:18:01,Lastarria,VIIRS,0.0,0.0,RUTINA,NULO,No descargada,2026-02-01 19:05:38,2026-02-02 04:45:40,NO
1769973300,2026-02-01 19:15:00,2026-02-01 16:15:00,Isluga,MODIS,0.0,0.0,RUTINA,NULO,No descargada,2026-02-01 18:05:37,2026-02-02 01:15:41,NO
1769973300,2026-02-01 19:15:00,2026-02-01 16:15:00,Lastarria,MODIS,0.0,0.0,RUTINA,NULO,No descargada,2026-02-01 18:05:37,2026-02-02 01:15:41,NO
1769973300,2026-02-01 19:15:00,2026-02-01 16:15:00,Lascar,MODIS,0.0,0.0,RUTINA,NULO,No descargada,2026-02-01 18:05:37,2026-02-02 01:15:41,NO
1769973121,2026-02-01 19:12:01,2026-02-01 16:12:01,Copahue,VIIRS375,0.0,0.0,RUTINA,NULO,No descargada,2026-02-01 19:50:38,2026-02-02 04:45:40,NO
1769973121,2026-02-01 19:12:01,2026-02-01 16:12:01,Nevados de Chillan,VIIRS,0.0,0.0,RUTINA,NULO,No descargada,2026-02-01 19:05:38,2026-02-02 04:45:40,NO
1769973121,2026-02-01 19:12:01,2026-02-01 16:12:01,Puyehue-Cordon Caulle,VIIRS375,0.0,0.0,RUTINA,NULO,No descargada,2026-02-01 19:50:38,2026-02-02 04:45:40,NO
1769973121,2026-02-01 19:12:01,2026-02-01 16:12:01,Copahue,VIIRS,0.0,0.0,RUTINA,NULO,No descargada,2026-02-01 19:05:38,2026-02-02 04:30:38,NO
1769973121,2026-02-01 19:12:01,2026-02-01 16:12:01,Chaiten,VIIRS375,0.0,0.0,RUTINA,NULO,No descargada,2026-02-01 19:50:38,2026-02-02 04:45:40,NO
1769973121,2026-02-01 19:12:01,2026-02-01 16:12:01,Llaima,VIIRS,0.0,0.0,RUTINA,NULO,No descargada,2026-02-01 19:05:38,2026-02-02 04:30:38,NO
1769973121,2026-02-01 19:12:01,2026-02-01 16:12:01,Chaiten,VIIRS,0.0,0.0,RUTINA,NULO,No descargada,2026-02-01 19:05:38,2026-02-02 04:30:38,NO
1769973121,2026-02-01 19:12:01,2026-02-01 16:12:01,PlanchonPeteroa,VIIRS,0.0,0.0,RUTINA,NULO,No descargada,2026-02-01 18:50:38,2026-02-02 04:45:40,NO
1769973121,2026-02-01 19:12:01,2026-02-01 16:12:01,Llaima,VIIRS375,0.0,0.0,RUTINA,NULO,No descargada,2026-02-01 19:50:38,2026-02-02 04:45:40,NO
1769973121,2026-02-01 19:12:01,2026-02-01 16:12:01,Villarrica,VIIRS,0.0,0.0,RUTINA,NULO,No descargada,2026-02-01 19:05:38,2026-02-02 04:30:38,NO
1769973121,2026-02-01 19:12:01,2026-02-01 16:12:01,Villarrica,VIIRS375,0.0,0.0,RUTINA,NULO,No descargada,2026-02-01 19:50:38,2026-02-02 04:45:40,NO
1769973121,2026-02-01 19:12:01,2026-02-01 16:12:01,Nevados de Chillan,VIIRS375,0.0,0.0,RUTINA,NULO,No descargada,2026-02-01 19:50:38,2026-02-02 05:30:43,NO
1769973121,2026-02-01 19:12:01,2026-02-01 16:12:01,PlanchonPeteroa,VIIRS375,0.0,0.0,RUTINA,NULO,No descargada,2026-02-01 19:50:38,2026-02-02 05:30:43,NO
1769973121,2026-02-01 19:12:01,2026-02-01 16:12:01,Puyehue-Cordon Caulle,VIIRS,0.0,0.0,RUTINA,NULO,No descargada,2026-02-01 19:05:38,2026-02-02 04:30:38,NO
1769972040,2026-02-01 18:54:00,2026-02-01 15:54:00,PlanchonPeteroa,VIIRS,0.0,0.0,RUTINA,NULO,No descargada,2026-02-01 18:35:36,2026-02-01 18:45:39,NO
1769972040,2026-02-01 18:54:00,2026-02-01 15:54:00,Lastarria,VIIRS375,0.0,0.0,RUTINA,NULO,No descargada,2026-02-01 18:50:38,2026-02-01 19:45:39,NO
1769972040,2026-02-01 18:54:00,2026-02-01 15:54:00,Lastarria,VIIRS,0.0,0.0,RUTINA,NULO,No descargada,2026-02-01 18:35:36,2026-02-01 19:00:38,NO
1769972040,2026-02-01 18:54:00,2026-02-01 15:54:00,Lascar,VIIRS,0.0,0.0,RUTINA,NULO,No descargada,2026-02-01 18:35:36,2026-02-02 04:45:40,NO
1769972040,2026-02-01 18:54:00,2026-02-01 15:54:00,Llaima,VIIRS,0.0,0.0,RUTINA,NULO,No descargada,2026-02-01 18:35:36,2026-02-01 19:00:38,NO
1769972040,2026-02-01 18:54:00,2026-02-01 15:54:00,Copahue,VIIRS375,0.0,0.0,RUTINA,NULO,No descargada,2026-02-01 18:50:38,2026-02-01 19:45:39,NO
1769972040,2026-02-01 18:54:00,2026-02-01 15:54:00,Llaima,VIIRS375,0.0,0.0,RUTINA,NULO,No descargada,2026-02-01 18:50:38,2026-02-01 19:45:39,NO
1769972040,2026-02-01 18:54:00,2026-02-01 15:54:00,PlanchonPeteroa,VIIRS375,0.0,0.0,RUTINA,NULO,No descargada,2026-02-01 18:50:38,2026-02-01 19:45:39,NO
1769972040,2026-02-01 18:54:00,2026-02-01 15:54:00,Villarrica,VIIRS,0.0,0.0,RUTINA,NULO,No descargada,2026-02-01 18:35:36,2026-02-01 19:00:38,NO
1769972040,2026-02-01 18:54:00,2026-02-01 15:54:00,Copahue,VIIRS,0.0,0.0,RUTINA,NULO,No descargada,2026-02-01 18:35:36,2026-02-01 19:00:38,NO
1769972040,2026-02-01 18:54:00,2026-02-01 15:54:00,Isluga,VIIRS375,0.0,0.0,RUTINA,NULO,No descargada,2026-02-01 18:50:38,2026-02-02 04:30:38,NO
1769972040,2026-02-01 18:54:00,2026-02-01 15:54:00,Villarrica,VIIRS375,0.0,0.0,RUTINA,NULO,No descargada,2026-02-01 19:05:38,2026-02-01 19:45:39,NO
1769972040,2026-02-01 18:54:00,2026-02-01 15:54:00,Lascar,VIIRS375,0.0,0.0,RUTINA,NULO,No descargada,2026-02-01 18:50:38,2026-02-02 04:30:38,NO
1769972040,2026-02-01 18:54:00,2026-02-01 15:54:00,Nevados de Chillan,VIIRS,0.0,0.0,RUTINA,NULO,No descargada,2026-02-01 18:35:36,2026-02-01 19:00:38,NO
1769972040,2026-02-01 18:54:00,2026-02-01 15:54:00,Isluga,VIIRS,0.0,0.0,RUTINA,NULO,No descargada,2026-02-01 18:35:36,2026-02-02 04:45:40,NO
1769972040,2026-02-01 18:54:00,2026-02-01 15:54:00,Nevados de Chillan,VIIRS375,0.0,0.0,RUTINA,NULO,No descargada,2026-02-01 18:50:38,2026-02-01 19:45:39,NO
1769971680,2026-02-01 18:48:00,2026-02-01 15:48:00,Chaiten,VIIRS375,0.0,0.0,RUTINA,NULO,No descargada,2026-02-01 18:50:38,2026-02-01 19:45:39,NO
1769971680,2026-02-01 18:48:00,2026-02-01 15:48:00,Chaiten,VIIRS,0.0,0.0,RUTINA,NULO,No descargada,2026-02-01 18:35:36,2026-02-01 19:00:38,NO
1769967361,2026-02-01 17:36:01,2026-02-01 14:36:01,Lascar,VIIRS,0.0,0.0,RUTINA,NULO,No descargada,2026-02-01 17:50:39,2026-02-01 18:30:43,NO
1769967361,2026-02-01 17:36:01,2026-02-01 14:36:01,Isluga,VIIRS375,0.0,0.0,RUTINA,NULO,No descargada,2026-02-01 18:35:36,2026-02-01 18:45:39,NO
1769967361,2026-02-01 17:36:01,2026-02-01 14:36:01,Isluga,VIIRS,0.0,0.0,RUTINA,NULO,No descargada,2026-02-01 17:50:39,2026-02-01 18:30:43,NO
1769967361,2026-02-01 17:36:01,2026-02-01 14:36:01,Lastarria,VIIRS,0.0,0.0,RUTINA,NULO,No descargada,2026-02-01 17:50:39,2026-02-01 18:30:43,NO
1769967361,2026-02-01 17:36:01,2026-02-01 14:36:01,Lastarria,VIIRS375,0.0,0.0,RUTINA,NULO,No descargada,2026-02-01 18:35:36,2026-02-01 18:45:39,NO
1769967361,2026-02-01 17:36:01,2026-02-01 14:36:01,Lascar,VIIRS375,0.0,0.0,RUTINA,NULO,No descargada,2026-02-01 18:35:36,2026-02-01 18:45:39,NO
1769967001,2026-02-01 17:30:01,2026-02-01 14:30:01,PlanchonPeteroa,VIIRS375,0.0,0.0,RUTINA,NULO,No descargada,2026-02-01 18:05:37,2026-02-01 18:45:39,NO
1769967001,2026-02-01 17:30:01,2026-02-01 14:30:01,Nevados de Chillan,VIIRS375,0.0,0.0,RUTINA,NULO,No descargada,2026-02-01 18:05:37,2026-02-01 18:45:39,NO
1769967001,2026-02-01 17:30:01,2026-02-01 14:30:01,Nevados de Chillan,VIIRS,0.0,0.0,RUTINA,NULO,No descargada,2026-02-01 17:50:39,2026-02-01 18:30:43,NO
1769967001,2026-02-01 17:30:01,2026-02-01 14:30:01,Copahue,VIIRS375,0.0,0.0,RUTINA,NULO,No descargada,2026-02-01 18:05:37,2026-02-01 18:45:39,NO
1769967001,2026-02-01 17:30:01,2026-02-01 14:30:01,Puyehue-Cordon Caulle,VIIRS375,0.0,0.0,RUTINA,NULO,No descargada,2026-02-01 18:35:36,2026-02-01 19:45:39,NO
1769967001,2026-02-01 17:30:01,2026-02-01 14:30:01,PlanchonPeteroa,VIIRS,0.0,0.0,RUTINA,NULO,No descargada,2026-02-01 17:50:39,2026-02-01 18:30:43,NO
1769967001,2026-02-01 17:30:01,2026-02-01 14:30:01,Chaiten,VIIRS375,0.0,0.0,RUTINA,NULO,No descargada,2026-02-01 18:35:36,2026-02-01 18:45:39,NO
1769967001,2026-02-01 17:30:01,2026-02-01 14:30:01,Chaiten,VIIRS,0.0,0.0,RUTINA,NULO,No descargada,2026-02-01 17:50:39,2026-02-01 18:30:43,NO
1769967001,2026-02-01 17:30:01,2026-02-01 14:30:01,Llaima,VIIRS,0.0,0.0,RUTINA,NULO,No descargada,2026-02-01 17:50:39,2026-02-01 18:30:43,NO
1769967001,2026-02-01 17:30:01,2026-02-01 14:30:01,Villarrica,VIIRS375,0.0,0.0,RUTINA,NULO,No descargada,2026-02-01 18:35:36,2026-02-01 19:00:38,NO
1769967001,2026-02-01 17:30:01,2026-02-01 14:30:01,Copahue,VIIRS,0.0,0.0,RUTINA,NULO,No descargada,2026-02-01 17:50:39,2026-02-01 18:30:43,NO
1769967001,2026-02-01 17:30:01,2026-02-01 14:30:01,Llaima,VIIRS375,0.0,0.0,RUTINA,NULO,No descargada,2026-02-01 18:05:37,2026-02-01 18:45:39,NO
1769967001,2026-02-01 17:30:01,2026-02-01 14:30:01,Villarrica,VIIRS,0.0,0.0,RUTINA,NULO,No descargada,2026-02-01 17:50:39,2026-02-01 18:30:43,NO
1769967001,2026-02-01 17:30:01,2026-02-01 14:30:01,Puyehue-Cordon Caulle,VIIRS,0.0,0.0,RUTINA,NULO,No descargada,2026-02-01 17:50:39,2026-02-01 19:00:38,NO
1769966280,2026-02-01 17:18:00,2026-02-01 14:18:00,Lascar,VIIRS375,0.0,0.0,RUTINA,NULO,No descargada,2026-02-01 17:35:38,2026-02-01 18:30:43,NO
1769966280,2026-02-01 17:18:00,2026-02-01 14:18:00,Lascar,VIIRS,0.0,0.0,RUTINA,NULO,No descargada,2026-02-01 17:20:37,2026-02-01 17:45:36,NO
1769966280,2026-02-01 17:18:00,2026-02-01 14:18:00,Isluga,VIIRS375,0.0,0.0,RUTINA,NULO,No descargada,2026-02-01 17:35:38,2026-02-01 18:30:43,NO
1769966280,2026-02-01 17:18:00,2026-02-01 14:18:00,Isluga,VIIRS,0.0,0.0,RUTINA,NULO,No descargada,2026-02-01 17:20:37,2026-02-01 17:45:36,NO
1769954400,2026-02-01 14:00:00,2026-02-01 11:00:00,Llaima,MODIS,0.0,0.0,RUTINA,NULO,No descargada,2026-02-01 12:35:38,2026-02-01 19:45:39,NO
1769954400,2026-02-01 14:00:00,2026-02-01 11:00:00,Copahue,MODIS,0.0,0.0,RUTINA,NULO,No descargada,2026-02-01 12:35:38,2026-02-01 19:45:39,NO
1769954400,2026-02-01 14:00:00,2026-02-01 11:00:00,Villarrica,MODIS,0.0,0.0,RUTINA,NULO,No descargada,2026-02-01 12:35:38,2026-02-01 19:45:39,NO
1769954400,2026-02-01 14:00:00,2026-02-01 11:00:00,Nevados de Chillan,MODIS,0.0,0.0,RUTINA,NULO,No descargada,2026-02-01 12:35:38,2026-02-01 19:45:39,NO
1769954400,2026-02-01 14:00:00,2026-02-01 11:00:00,Puyehue-Cordon Caulle,MODIS,0.0,0.0,RUTINA,NULO,No descargada,2026-02-01 12:35:38,2026-02-01 19:45:39,NO
1769954400,2026-02-01 14:00:00,2026-02-01 11:00:00,Chaiten,MODIS,0.0,0.0,RUTINA,NULO,No descargada,2026-02-01 12:35:38,2026-02-01 19:45:39,NO
1769954100,2026-02-01 13:55:00,2026-02-01 10:55:00,PlanchonPeteroa,MODIS,0.0,0.0,RUTINA,NULO,No descargada,2026-02-01 12:20:38,2026-02-01 19:45:39,NO
1769954100,2026-02-01 13:55:00,2026-02-01 10:55:00,Lastarria,MODIS,0.0,0.0,RUTINA,NULO,No descargada,2026-02-01 12:20:38,2026-02-01 18:00:35,NO
1769954100,2026-02-01 13:55:00,2026-02-01 10:55:00,Isluga,MODIS,0.0,0.0,RUTINA,NULO,No descargada,2026-02-01 12:20:38,2026-02-01 18:00:35,NO
1769954100,2026-02-01 13:55:00,2026-02-01 10:55:00,Lascar,MODIS,0.0,0.0,RUTINA,NULO,No descargada,2026-02-01 12:20:38,2026-02-01 18:00:35,NO
1769948400,2026-02-01 12:20:00,2026-02-01 09:20:00,Chaiten,MODIS,0.0,0.0,RUTINA,NULO,No descargada,2026-02-01 11:35:39,2026-02-01 12:30:39,NO
1769930100,2026-02-01 07:15:00,2026-02-01 04:15:00,Chaiten,MODIS,0.0,0.0,RUTINA,NULO,No descargada,2026-02-01 06:35:39,2026-02-01 11:30:37,NO
1769930100,2026-02-01 07:15:00,2026-02-01 04:15:00,Puyehue-Cordon Caulle,MODIS,0.0,0.0,RUTINA,NULO,No descargada,2026-02-01 06:35:39,2026-02-01 12:30:39,NO
1769930100,2026-02-01 07:15:00,2026-02-01 04:15:00,Llaima,MODIS,0.0,0.0,RUTINA,NULO,No descargada,2026-02-01 06:35:39,2026-02-01 12:30:39,NO
1769930100,2026-02-01 07:15:00,2026-02-01 04:15:00,PlanchonPeteroa,MODIS,0.0,0.0,RUTINA,NULO,No descargada,2026-02-01 06:35:39,2026-02-01 12:15:42,NO
1769930100,2026-02-01 07:15:00,2026-02-01 04:15:00,Villarrica,MODIS,0.0,0.0,RUTINA,NULO,No descargada,2026-02-01 06:35:39,2026-02-01 12:30:39,NO
1769930100,2026-02-01 07:15:00,2026-02-01 04:15:00,Copahue,MODIS,0.0,0.0,RUTINA,NULO,No descargada,2026-02-01 06:35:39,2026-02-01 12:30:39,NO
1769930100,2026-02-01 07:15:00,2026-02-01 04:15:00,Nevados de Chillan,MODIS,0.0,0.0,RUTINA,NULO,No descargada,2026-02-01 06:35:39,2026-02-01 12:30:39,NO
1769929800,2026-02-01 07:10:00,2026-02-01 04:10:00,Isluga,MODIS,0.0,0.0,RUTINA,NULO,No descargada,2026-02-01 06:35:39,2026-02-01 12:15:42,NO
1769929800,2026-02-01 07:10:00,2026-02-01 04:10:00,Lastarria,MODIS,0.0,0.0,RUTINA,NULO,No descargada,2026-02-01 06:35:39,2026-02-01 12:15:42,NO
1769929800,2026-02-01 07:10:00,2026-02-01 04:10:00,Lascar,MODIS,0.0,0.0,RUTINA,NULO,No descargada,2026-02-01 06:35:39,2026-02-01 12:15:42,NO
1769928841,2026-02-01 06:54:01,2026-02-01 03:54:01,Chaiten,VIIRS375,0.0,0.0,RUTINA,NULO,No descargada,2026-02-01 08:20:39,2026-02-01 18:30:43,NO
1769928841,2026-02-01 06:54:01,2026-02-01 03:54:01,Villarrica,VIIRS,0.0,0.0,RUTINA,NULO,No descargada,2026-02-01 07:35:35,2026-02-01 17:45:36,NO
1769928841,2026-02-01 06:54:01,2026-02-01 03:54:01,Puyehue-Cordon Caulle,VIIRS375,0.0,0.0,RUTINA,NULO,No descargada,2026-02-01 08:20:39,2026-02-01 18:30:43,NO
1769928841,2026-02-01 06:54:01,2026-02-01 03:54:01,Llaima,VIIRS,0.0,0.0,RUTINA,NULO,No descargada,2026-02-01 07:35:35,2026-02-01 17:45:36,NO
1769928841,2026-02-01 06:54:01,2026-02-01 03:54:01,Villarrica,VIIRS375,0.0,0.0,RUTINA,NULO,No descargada,2026-02-01 07:50:37,2026-02-01 18:30:43,NO
1769928841,2026-02-01 06:54:01,2026-02-01 03:54:01,Chaiten,VIIRS,0.0,0.0,RUTINA,NULO,No descargada,2026-02-01 07:35:35,2026-02-01 17:45:36,NO
1769928841,2026-02-01 06:54:01,2026-02-01 03:54:01,Puyehue-Cordon Caulle,VIIRS,0.0,0.0,RUTINA,NULO,No descargada,2026-02-01 07:35:35,2026-02-01 17:45:36,NO
1769928841,2026-02-01 06:54:01,2026-02-01 03:54:01,Llaima,VIIRS375,0.0,0.0,RUTINA,NULO,No descargada,2026-02-01 07:50:37,2026-02-01 18:00:35,NO
1769927760,2026-02-01 06:36:00,2026-02-01 03:36:00,Puyehue-Cordon Caulle,VIIRS,0.0,0.0,RUTINA,NULO,No descargada,2026-02-01 06:50:37,2026-02-01 07:30:39,NO
1769927760,2026-02-01 06:36:00,2026-02-01 03:36:00,Chaiten,VIIRS,0.0,0.0,RUTINA,NULO,No descargada,2026-02-01 06:50:37,2026-02-01 07:30:39,NO
1769927400,2026-02-01 06:30:00,2026-02-01 03:30:00,Lastarria,VIIRS,0.0,0.0,RUTINA,NULO,No descargada,2026-02-01 06:50:37,2026-02-01 17:45:36,NO
1769927400,2026-02-01 06:30:00,2026-02-01 03:30:00,Lascar,VIIRS,0.0,0.0,RUTINA,NULO,No descargada,2026-02-01 06:50:37,2026-02-01 17:15:39,NO
1769927400,2026-02-01 06:30:00,2026-02-01 03:30:00,PlanchonPeteroa,VIIRS,0.0,0.0,RUTINA,NULO,No descargada,2026-02-01 06:50:37,2026-02-01 17:45:36,NO
1769927400,2026-02-01 06:30:00,2026-02-01 03:30:00,Nevados de Chillan,VIIRS375,0.0,0.0,RUTINA,NULO,No descargada,2026-02-01 08:35:39,2026-02-01 18:00:35,NO
1769927400,2026-02-01 06:30:00,2026-02-01 03:30:00,Copahue,VIIRS,0.0,0.0,RUTINA,NULO,No descargada,2026-02-01 06:50:37,2026-02-01 17:45:36,NO
1769927400,2026-02-01 06:30:00,2026-02-01 03:30:00,Llaima,VIIRS,0.0,0.0,RUTINA,NULO,No descargada,2026-02-01 06:50:37,2026-02-01 07:30:39,NO
1769927400,2026-02-01 06:30:00,2026-02-01 03:30:00,Lascar,VIIRS375,0.0,0.0,RUTINA,NULO,No descargada,2026-02-01 08:20:39,2026-02-01 17:30:37,NO
1769927400,2026-02-01 06:30:00,2026-02-01 03:30:00,Copahue,VIIRS375,0.0,0.0,RUTINA,NULO,No descargada,2026-02-01 08:35:39,2026-02-01 18:00:35,NO
1769927400,2026-02-01 06:30:00,2026-02-01 03:30:00,Nevados de Chillan,VIIRS,0.0,0.0,RUTINA,NULO,No descargada,2026-02-01 06:50:37,2026-02-01 17:45:36,NO
1769927400,2026-02-01 06:30:00,2026-02-01 03:30:00,Villarrica,VIIRS,0.0,0.0,RUTINA,NULO,No descargada,2026-02-01 06:50:37,2026-02-01 07:30:39,NO
1769927400,2026-02-01 06:30:00,2026-02-01 03:30:00,PlanchonPeteroa,VIIRS375,0.0,0.0,RUTINA,NULO,No descargada,2026-02-01 08:35:39,2026-02-01 18:00:35,NO
1769927400,2026-02-01 06:30:00,2026-02-01 03:30:00,Lastarria,VIIRS375,0.09,1.55,ALERTA_TERMICA,Muy Bajo,imagenes_satelitales/Lastarria/2026-02-01/06-30-00_Lastarria_VIIRS375_Latest.png,2026-02-01 08:20:39,2026-02-01 18:30:43,NO
1769927040,2026-02-01 06:24:00,2026-02-01 03:24:00,Isluga,VIIRS,0.0,0.0,RUTINA,NULO,No descargada,2026-02-01 06:50:37,2026-02-01 17:15:39,NO
1769927040,2026-02-01 06:24:00,2026-02-01 03:24:00,Isluga,VIIRS375,0.0,0.0,RUTINA,NULO,No descargada,2026-02-01 08:20:39,2026-02-01 17:30:37,NO
1769922721,2026-02-01 05:12:01,2026-02-01 02:12:01,Copahue,VIIRS,0.0,0.0,RUTINA,NULO,No descargada,2026-02-01 05:05:34,2026-02-01 06:45:37,NO
1769922721,2026-02-01 05:12:01,2026-02-01 02:12:01,Copahue,VIIRS375,0.0,0.0,RUTINA,NULO,No descargada,2026-02-01 05:50:39,2026-02-01 08:30:36,NO
1769922721,2026-02-01 05:12:01,2026-02-01 02:12:01,Llaima,VIIRS,0.0,0.0,RUTINA,NULO,No descargada,2026-02-01 05:05:34,2026-02-01 06:45:37,NO
1769922721,2026-02-01 05:12:01,2026-02-01 02:12:01,Nevados de Chillan,VIIRS375,0.0,0.0,RUTINA,NULO,No descargada,2026-02-01 05:50:39,2026-02-01 08:30:36,NO
1769922721,2026-02-01 05:12:01,2026-02-01 02:12:01,Nevados de Chillan,VIIRS,0.0,0.0,RUTINA,NULO,No descargada,2026-02-01 05:05:34,2026-02-01 06:45:37,NO
1769922721,2026-02-01 05:12:01,2026-02-01 02:12:01,Chaiten,VIIRS,0.0,0.0,RUTINA,NULO,No descargada,2026-02-01 05:05:34,2026-02-01 06:45:37,NO
1769922721,2026-02-01 05:12:01,2026-02-01 02:12:01,PlanchonPeteroa,VIIRS375,0.0,0.0,RUTINA,NULO,No descargada,2026-02-01 05:50:39,2026-02-01 08:30:36,NO
1769922721,2026-02-01 05:12:01,2026-02-01 02:12:01,Puyehue-Cordon Caulle,VIIRS,0.57,7.83,ALERTA_TERMICA,Muy Bajo,imagenes_satelitales/Puyehue-Cordon Caulle/2026-02-01/05-12-01_Puyehue-Cordon Caulle_VIIRS750_Latest.png,2026-02-01 05:05:34,2026-02-01 06:45:37,NO
1769922721,2026-02-01 05:12:01,2026-02-01 02:12:01,Puyehue-Cordon Caulle,VIIRS375,0.65,8.3,ALERTA_TERMICA,Muy Bajo,imagenes_satelitales/Puyehue-Cordon Caulle/2026-02-01/05-12-01_Puyehue-Cordon Caulle_VIIRS375_Latest.png,2026-02-01 05:50:39,2026-02-01 08:15:40,NO
1769922721,2026-02-01 05:12:01,2026-02-01 02:12:01,PlanchonPeteroa,VIIRS,0.0,0.0,RUTINA,NULO,No descargada,2026-02-01 04:50:38,2026-02-01 06:45:37,NO
1769922721,2026-02-01 05:12:01,2026-02-01 02:12:01,Villarrica,VIIRS375,0.0,0.0,RUTINA,NULO,No descargada,2026-02-01 05:50:39,2026-02-01 07:45:40,NO
1769922721,2026-02-01 05:12:01,2026-02-01 02:12:01,Llaima,VIIRS375,0.0,0.0,RUTINA,NULO,No descargada,2026-02-01 05:50:39,2026-02-01 07:45:40,NO
1769922721,2026-02-01 05:12:01,2026-02-01 02:12:01,Chaiten,VIIRS375,0.0,0.0,RUTINA,NULO,No descargada,2026-02-01 05:50:39,2026-02-01 08:15:40,NO
1769922721,2026-02-01 05:12:01,2026-02-01 02:12:01,Villarrica,VIIRS,0.0,0.0,RUTINA,NULO,No descargada,2026-02-01 05:05:34,2026-02-01 06:45:37,NO
1769922361,2026-02-01 05:06:01,2026-02-01 02:06:01,Lastarria,VIIRS,0.0,0.0,RUTINA,NULO,No descargada,2026-02-01 04:50:38,2026-02-01 06:45:37,NO
1769922361,2026-02-01 05:06:01,2026-02-01 02:06:01,Isluga,VIIRS,0.0,0.0,RUTINA,NULO,No descargada,2026-02-01 04:50:38,2026-02-01 06:45:37,NO
1769922361,2026-02-01 05:06:01,2026-02-01 02:06:01,Lascar,VIIRS,0.0,0.0,RUTINA,NULO,No descargada,2026-02-01 04:50:38,2026-02-01 06:45:37,NO
1769922361,2026-02-01 05:06:01,2026-02-01 02:06:01,Lastarria,VIIRS375,0.0,0.0,RUTINA,NULO,No descargada,2026-02-01 05:50:39,2026-02-01 08:15:40,NO
1769922361,2026-02-01 05:06:01,2026-02-01 02:06:01,Lascar,VIIRS375,0.21,1.19,ALERTA_TERMICA,Muy Bajo,imagenes_satelitales/Lascar/2026-02-01/05-06-01_Lascar_VIIRS375_Latest.png,2026-02-01 05:50:39,2026-02-01 08:15:40,NO
1769922361,2026-02-01 05:06:01,2026-02-01 02:06:01,Isluga,VIIRS375,0.11,0.53,ALERTA_TERMICA,Muy Bajo,imagenes_satelitales/Isluga/2026-02-01/05-06-01_Isluga_VIIRS375_Latest.png,2026-02-01 05:50:39,2026-02-01 08:15:40,NO
1769914500,2026-02-01 02:55:00,2026-01-31 23:55:00,PlanchonPeteroa,MODIS,0.0,0.0,RUTINA,NULO,No descargada,2026-02-01 01:05:37,2026-02-01 06:30:41,NO
1769914500,2026-02-01 02:55:00,2026-01-31 23:55:00,Puyehue-Cordon Caulle,MODIS,0.0,0.0,RUTINA,NULO,No descargada,2026-02-01 01:05:37,2026-02-01 06:30:41,NO
1769914500,2026-02-01 02:55:00,2026-01-31 23:55:00,Nevados de Chillan,MODIS,0.0,0.0,RUTINA,NULO,No descargada,2026-02-01 01:05:37,2026-02-01 06:30:41,NO
1769914500,2026-02-01 02:55:00,2026-01-31 23:55:00,Chaiten,MODIS,0.0,0.0,RUTINA,NULO,No descargada,2026-02-01 01:05:37,2026-02-01 06:30:41,NO
1769914500,2026-02-01 02:55:00,2026-01-31 23:55:00,Copahue,MODIS,0.0,0.0,RUTINA,NULO,No descargada,2026-02-01 01:05:37,2026-02-01 06:30:41,NO
1769914500,2026-02-01 02:55:00,2026-01-31 23:55:00,Villarrica,MODIS,0.0,0.0,RUTINA,NULO,No descargada,2026-02-01 01:05:37,2026-02-01 06:30:41,NO
1769914500,2026-02-01 02:55:00,2026-01-31 23:55:00,Llaima,MODIS,0.0,0.0,RUTINA,NULO,No descargada,2026-02-01 01:05:37,2026-02-01 06:30:41,NO
1769909100,2026-02-01 01:25:00,2026-01-31 22:25:00,Isluga,MODIS,0.0,0.0,RUTINA,NULO,No descargada,2026-02-01 00:20:36,2026-02-01 06:30:41,NO
1769908800,2026-02-01 01:20:00,2026-01-31 22:20:00,Lastarria,MODIS,0.0,0.0,RUTINA,NULO,No descargada,2026-01-31 23:35:38,2026-02-01 06:30:41,NO
1769908800,2026-02-01 01:20:00,2026-01-31 22:20:00,Copahue,MODIS,0.0,0.0,RUTINA,NULO,No descargada,2026-01-31 23:50:38,2026-02-01 01:00:49,NO
1769908800,2026-02-01 01:20:00,2026-01-31 22:20:00,Nevados de Chillan,MODIS,0.0,0.0,RUTINA,NULO,No descargada,2026-01-31 23:50:38,2026-02-01 01:00:49,NO
1769908800,2026-02-01 01:20:00,2026-01-31 22:20:00,Lascar,MODIS,0.0,0.0,RUTINA,NULO,No descargada,2026-01-31 23:35:38,2026-02-01 06:30:41,NO
1769908800,2026-02-01 01:20:00,2026-01-31 22:20:00,PlanchonPeteroa,MODIS,0.0,0.0,RUTINA,NULO,No descargada,2026-01-31 23:50:38,2026-02-01 01:00:49,NO
1769890500,2026-01-31 20:15:00,2026-01-31 17:15:00,Lascar,MODIS,0.0,0.0,RUTINA,NULO,No descargada,2026-01-31 18:20:37,2026-01-31 23:30:51,NO
1769890500,2026-01-31 20:15:00,2026-01-31 17:15:00,Isluga,MODIS,0.0,0.0,RUTINA,NULO,No descargada,2026-01-31 18:20:37,2026-02-01 00:15:37,NO
1769890500,2026-01-31 20:15:00,2026-01-31 17:15:00,Lastarria,MODIS,0.0,0.0,RUTINA,NULO,No descargada,2026-01-31 18:20:37,2026-01-31 23:30:51,NO
1769890200,2026-01-31 20:10:00,2026-01-31 17:10:00,Nevados de Chillan,MODIS,0.0,0.0,RUTINA,NULO,No descargada,2026-01-31 18:35:35,2026-01-31 23:45:40,NO
1769890200,2026-01-31 20:10:00,2026-01-31 17:10:00,Copahue,MODIS,0.0,0.0,RUTINA,NULO,No descargada,2026-01-31 18:35:35,2026-01-31 23:45:40,NO
1769890200,2026-01-31 20:10:00,2026-01-31 17:10:00,Chaiten,MODIS,0.0,0.0,RUTINA,NULO,No descargada,2026-01-31 18:35:35,2026-02-01 01:00:49,NO
1769890200,2026-01-31 20:10:00,2026-01-31 17:10:00,PlanchonPeteroa,MODIS,0.0,0.0,RUTINA,NULO,No descargada,2026-01-31 18:35:35,2026-01-31 23:45:40,NO
1769890200,2026-01-31 20:10:00,2026-01-31 17:10:00,Llaima,MODIS,0.0,0.0,RUTINA,NULO,No descargada,2026-01-31 18:35:35,2026-02-01 01:00:49,NO
1769890200,2026-01-31 20:10:00,2026-01-31 17:10:00,Puyehue-Cordon Caulle,MODIS,0.0,0.0,RUTINA,NULO,No descargada,2026-01-31 18:35:35,2026-02-01 01:00:49,NO
1769890200,2026-01-31 20:10:00,2026-01-31 17:10:00,Villarrica,MODIS,0.0,0.0,RUTINA,NULO,No descargada,2026-01-31 18:35:35,2026-02-01 01:00:49,NO
1769887801,2026-01-31 19:30:01,2026-01-31 16:30:01,PlanchonPeteroa,VIIRS,0.0,0.0,RUTINA,NULO,No descargada,2026-01-31 19:05:40,2026-02-01 04:45:38,NO
1769887801,2026-01-31 19:30:01,2026-01-31 16:30:01,Chaiten,VIIRS375,0.0,0.0,RUTINA,NULO,No descargada,2026-01-31 19:20:34,2026-02-01 05:45:40,NO
1769887801,2026-01-31 19:30:01,2026-01-31 16:30:01,Chaiten,VIIRS,0.0,0.0,RUTINA,NULO,No descargada,2026-01-31 19:05:40,2026-02-01 05:00:39,NO
1769887801,2026-01-31 19:30:01,2026-01-31 16:30:01,Copahue,VIIRS375,0.0,0.0,RUTINA,NULO,No descargada,2026-01-31 19:20:34,2026-02-01 05:45:40,NO
1769887801,2026-01-31 19:30:01,2026-01-31 16:30:01,Puyehue-Cordon Caulle,VIIRS375,0.0,0.0,RUTINA,NULO,No descargada,2026-01-31 19:20:34,2026-02-01 05:45:40,NO
1769887801,2026-01-31 19:30:01,2026-01-31 16:30:01,Copahue,VIIRS,0.0,0.0,RUTINA,NULO,No descargada,2026-01-31 19:05:40,2026-02-01 05:00:39,NO
1769887801,2026-01-31 19:30:01,2026-01-31 16:30:01,PlanchonPeteroa,VIIRS375,0.0,0.0,RUTINA,NULO,No descargada,2026-01-31 19:20:34,2026-02-01 05:45:40,NO
1769887801,2026-01-31 19:30:01,2026-01-31 16:30:01,Llaima,VIIRS375,0.0,0.0,RUTINA,NULO,No descargada,2026-01-31 19:20:34,2026-02-01 05:45:40,NO
1769887801,2026-01-31 19:30:01,2026-01-31 16:30:01,Llaima,VIIRS,0.0,0.0,RUTINA,NULO,No descargada,2026-01-31 19:05:40,2026-02-01 05:00:39,NO
1769887801,2026-01-31 19:30:01,2026-01-31 16:30:01,Nevados de Chillan,VIIRS,0.0,0.0,RUTINA,NULO,No descargada,2026-01-31 19:05:40,2026-02-01 05:00:39,NO
1769887801,2026-01-31 19:30:01,2026-01-31 16:30:01,Puyehue-Cordon Caulle,VIIRS,0.0,0.0,RUTINA,NULO,No descargada,2026-01-31 19:05:40,2026-02-01 05:00:39,NO
1769887801,2026-01-31 19:30:01,2026-01-31 16:30:01,Nevados de Chillan,VIIRS375,0.0,0.0,RUTINA,NULO,No descargada,2026-01-31 19:20:34,2026-02-01 05:45:40,NO
1769887801,2026-01-31 19:30:01,2026-01-31 16:30:01,Villarrica,VIIRS375,0.0,0.0,RUTINA,NULO,No descargada,2026-01-31 19:20:34,2026-02-01 05:45:40,NO
1769887801,2026-01-31 19:30:01,2026-01-31 16:30:01,Villarrica,VIIRS,0.0,0.0,RUTINA,NULO,No descargada,2026-01-31 19:05:40,2026-02-01 05:00:39,NO
1769886720,2026-01-31 19:12:00,2026-01-31 16:12:00,Puyehue-Cordon Caulle,VIIRS,0.0,0.0,RUTINA,NULO,No descargada,2026-01-31 18:50:38,2026-01-31 19:00:40,NO
1769886720,2026-01-31 19:12:00,2026-01-31 16:12:00,Llaima,VIIRS,0.0,0.0,RUTINA,NULO,No descargada,2026-01-31 18:35:35,2026-01-31 19:00:40,NO
1769886720,2026-01-31 19:12:00,2026-01-31 16:12:00,Lascar,VIIRS,0.0,0.0,RUTINA,NULO,No descargada,2026-01-31 18:35:35,2026-02-01 04:45:38,NO
1769886720,2026-01-31 19:12:00,2026-01-31 16:12:00,Puyehue-Cordon Caulle,VIIRS375,0.0,0.0,RUTINA,NULO,No descargada,2026-01-31 18:50:38,2026-01-31 19:15:37,NO
1769886720,2026-01-31 19:12:00,2026-01-31 16:12:00,Lascar,VIIRS375,0.0,0.0,RUTINA,NULO,No descargada,2026-01-31 18:35:35,2026-02-01 05:45:40,NO
1769886720,2026-01-31 19:12:00,2026-01-31 16:12:00,PlanchonPeteroa,VIIRS375,0.0,0.0,RUTINA,NULO,No descargada,2026-01-31 18:35:35,2026-01-31 19:15:37,NO
1769886720,2026-01-31 19:12:00,2026-01-31 16:12:00,Copahue,VIIRS375,0.0,0.0,RUTINA,NULO,No descargada,2026-01-31 18:50:38,2026-01-31 19:15:37,NO
1769886720,2026-01-31 19:12:00,2026-01-31 16:12:00,Villarrica,VIIRS375,0.0,0.0,RUTINA,NULO,No descargada,2026-01-31 18:50:38,2026-01-31 19:15:37,NO
1769886720,2026-01-31 19:12:00,2026-01-31 16:12:00,PlanchonPeteroa,VIIRS,0.0,0.0,RUTINA,NULO,No descargada,2026-01-31 18:35:35,2026-01-31 19:00:40,NO
1769886720,2026-01-31 19:12:00,2026-01-31 16:12:00,Lastarria,VIIRS,0.0,0.0,RUTINA,NULO,No descargada,2026-01-31 18:35:35,2026-02-01 04:45:38,NO
1769886720,2026-01-31 19:12:00,2026-01-31 16:12:00,Chaiten,VIIRS,0.0,0.0,RUTINA,NULO,No descargada,2026-01-31 18:50:38,2026-01-31 19:00:40,NO
1769886720,2026-01-31 19:12:00,2026-01-31 16:12:00,Chaiten,VIIRS375,0.0,0.0,RUTINA,NULO,No descargada,2026-01-31 18:50:38,2026-01-31 19:15:37,NO
1769886720,2026-01-31 19:12:00,2026-01-31 16:12:00,Llaima,VIIRS375,0.0,0.0,RUTINA,NULO,No descargada,2026-01-31 18:50:38,2026-01-31 19:15:37,NO
1769886720,2026-01-31 19:12:00,2026-01-31 16:12:00,Nevados de Chillan,VIIRS,0.0,0.0,RUTINA,NULO,No descargada,2026-01-31 18:35:35,2026-01-31 19:00:40,NO
1769886720,2026-01-31 19:12:00,2026-01-31 16:12:00,Villarrica,VIIRS,0.0,0.0,RUTINA,NULO,No descargada,2026-01-31 18:35:35,2026-01-31 19:00:40,NO
1769886720,2026-01-31 19:12:00,2026-01-31 16:12:00,Nevados de Chillan,VIIRS375,0.0,0.0,RUTINA,NULO,No descargada,2026-01-31 18:50:38,2026-01-31 19:15:37,NO
1769886720,2026-01-31 19:12:00,2026-01-31 16:12:00,Copahue,VIIRS,0.0,0.0,RUTINA,NULO,No descargada,2026-01-31 18:35:35,2026-01-31 19:00:40,NO
1769886720,2026-01-31 19:12:00,2026-01-31 16:12:00,Lastarria,VIIRS375,0.0,0.0,RUTINA,NULO,No descargada,2026-01-31 18:35:35,2026-02-01 05:45:40,NO
1769882041,2026-01-31 17:54:01,2026-01-31 14:54:01,Nevados de Chillan,VIIRS,0.0,0.0,RUTINA,NULO,No descargada,2026-01-31 17:50:39,2026-01-31 18:30:42,NO
1769882041,2026-01-31 17:54:01,2026-01-31 14:54:01,Isluga,VIIRS375,0.0,0.0,RUTINA,NULO,No descargada,2026-01-31 17:50:39,2026-02-01 05:45:40,NO
1769882041,2026-01-31 17:54:01,2026-01-31 14:54:01,Lascar,VIIRS,0.0,0.0,RUTINA,NULO,No descargada,2026-01-31 17:50:39,2026-01-31 18:30:42,NO
1769882041,2026-01-31 17:54:01,2026-01-31 14:54:01,Lastarria,VIIRS375,0.0,0.0,RUTINA,NULO,No descargada,2026-01-31 17:50:39,2026-01-31 18:30:42,NO
1769882041,2026-01-31 17:54:01,2026-01-31 14:54:01,Isluga,VIIRS,0.0,0.0,RUTINA,NULO,No descargada,2026-01-31 17:50:39,2026-02-01 04:45:38,NO
1769882041,2026-01-31 17:54:01,2026-01-31 14:54:01,Nevados de Chillan,VIIRS375,0.0,0.0,RUTINA,NULO,No descargada,2026-01-31 17:50:39,2026-01-31 18:45:37,NO
1769882041,2026-01-31 17:54:01,2026-01-31 14:54:01,PlanchonPeteroa,VIIRS375,0.0,0.0,RUTINA,NULO,No descargada,2026-01-31 17:50:39,2026-01-31 18:30:42,NO
1769882041,2026-01-31 17:54:01,2026-01-31 14:54:01,PlanchonPeteroa,VIIRS,0.0,0.0,RUTINA,NULO,No descargada,2026-01-31 17:50:39,2026-01-31 18:30:42,NO
1769882041,2026-01-31 17:54:01,2026-01-31 14:54:01,Lascar,VIIRS375,0.0,0.0,RUTINA,NULO,No descargada,2026-01-31 17:50:39,2026-01-31 18:30:42,NO
1769882041,2026-01-31 17:54:01,2026-01-31 14:54:01,Lastarria,VIIRS,0.0,0.0,RUTINA,NULO,No descargada,2026-01-31 17:50:39,2026-01-31 18:30:42,NO
1769881681,2026-01-31 17:48:01,2026-01-31 14:48:01,Villarrica,VIIRS,0.0,0.0,RUTINA,NULO,No descargada,2026-01-31 17:50:39,2026-01-31 18:30:42,NO
1769881681,2026-01-31 17:48:01,2026-01-31 14:48:01,Chaiten,VIIRS,0.0,0.0,RUTINA,NULO,No descargada,2026-01-31 17:50:39,2026-01-31 18:45:37,NO
1769881681,2026-01-31 17:48:01,2026-01-31 14:48:01,Puyehue-Cordon Caulle,VIIRS,0.0,0.0,RUTINA,NULO,No descargada,2026-01-31 17:50:39,2026-01-31 18:45:37,NO
1769881681,2026-01-31 17:48:01,2026-01-31 14:48:01,Llaima,VIIRS,0.0,0.0,RUTINA,NULO,No descargada,2026-01-31 17:50:39,2026-01-31 18:30:42,NO
1769881681,2026-01-31 17:48:01,2026-01-31 14:48:01,Copahue,VIIRS,0.0,0.0,RUTINA,NULO,No descargada,2026-01-31 17:50:39,2026-01-31 18:30:42,NO
1769880960,2026-01-31 17:36:00,2026-01-31 14:36:00,Lascar,VIIRS,0.0,0.0,RUTINA,NULO,No descargada,2026-01-31 17:05:40,2026-01-31 17:45:40,NO
1769880960,2026-01-31 17:36:00,2026-01-31 14:36:00,Lascar,VIIRS375,0.0,0.0,RUTINA,NULO,No descargada,2026-01-31 17:05:40,2026-01-31 17:45:40,NO
1769880960,2026-01-31 17:36:00,2026-01-31 14:36:00,Isluga,VIIRS375,0.0,0.0,RUTINA,NULO,No descargada,2026-01-31 17:05:40,2026-01-31 17:45:40,NO
1769880960,2026-01-31 17:36:00,2026-01-31 14:36:00,Lastarria,VIIRS,0.0,0.0,RUTINA,NULO,No descargada,2026-01-31 17:05:40,2026-01-31 17:45:40,NO
1769880960,2026-01-31 17:36:00,2026-01-31 14:36:00,Isluga,VIIRS,0.0,0.0,RUTINA,NULO,No descargada,2026-01-31 17:05:40,2026-01-31 17:45:40,NO
1769880960,2026-01-31 17:36:00,2026-01-31 14:36:00,Lastarria,VIIRS375,0.0,0.0,RUTINA,NULO,No descargada,2026-01-31 17:05:40,2026-01-31 17:45:40,NO
1769880600,2026-01-31 17:30:00,2026-01-31 14:30:00,PlanchonPeteroa,VIIRS375,0.0,0.0,RUTINA,NULO,No descargada,2026-01-31 16:50:37,2026-01-31 17:45:40,NO
1769880600,2026-01-31 17:30:00,2026-01-31 14:30:00,Nevados de Chillan,VIIRS,0.0,0.0,RUTINA,NULO,No descargada,2026-01-31 16:50:37,2026-01-31 17:45:40,NO
1769880600,2026-01-31 17:30:00,2026-01-31 14:30:00,PlanchonPeteroa,VIIRS,0.0,0.0,RUTINA,NULO,No descargada,2026-01-31 16:50:37,2026-01-31 17:45:40,NO
1769880600,2026-01-31 17:30:00,2026-01-31 14:30:00,Llaima,VIIRS,0.0,0.0,RUTINA,NULO,No descargada,2026-01-31 16:50:37,2026-01-31 17:45:40,NO
1769880600,2026-01-31 17:30:00,2026-01-31 14:30:00,Copahue,VIIRS,0.0,0.0,RUTINA,NULO,No descargada,2026-01-31 16:50:37,2026-01-31 17:45:40,NO
1769880600,2026-01-31 17:30:00,2026-01-31 14:30:00,Llaima,VIIRS375,0.0,0.0,RUTINA,NULO,No descargada,2026-01-31 16:50:37,2026-01-31 18:45:37,NO
1769880600,2026-01-31 17:30:00,2026-01-31 14:30:00,Copahue,VIIRS375,0.0,0.0,RUTINA,NULO,No descargada,2026-01-31 16:50:37,2026-01-31 18:45:37,NO
1769880600,2026-01-31 17:30:00,2026-01-31 14:30:00,Nevados de Chillan,VIIRS375,0.0,0.0,RUTINA,NULO,No descargada,2026-01-31 16:50:37,2026-01-31 17:45:40,NO
1769865600,2026-01-31 13:20:00,2026-01-31 10:20:00,Villarrica,MODIS,0.0,0.0,RUTINA,NULO,No descargada,2026-01-31 12:05:41,2026-01-31 18:30:42,NO
1769865600,2026-01-31 13:20:00,2026-01-31 10:20:00,Llaima,MODIS,0.0,0.0,RUTINA,NULO,No descargada,2026-01-31 12:05:41,2026-01-31 18:30:42,NO
1769865600,2026-01-31 13:20:00,2026-01-31 10:20:00,PlanchonPeteroa,MODIS,0.0,0.0,RUTINA,NULO,No descargada,2026-01-31 12:05:41,2026-01-31 18:30:42,NO
1769865600,2026-01-31 13:20:00,2026-01-31 10:20:00,Nevados de Chillan,MODIS,0.0,0.0,RUTINA,NULO,No descargada,2026-01-31 12:05:41,2026-01-31 18:30:42,NO
1769865600,2026-01-31 13:20:00,2026-01-31 10:20:00,Puyehue-Cordon Caulle,MODIS,0.0,0.0,RUTINA,NULO,No descargada,2026-01-31 12:05:41,2026-01-31 18:30:42,NO
1769865600,2026-01-31 13:20:00,2026-01-31 10:20:00,Copahue,MODIS,0.0,0.0,RUTINA,NULO,No descargada,2026-01-31 12:05:41,2026-01-31 18:30:42,NO
1769865600,2026-01-31 13:20:00,2026-01-31 10:20:00,Chaiten,MODIS,0.0,0.0,RUTINA,NULO,No descargada,2026-01-31 12:05:41,2026-01-31 18:30:42,NO
1769865300,2026-01-31 13:15:00,2026-01-31 10:15:00,Isluga,MODIS,0.0,0.0,RUTINA,NULO,No descargada,2026-01-31 12:05:41,2026-01-31 18:15:38,NO
1769865300,2026-01-31 13:15:00,2026-01-31 10:15:00,Lastarria,MODIS,0.0,0.0,RUTINA,NULO,No descargada,2026-01-31 12:05:41,2026-01-31 18:15:38,NO
1769865300,2026-01-31 13:15:00,2026-01-31 10:15:00,Lascar,MODIS,0.0,0.0,RUTINA,NULO,No descargada,2026-01-31 12:05:41,2026-01-31 18:15:38,NO
1769847300,2026-01-31 08:15:00,2026-01-31 05:15:00,Puyehue-Cordon Caulle,MODIS,0.0,0.0,RUTINA,NULO,No descargada,2026-01-31 07:35:36,2026-01-31 12:00:35,NO
1769847300,2026-01-31 08:15:00,2026-01-31 05:15:00,Copahue,MODIS,0.0,0.0,RUTINA,NULO,No descargada,2026-01-31 07:35:36,2026-01-31 12:00:35,NO
1769847300,2026-01-31 08:15:00,2026-01-31 05:15:00,Nevados de Chillan,MODIS,0.0,0.0,RUTINA,NULO,No descargada,2026-01-31 07:35:36,2026-01-31 12:00:35,NO
1769847300,2026-01-31 08:15:00,2026-01-31 05:15:00,Llaima,MODIS,0.0,0.0,RUTINA,NULO,No descargada,2026-01-31 07:35:36,2026-01-31 12:00:35,NO
1769847300,2026-01-31 08:15:00,2026-01-31 05:15:00,Villarrica,MODIS,0.0,0.0,RUTINA,NULO,No descargada,2026-01-31 07:35:36,2026-01-31 12:00:35,NO
1769847300,2026-01-31 08:15:00,2026-01-31 05:15:00,Chaiten,MODIS,0.0,0.0,RUTINA,NULO,No descargada,2026-01-31 07:35:36,2026-01-31 12:00:35,NO
1769847000,2026-01-31 08:10:00,2026-01-31 05:10:00,Lastarria,MODIS,0.0,0.0,RUTINA,NULO,No descargada,2026-01-31 07:35:36,2026-01-31 12:00:35,NO
1769847000,2026-01-31 08:10:00,2026-01-31 05:10:00,Lascar,MODIS,0.0,0.0,RUTINA,NULO,No descargada,2026-01-31 07:35:36,2026-01-31 12:00:35,NO
1769847000,2026-01-31 08:10:00,2026-01-31 05:10:00,Isluga,MODIS,0.0,0.0,RUTINA,NULO,No descargada,2026-01-31 07:35:36,2026-01-31 12:00:35,NO
1769847000,2026-01-31 08:10:00,2026-01-31 05:10:00,PlanchonPeteroa,MODIS,0.0,0.0,RUTINA,NULO,No descargada,2026-01-31 07:35:36,2026-01-31 12:00:35,NO
1769842440,2026-01-31 06:54:00,2026-01-31 03:54:00,Villarrica,VIIRS,0.0,0.0,RUTINA,NULO,No descargada,2026-01-31 06:50:36,2026-01-31 17:45:40,NO
1769842440,2026-01-31 06:54:00,2026-01-31 03:54:00,Copahue,VIIRS375,0.0,0.0,RUTINA,NULO,No descargada,2026-01-31 07:35:36,2026-01-31 16:45:38,NO
1769842440,2026-01-31 06:54:00,2026-01-31 03:54:00,Villarrica,VIIRS375,0.0,0.0,RUTINA,NULO,No descargada,2026-01-31 07:35:36,2026-01-31 18:30:42,NO
1769842440,2026-01-31 06:54:00,2026-01-31 03:54:00,Llaima,VIIRS375,0.0,0.0,RUTINA,NULO,No descargada,2026-01-31 07:35:36,2026-01-31 16:45:38,NO
1769842440,2026-01-31 06:54:00,2026-01-31 03:54:00,Puyehue-Cordon Caulle,VIIRS,0.0,0.0,RUTINA,NULO,No descargada,2026-01-31 06:50:36,2026-01-31 17:45:40,NO
1769842440,2026-01-31 06:54:00,2026-01-31 03:54:00,Copahue,VIIRS,0.0,0.0,RUTINA,NULO,No descargada,2026-01-31 06:50:36,2026-01-31 16:45:38,NO
1769842440,2026-01-31 06:54:00,2026-01-31 03:54:00,Chaiten,VIIRS375,0.0,0.0,RUTINA,NULO,No descargada,2026-01-31 07:50:40,2026-01-31 18:45:37,NO
1769842440,2026-01-31 06:54:00,2026-01-31 03:54:00,Puyehue-Cordon Caulle,VIIRS375,0.0,0.0,RUTINA,NULO,No descargada,2026-01-31 07:35:36,2026-01-31 18:45:37,NO
1769842440,2026-01-31 06:54:00,2026-01-31 03:54:00,Llaima,VIIRS,0.0,0.0,RUTINA,NULO,No descargada,2026-01-31 06:50:36,2026-01-31 16:45:38,NO
1769842440,2026-01-31 06:54:00,2026-01-31 03:54:00,Chaiten,VIIRS,0.0,0.0,RUTINA,NULO,No descargada,2026-01-31 06:50:36,2026-01-31 17:45:40,NO
1769842080,2026-01-31 06:48:00,2026-01-31 03:48:00,PlanchonPeteroa,VIIRS,0.0,0.0,RUTINA,NULO,No descargada,2026-01-31 07:35:36,2026-01-31 16:45:38,NO
1769842080,2026-01-31 06:48:00,2026-01-31 03:48:00,Lastarria,VIIRS375,0.0,0.0,RUTINA,NULO,No descargada,2026-01-31 07:35:36,2026-01-31 17:00:42,NO
1769842080,2026-01-31 06:48:00,2026-01-31 03:48:00,Isluga,VIIRS,0.0,0.0,RUTINA,NULO,No descargada,2026-01-31 07:35:36,2026-01-31 17:00:42,NO
1769842080,2026-01-31 06:48:00,2026-01-31 03:48:00,Isluga,VIIRS375,0.0,0.0,RUTINA,NULO,No descargada,2026-01-31 07:35:36,2026-01-31 17:00:42,NO
1769842080,2026-01-31 06:48:00,2026-01-31 03:48:00,PlanchonPeteroa,VIIRS375,0.0,0.0,RUTINA,NULO,No descargada,2026-01-31 07:35:36,2026-01-31 16:45:38,NO
1769842080,2026-01-31 06:48:00,2026-01-31 03:48:00,Nevados de Chillan,VIIRS,0.0,0.0,RUTINA,NULO,No descargada,2026-01-31 07:35:36,2026-01-31 16:45:38,NO
1769842080,2026-01-31 06:48:00,2026-01-31 03:48:00,Nevados de Chillan,VIIRS375,0.0,0.0,RUTINA,NULO,No descargada,2026-01-31 07:35:36,2026-01-31 16:45:38,NO
1769842080,2026-01-31 06:48:00,2026-01-31 03:48:00,Lastarria,VIIRS,0.0,0.0,RUTINA,NULO,No descargada,2026-01-31 07:35:36,2026-01-31 17:00:42,NO
1769841300,2026-01-31 06:35:00,2026-01-31 03:35:00,Copahue,MODIS,0.0,0.0,RUTINA,NULO,No descargada,2026-01-31 06:05:39,2026-01-31 07:30:42,NO
1769841300,2026-01-31 06:35:00,2026-01-31 03:35:00,Nevados de Chillan,MODIS,0.0,0.0,RUTINA,NULO,No descargada,2026-01-31 06:05:39,2026-01-31 07:30:42,NO
1769841300,2026-01-31 06:35:00,2026-01-31 03:35:00,Chaiten,MODIS,0.0,0.0,RUTINA,NULO,No descargada,2026-01-31 06:05:39,2026-01-31 07:30:42,NO
1769841300,2026-01-31 06:35:00,2026-01-31 03:35:00,Villarrica,MODIS,0.0,0.0,RUTINA,NULO,No descargada,2026-01-31 06:05:39,2026-01-31 07:30:42,NO
1769841300,2026-01-31 06:35:00,2026-01-31 03:35:00,Llaima,MODIS,0.0,0.0,RUTINA,NULO,No descargada,2026-01-31 06:05:39,2026-01-31 07:30:42,NO
1769841300,2026-01-31 06:35:00,2026-01-31 03:35:00,Puyehue-Cordon Caulle,MODIS,0.0,0.0,RUTINA,NULO,No descargada,2026-01-31 06:05:39,2026-01-31 07:30:42,NO
1769841300,2026-01-31 06:35:00,2026-01-31 03:35:00,PlanchonPeteroa,MODIS,0.0,0.0,RUTINA,NULO,No descargada,2026-01-31 06:05:39,2026-01-31 07:30:42,NO
1769837401,2026-01-31 05:30:01,2026-01-31 02:30:01,Chaiten,VIIRS375,0.0,0.0,RUTINA,NULO,No descargada,2026-01-31 06:05:39,2026-01-31 07:45:37,NO
1769837401,2026-01-31 05:30:01,2026-01-31 02:30:01,Villarrica,VIIRS,0.0,0.0,RUTINA,NULO,No descargada,2026-01-31 05:35:38,2026-01-31 06:45:40,NO
1769837401,2026-01-31 05:30:01,2026-01-31 02:30:01,Lastarria,VIIRS,0.0,0.0,RUTINA,NULO,No descargada,2026-01-31 05:20:40,2026-01-31 07:30:42,NO
1769837401,2026-01-31 05:30:01,2026-01-31 02:30:01,Llaima,VIIRS375,0.0,0.0,RUTINA,NULO,No descargada,2026-01-31 06:05:39,2026-01-31 07:30:42,NO
1769837401,2026-01-31 05:30:01,2026-01-31 02:30:01,Chaiten,VIIRS,0.0,0.0,RUTINA,NULO,No descargada,2026-01-31 05:35:38,2026-01-31 06:45:40,NO
1769837401,2026-01-31 05:30:01,2026-01-31 02:30:01,Copahue,VIIRS375,0.0,0.0,RUTINA,NULO,No descargada,2026-01-31 06:05:39,2026-01-31 07:30:42,NO
1769837401,2026-01-31 05:30:01,2026-01-31 02:30:01,Nevados de Chillan,VIIRS,0.0,0.0,RUTINA,NULO,No descargada,2026-01-31 05:20:40,2026-01-31 07:30:42,NO
1769837401,2026-01-31 05:30:01,2026-01-31 02:30:01,Nevados de Chillan,VIIRS375,0.0,0.0,RUTINA,NULO,No descargada,2026-01-31 06:05:39,2026-01-31 07:30:42,NO
1769837401,2026-01-31 05:30:01,2026-01-31 02:30:01,Villarrica,VIIRS375,0.0,0.0,RUTINA,NULO,No descargada,2026-01-31 06:05:39,2026-01-31 07:30:42,NO
1769837401,2026-01-31 05:30:01,2026-01-31 02:30:01,PlanchonPeteroa,VIIRS375,0.0,0.0,RUTINA,NULO,No descargada,2026-01-31 06:05:39,2026-01-31 07:30:42,NO
1769837401,2026-01-31 05:30:01,2026-01-31 02:30:01,Copahue,VIIRS,0.0,0.0,RUTINA,NULO,No descargada,2026-01-31 05:20:40,2026-01-31 06:45:40,NO
1769837401,2026-01-31 05:30:01,2026-01-31 02:30:01,Lastarria,VIIRS375,0.06,2.7,ALERTA_TERMICA,Muy Bajo,imagenes_satelitales/Lastarria/2026-01-31/05-30-01_Lastarria_VIIRS375_Latest.png,2026-01-31 06:05:39,2026-01-31 07:30:42,NO
1769837401,2026-01-31 05:30:01,2026-01-31 02:30:01,PlanchonPeteroa,VIIRS,0.0,0.0,RUTINA,NULO,No descargada,2026-01-31 05:20:40,2026-01-31 07:30:42,NO
1769837401,2026-01-31 05:30:01,2026-01-31 02:30:01,Llaima,VIIRS,0.0,0.0,RUTINA,NULO,No descargada,2026-01-31 05:20:40,2026-01-31 06:45:40,NO
1769837401,2026-01-31 05:30:01,2026-01-31 02:30:01,Puyehue-Cordon Caulle,VIIRS,0.0,0.0,RUTINA,NULO,No descargada,2026-01-31 05:35:38,2026-01-31 06:45:40,NO
1769837401,2026-01-31 05:30:01,2026-01-31 02:30:01,Puyehue-Cordon Caulle,VIIRS375,0.13,2.86,ALERTA_TERMICA,Muy Bajo,imagenes_satelitales/Puyehue-Cordon Caulle/2026-01-31/05-30-01_Puyehue-Cordon Caulle_VIIRS375_Latest.png,2026-01-31 06:05:39,2026-01-31 07:30:42,NO
1769837041,2026-01-31 05:24:01,2026-01-31 02:24:01,Isluga,VIIRS,0.0,0.0,RUTINA,NULO,No descargada,2026-01-31 05:20:40,2026-01-31 07:30:42,NO
1769837041,2026-01-31 05:24:01,2026-01-31 02:24:01,Isluga,VIIRS375,0.0,0.0,RUTINA,NULO,No descargada,2026-01-31 06:05:39,2026-01-31 07:30:42,NO
1769835960,2026-01-31 05:06:00,2026-01-31 02:06:00,Lascar,VIIRS375,0.21,1.19,ALERTA_TERMICA,Muy Bajo,imagenes_satelitales/Lascar/2026-01-31/05-06-00_Lascar_VIIRS375_Latest.png,2026-01-31 06:05:39,2026-01-31 16:30:41,NO
1769835960,2026-01-31 05:06:00,2026-01-31 02:06:00,Lascar,VIIRS,0.0,0.0,RUTINA,NULO,No descargada,2026-01-31 06:05:39,2026-01-31 17:00:42,NO
1769826000,2026-01-31 02:20:00,2026-01-30 23:20:00,Isluga,MODIS,0.0,0.0,RUTINA,NULO,No descargada,2026-01-31 00:20:39,2026-01-31 07:30:42,NO
1769826000,2026-01-31 02:20:00,2026-01-30 23:20:00,Lastarria,MODIS,0.0,0.0,RUTINA,NULO,No descargada,2026-01-31 00:20:39,2026-01-31 07:30:42,NO
1769826000,2026-01-31 02:20:00,2026-01-30 23:20:00,Lascar,MODIS,0.0,0.0,RUTINA,NULO,No descargada,2026-01-31 00:20:39,2026-01-31 07:30:42,NO
1769825700,2026-01-31 02:15:00,2026-01-30 23:15:00,Chaiten,MODIS,0.0,0.0,RUTINA,NULO,No descargada,2026-01-31 00:20:39,2026-01-31 06:00:39,NO
1769825700,2026-01-31 02:15:00,2026-01-30 23:15:00,Puyehue-Cordon Caulle,MODIS,0.0,0.0,RUTINA,NULO,No descargada,2026-01-31 00:20:39,2026-01-31 06:00:39,NO
1769825700,2026-01-31 02:15:00,2026-01-30 23:15:00,Nevados de Chillan,MODIS,0.0,0.0,RUTINA,NULO,No descargada,2026-01-31 00:20:39,2026-01-31 06:00:39,NO
1769825700,2026-01-31 02:15:00,2026-01-30 23:15:00,Copahue,MODIS,0.0,0.0,RUTINA,NULO,No descargada,2026-01-31 00:20:39,2026-01-31 06:00:39,NO
1769825700,2026-01-31 02:15:00,2026-01-30 23:15:00,PlanchonPeteroa,MODIS,0.0,0.0,RUTINA,NULO,No descargada,2026-01-31 00:20:39,2026-01-31 06:00:39,NO
1769825700,2026-01-31 02:15:00,2026-01-30 23:15:00,Llaima,MODIS,0.0,0.0,RUTINA,NULO,No descargada,2026-01-31 00:20:39,2026-01-31 06:00:39,NO
1769825700,2026-01-31 02:15:00,2026-01-30 23:15:00,Villarrica,MODIS,0.0,0.0,RUTINA,NULO,No descargada,2026-01-31 00:20:39,2026-01-31 06:00:39,NO
1769807400,2026-01-30 21:10:00,2026-01-30 18:10:00,Llaima,MODIS,0.0,0.0,RUTINA,NULO,No descargada,2026-01-30 21:05:39,2026-01-31 00:15:39,NO
1769807400,2026-01-30 21:10:00,2026-01-30 18:10:00,Villarrica,MODIS,0.0,0.0,RUTINA,NULO,No descargada,2026-01-30 21:05:39,2026-01-31 00:15:39,NO
1769807400,2026-01-30 21:10:00,2026-01-30 18:10:00,Puyehue-Cordon Caulle,MODIS,0.0,0.0,RUTINA,NULO,No descargada,2026-01-30 21:05:39,2026-01-31 00:15:39,NO
1769807400,2026-01-30 21:10:00,2026-01-30 18:10:00,Nevados de Chillan,MODIS,0.0,0.0,RUTINA,NULO,No descargada,2026-01-30 21:05:39,2026-01-31 00:15:39,NO
1769807400,2026-01-30 21:10:00,2026-01-30 18:10:00,Chaiten,MODIS,0.0,0.0,RUTINA,NULO,No descargada,2026-01-30 21:05:39,2026-01-31 00:15:39,NO
1769807400,2026-01-30 21:10:00,2026-01-30 18:10:00,Copahue,MODIS,0.0,0.0,RUTINA,NULO,No descargada,2026-01-30 21:05:39,2026-01-31 00:15:39,NO
1769802481,2026-01-30 19:48:01,2026-01-30 16:48:01,Llaima,VIIRS,0.0,0.0,RUTINA,NULO,No descargada,2026-01-30 20:35:40,2026-01-31 05:15:40,NO
1769802481,2026-01-30 19:48:01,2026-01-30 16:48:01,Chaiten,VIIRS375,0.0,0.0,RUTINA,NULO,No descargada,2026-01-30 20:35:40,2026-01-31 06:00:39,NO
1769802481,2026-01-30 19:48:01,2026-01-30 16:48:01,Puyehue-Cordon Caulle,VIIRS,0.0,0.0,RUTINA,NULO,No descargada,2026-01-30 20:35:40,2026-01-31 05:30:41,NO
1769802481,2026-01-30 19:48:01,2026-01-30 16:48:01,Villarrica,VIIRS375,0.0,0.0,RUTINA,NULO,No descargada,2026-01-30 20:35:40,2026-01-31 06:00:39,NO
1769802481,2026-01-30 19:48:01,2026-01-30 16:48:01,Copahue,VIIRS,0.0,0.0,RUTINA,NULO,No descargada,2026-01-30 20:35:40,2026-01-31 05:15:40,NO
1769802481,2026-01-30 19:48:01,2026-01-30 16:48:01,Llaima,VIIRS375,0.0,0.0,RUTINA,NULO,No descargada,2026-01-30 20:35:40,2026-01-31 06:00:39,NO
1769802481,2026-01-30 19:48:01,2026-01-30 16:48:01,Copahue,VIIRS375,0.0,0.0,RUTINA,NULO,No descargada,2026-01-30 20:35:40,2026-01-31 06:00:39,NO
1769802481,2026-01-30 19:48:01,2026-01-30 16:48:01,Chaiten,VIIRS,0.0,0.0,RUTINA,NULO,No descargada,2026-01-30 20:35:40,2026-01-31 05:30:41,NO
1769802481,2026-01-30 19:48:01,2026-01-30 16:48:01,Puyehue-Cordon Caulle,VIIRS375,0.0,0.0,RUTINA,NULO,No descargada,2026-01-30 20:35:40,2026-01-31 06:00:39,NO
1769802481,2026-01-30 19:48:01,2026-01-30 16:48:01,Villarrica,VIIRS,0.0,0.0,RUTINA,NULO,No descargada,2026-01-30 20:35:40,2026-01-31 05:30:41,NO
1769802000,2026-01-30 19:40:00,2026-01-30 16:40:00,Isluga,MODIS,0.0,0.0,RUTINA,NULO,No descargada,2026-01-30 19:50:38,2026-01-31 00:15:39,NO
1769801700,2026-01-30 19:35:00,2026-01-30 16:35:00,Copahue,MODIS,0.0,0.0,RUTINA,NULO,No descargada,2026-01-30 19:50:38,2026-01-30 21:00:43,NO
1769801700,2026-01-30 19:35:00,2026-01-30 16:35:00,Llaima,MODIS,0.0,0.0,RUTINA,NULO,No descargada,2026-01-30 19:50:38,2026-01-30 21:00:43,NO
1769801700,2026-01-30 19:35:00,2026-01-30 16:35:00,Nevados de Chillan,MODIS,0.0,0.0,RUTINA,NULO,No descargada,2026-01-30 19:50:38,2026-01-30 21:00:43,NO
1769801700,2026-01-30 19:35:00,2026-01-30 16:35:00,Puyehue-Cordon Caulle,MODIS,0.0,0.0,RUTINA,NULO,No descargada,2026-01-30 19:50:38,2026-01-30 21:00:43,NO
1769801700,2026-01-30 19:35:00,2026-01-30 16:35:00,PlanchonPeteroa,MODIS,0.0,0.0,RUTINA,NULO,No descargada,2026-01-30 19:50:38,2026-01-31 00:15:39,NO
1769801700,2026-01-30 19:35:00,2026-01-30 16:35:00,Lastarria,MODIS,0.0,0.0,RUTINA,NULO,No descargada,2026-01-30 19:50:38,2026-01-31 00:15:39,NO
1769801700,2026-01-30 19:35:00,2026-01-30 16:35:00,Villarrica,MODIS,0.0,0.0,RUTINA,NULO,No descargada,2026-01-30 19:50:38,2026-01-30 21:00:43,NO
1769801700,2026-01-30 19:35:00,2026-01-30 16:35:00,Lascar,MODIS,0.0,0.0,RUTINA,NULO,No descargada,2026-01-30 19:50:38,2026-01-31 00:15:39,NO
1769801400,2026-01-30 19:30:00,2026-01-30 16:30:00,PlanchonPeteroa,VIIRS375,0.0,0.0,RUTINA,NULO,No descargada,2026-01-30 21:20:41,2026-01-31 06:00:39,NO
1769801400,2026-01-30 19:30:00,2026-01-30 16:30:00,Chaiten,MODIS,0.0,0.0,RUTINA,NULO,No descargada,2026-01-30 19:20:38,2026-01-30 21:00:43,NO
1769801400,2026-01-30 19:30:00,2026-01-30 16:30:00,Nevados de Chillan,VIIRS375,0.0,0.0,RUTINA,NULO,No descargada,2026-01-30 21:20:41,2026-01-31 06:00:39,NO
1769801400,2026-01-30 19:30:00,2026-01-30 16:30:00,Nevados de Chillan,VIIRS,0.0,0.0,RUTINA,NULO,No descargada,2026-01-30 20:35:40,2026-01-31 05:15:40,NO
1769801400,2026-01-30 19:30:00,2026-01-30 16:30:00,PlanchonPeteroa,VIIRS,0.0,0.0,RUTINA,NULO,No descargada,2026-01-30 20:35:40,2026-01-31 05:15:40,NO
1769796721,2026-01-30 18:12:01,2026-01-30 15:12:01,PlanchonPeteroa,VIIRS375,0.0,0.0,RUTINA,NULO,No descargada,2026-01-30 20:35:40,2026-01-30 21:15:38,NO
1769796721,2026-01-30 18:12:01,2026-01-30 15:12:01,Nevados de Chillan,VIIRS375,0.0,0.0,RUTINA,NULO,No descargada,2026-01-30 20:35:40,2026-01-30 21:15:38,NO
1769796721,2026-01-30 18:12:01,2026-01-30 15:12:01,Isluga,VIIRS375,0.0,0.0,RUTINA,NULO,No descargada,2026-01-30 19:50:38,2026-01-31 06:00:39,NO
1769796721,2026-01-30 18:12:01,2026-01-30 15:12:01,Lascar,VIIRS375,0.0,0.0,RUTINA,NULO,No descargada,2026-01-30 19:50:38,2026-01-31 06:00:39,NO
1769796721,2026-01-30 18:12:01,2026-01-30 15:12:01,Villarrica,VIIRS,0.0,0.0,RUTINA,NULO,No descargada,2026-01-30 18:50:38,2026-01-30 20:30:38,NO
1769796721,2026-01-30 18:12:01,2026-01-30 15:12:01,Copahue,VIIRS,0.0,0.0,RUTINA,NULO,No descargada,2026-01-30 18:50:38,2026-01-30 20:30:38,NO
1769796721,2026-01-30 18:12:01,2026-01-30 15:12:01,PlanchonPeteroa,VIIRS,0.0,0.0,RUTINA,NULO,No descargada,2026-01-30 18:50:38,2026-01-30 20:30:38,NO
1769796721,2026-01-30 18:12:01,2026-01-30 15:12:01,Lastarria,VIIRS375,0.0,0.0,RUTINA,NULO,No descargada,2026-01-30 19:50:38,2026-01-31 06:00:39,NO
1769796721,2026-01-30 18:12:01,2026-01-30 15:12:01,Isluga,VIIRS,0.0,0.0,RUTINA,NULO,No descargada,2026-01-30 18:50:38,2026-01-31 05:15:40,NO
1769796721,2026-01-30 18:12:01,2026-01-30 15:12:01,Nevados de Chillan,VIIRS,0.0,0.0,RUTINA,NULO,No descargada,2026-01-30 18:50:38,2026-01-30 20:30:38,NO
1769796721,2026-01-30 18:12:01,2026-01-30 15:12:01,Lascar,VIIRS,0.0,0.0,RUTINA,NULO,No descargada,2026-01-30 18:50:38,2026-01-31 06:00:39,NO
1769796721,2026-01-30 18:12:01,2026-01-30 15:12:01,Llaima,VIIRS,0.0,0.0,RUTINA,NULO,No descargada,2026-01-30 18:50:38,2026-01-30 20:30:38,NO
1769796721,2026-01-30 18:12:01,2026-01-30 15:12:01,Lastarria,VIIRS,0.0,0.0,RUTINA,NULO,No descargada,2026-01-30 18:50:38,2026-01-31 05:15:40,NO
1769796361,2026-01-30 18:06:01,2026-01-30 15:06:01,Chaiten,VIIRS375,0.0,0.0,RUTINA,NULO,No descargada,2026-01-30 19:50:38,2026-01-30 20:30:38,NO
1769796361,2026-01-30 18:06:01,2026-01-30 15:06:01,Chaiten,VIIRS,0.0,0.0,RUTINA,NULO,No descargada,2026-01-30 18:50:38,2026-01-30 20:30:38,NO
1769795640,2026-01-30 17:54:00,2026-01-30 14:54:00,Lastarria,VIIRS,0.0,0.0,RUTINA,NULO,No descargada,2026-01-30 17:35:40,2026-01-30 18:45:39,NO
1769795640,2026-01-30 17:54:00,2026-01-30 14:54:00,Isluga,VIIRS375,0.86,17.91,FALSO_POSITIVO,NULO,No descargada,2026-01-30 19:05:38,2026-01-30 19:45:37,NO
1769795640,2026-01-30 17:54:00,2026-01-30 14:54:00,Lastarria,VIIRS375,0.0,0.0,RUTINA,NULO,No descargada,2026-01-30 19:20:38,2026-01-30 19:45:37,NO
1769795640,2026-01-30 17:54:00,2026-01-30 14:54:00,Isluga,VIIRS,0.0,0.0,RUTINA,NULO,No descargada,2026-01-30 17:35:40,2026-01-30 18:45:39,NO
1769795640,2026-01-30 17:54:00,2026-01-30 14:54:00,Lascar,VIIRS,0.0,0.0,RUTINA,NULO,No descargada,2026-01-30 17:35:40,2026-01-30 18:45:39,NO
1769795640,2026-01-30 17:54:00,2026-01-30 14:54:00,Lascar,VIIRS375,0.0,0.0,RUTINA,NULO,No descargada,2026-01-30 19:20:38,2026-01-30 19:45:37,NO
1769795280,2026-01-30 17:48:00,2026-01-30 14:48:00,PlanchonPeteroa,VIIRS,0.0,0.0,RUTINA,NULO,No descargada,2026-01-30 17:35:40,2026-01-30 18:45:39,NO
1769795280,2026-01-30 17:48:00,2026-01-30 14:48:00,PlanchonPeteroa,VIIRS375,0.0,0.0,RUTINA,NULO,No descargada,2026-01-30 18:50:38,2026-01-30 20:30:38,NO
1769795280,2026-01-30 17:48:00,2026-01-30 14:48:00,Villarrica,VIIRS375,0.0,0.0,RUTINA,NULO,No descargada,2026-01-30 18:50:38,2026-01-30 20:30:38,NO
1769795280,2026-01-30 17:48:00,2026-01-30 14:48:00,Llaima,VIIRS,0.0,0.0,RUTINA,NULO,No descargada,2026-01-30 17:35:40,2026-01-30 18:45:39,NO
1769795280,2026-01-30 17:48:00,2026-01-30 14:48:00,Copahue,VIIRS375,0.0,0.0,RUTINA,NULO,No descargada,2026-01-30 18:50:38,2026-01-30 20:30:38,NO
1769795280,2026-01-30 17:48:00,2026-01-30 14:48:00,Villarrica,VIIRS,0.0,0.0,RUTINA,NULO,No descargada,2026-01-30 17:35:40,2026-01-30 18:45:39,NO
1769795280,2026-01-30 17:48:00,2026-01-30 14:48:00,Nevados de Chillan,VIIRS375,0.0,0.0,RUTINA,NULO,No descargada,2026-01-30 18:50:38,2026-01-30 20:30:38,NO
1769795280,2026-01-30 17:48:00,2026-01-30 14:48:00,Copahue,VIIRS,0.0,0.0,RUTINA,NULO,No descargada,2026-01-30 17:35:40,2026-01-30 18:45:39,NO
1769795280,2026-01-30 17:48:00,2026-01-30 14:48:00,Chaiten,VIIRS375,0.0,0.0,RUTINA,NULO,No descargada,2026-01-30 19:05:38,2026-01-30 19:45:37,NO
1769795280,2026-01-30 17:48:00,2026-01-30 14:48:00,Chaiten,VIIRS,0.0,0.0,RUTINA,NULO,No descargada,2026-01-30 17:35:40,2026-01-30 18:45:39,NO
1769795280,2026-01-30 17:48:00,2026-01-30 14:48:00,Puyehue-Cordon Caulle,VIIRS375,0.0,0.0,RUTINA,NULO,No descargada,2026-01-30 19:05:38,2026-01-30 20:30:38,NO
1769795280,2026-01-30 17:48:00,2026-01-30 14:48:00,Puyehue-Cordon Caulle,VIIRS,0.0,0.0,RUTINA,NULO,No descargada,2026-01-30 17:35:40,2026-01-30 20:30:38,NO
1769795280,2026-01-30 17:48:00,2026-01-30 14:48:00,Llaima,VIIRS375,0.0,0.0,RUTINA,NULO,No descargada,2026-01-30 18:50:38,2026-01-30 20:30:38,NO
1769795280,2026-01-30 17:48:00,2026-01-30 14:48:00,Nevados de Chillan,VIIRS,0.0,0.0,RUTINA,NULO,No descargada,2026-01-30 17:35:40,2026-01-30 18:45:39,NO
1769782800,2026-01-30 14:20:00,2026-01-30 11:20:00,Chaiten,MODIS,0.0,0.0,RUTINA,NULO,No descargada,2026-01-30 13:20:38,2026-01-30 19:15:41,NO
1769776800,2026-01-30 12:40:00,2026-01-30 09:40:00,Puyehue-Cordon Caulle,MODIS,0.0,0.0,RUTINA,NULO,No descargada,2026-01-30 11:05:39,2026-01-30 19:45:37,NO
1769776800,2026-01-30 12:40:00,2026-01-30 09:40:00,Nevados de Chillan,MODIS,0.0,0.0,RUTINA,NULO,No descargada,2026-01-30 11:05:39,2026-01-30 19:45:37,NO
1769776800,2026-01-30 12:40:00,2026-01-30 09:40:00,PlanchonPeteroa,MODIS,0.0,0.0,RUTINA,NULO,No descargada,2026-01-30 11:05:39,2026-01-30 19:45:37,NO
1769776800,2026-01-30 12:40:00,2026-01-30 09:40:00,Copahue,MODIS,0.0,0.0,RUTINA,NULO,No descargada,2026-01-30 11:05:39,2026-01-30 19:45:37,NO
1769776800,2026-01-30 12:40:00,2026-01-30 09:40:00,Llaima,MODIS,0.0,0.0,RUTINA,NULO,No descargada,2026-01-30 11:05:39,2026-01-30 19:45:37,NO
1769776800,2026-01-30 12:40:00,2026-01-30 09:40:00,Villarrica,MODIS,0.0,0.0,RUTINA,NULO,No descargada,2026-01-30 11:05:39,2026-01-30 19:45:37,NO
1769776800,2026-01-30 12:40:00,2026-01-30 09:40:00,Chaiten,MODIS,0.0,0.0,RUTINA,NULO,No descargada,2026-01-30 11:05:39,2026-01-30 13:15:42,NO
1769776500,2026-01-30 12:35:00,2026-01-30 09:35:00,Lastarria,MODIS,0.0,0.0,RUTINA,NULO,No descargada,2026-01-30 11:05:39,2026-01-30 19:45:37,NO
1769776500,2026-01-30 12:35:00,2026-01-30 09:35:00,Lascar,MODIS,0.0,0.0,RUTINA,NULO,No descargada,2026-01-30 11:05:39,2026-01-30 19:45:37,NO
1769758500,2026-01-30 07:35:00,2026-01-30 04:35:00,Nevados de Chillan,MODIS,0.0,0.0,RUTINA,NULO,No descargada,2026-01-30 07:05:40,2026-01-30 11:00:45,NO
1769758500,2026-01-30 07:35:00,2026-01-30 04:35:00,PlanchonPeteroa,MODIS,0.0,0.0,RUTINA,NULO,No descargada,2026-01-30 07:05:40,2026-01-30 11:00:45,NO
1769758500,2026-01-30 07:35:00,2026-01-30 04:35:00,Villarrica,MODIS,0.0,0.0,RUTINA,NULO,No descargada,2026-01-30 07:05:40,2026-01-30 11:00:45,NO
1769758500,2026-01-30 07:35:00,2026-01-30 04:35:00,Chaiten,MODIS,0.0,0.0,RUTINA,NULO,No descargada,2026-01-30 07:05:40,2026-01-30 11:00:45,NO
1769758500,2026-01-30 07:35:00,2026-01-30 04:35:00,Copahue,MODIS,0.0,0.0,RUTINA,NULO,No descargada,2026-01-30 07:05:40,2026-01-30 11:00:45,NO
1769758500,2026-01-30 07:35:00,2026-01-30 04:35:00,Puyehue-Cordon Caulle,MODIS,0.0,0.0,RUTINA,NULO,No descargada,2026-01-30 07:05:40,2026-01-30 11:00:45,NO
1769758500,2026-01-30 07:35:00,2026-01-30 04:35:00,Llaima,MODIS,0.0,0.0,RUTINA,NULO,No descargada,2026-01-30 07:05:40,2026-01-30 11:00:45,NO
1769758200,2026-01-30 07:30:00,2026-01-30 04:30:00,Lastarria,MODIS,0.0,0.0,RUTINA,NULO,No descargada,2026-01-30 07:05:40,2026-01-30 11:00:45,NO
1769758200,2026-01-30 07:30:00,2026-01-30 04:30:00,Lascar,MODIS,0.0,0.0,RUTINA,NULO,No descargada,2026-01-30 07:05:40,2026-01-30 11:00:45,NO
1769758200,2026-01-30 07:30:00,2026-01-30 04:30:00,Isluga,MODIS,0.0,0.0,RUTINA,NULO,No descargada,2026-01-30 07:05:40,2026-01-30 19:45:37,NO
1769752441,2026-01-30 05:54:01,2026-01-30 02:54:01,Chaiten,VIIRS375,0.22,0.38,ALERTA_TERMICA,Muy Bajo,imagenes_satelitales/Chaiten/2026-01-30/05-54-01_Chaiten_VIIRS375_Latest.png,2026-01-30 07:20:37,2026-01-30 19:00:40,NO
1769752441,2026-01-30 05:54:01,2026-01-30 02:54:01,Chaiten,VIIRS,0.0,0.0,RUTINA,NULO,No descargada,2026-01-30 07:05:40,2026-01-30 17:30:41,NO
1769752081,2026-01-30 05:48:01,2026-01-30 02:48:01,Llaima,VIIRS,0.0,0.0,RUTINA,NULO,No descargada,2026-01-30 07:05:40,2026-01-30 17:30:41,NO
1769752081,2026-01-30 05:48:01,2026-01-30 02:48:01,Lascar,VIIRS375,0.0,0.0,RUTINA,NULO,No descargada,2026-01-30 07:20:37,2026-01-30 19:00:40,NO
1769752081,2026-01-30 05:48:01,2026-01-30 02:48:01,Villarrica,VIIRS375,0.0,0.0,RUTINA,NULO,No descargada,2026-01-30 07:20:37,2026-01-30 18:45:39,NO
1769752081,2026-01-30 05:48:01,2026-01-30 02:48:01,Lascar,VIIRS,0.0,0.0,RUTINA,NULO,No descargada,2026-01-30 07:05:40,2026-01-30 17:30:41,NO
1769752081,2026-01-30 05:48:01,2026-01-30 02:48:01,Nevados de Chillan,VIIRS375,0.0,0.0,RUTINA,NULO,No descargada,2026-01-30 07:20:37,2026-01-30 18:45:39,NO
1769752081,2026-01-30 05:48:01,2026-01-30 02:48:01,Copahue,VIIRS,0.0,0.0,RUTINA,NULO,No descargada,2026-01-30 07:05:40,2026-01-30 17:30:41,NO
1769752081,2026-01-30 05:48:01,2026-01-30 02:48:01,Llaima,VIIRS375,0.0,0.0,RUTINA,NULO,No descargada,2026-01-30 07:20:37,2026-01-30 18:45:39,NO
1769752081,2026-01-30 05:48:01,2026-01-30 02:48:01,Lastarria,VIIRS,0.0,0.0,RUTINA,NULO,No descargada,2026-01-30 07:05:40,2026-01-30 17:30:41,NO
1769752081,2026-01-30 05:48:01,2026-01-30 02:48:01,Villarrica,VIIRS,0.0,0.0,RUTINA,NULO,No descargada,2026-01-30 07:05:40,2026-01-30 17:30:41,NO
1769752081,2026-01-30 05:48:01,2026-01-30 02:48:01,Copahue,VIIRS375,0.0,0.0,RUTINA,NULO,No descargada,2026-01-30 07:20:37,2026-01-30 18:45:39,NO
1769752081,2026-01-30 05:48:01,2026-01-30 02:48:01,PlanchonPeteroa,VIIRS,0.0,0.0,RUTINA,NULO,No descargada,2026-01-30 07:05:40,2026-01-30 17:30:41,NO
1769752081,2026-01-30 05:48:01,2026-01-30 02:48:01,Puyehue-Cordon Caulle,VIIRS,0.0,0.0,RUTINA,NULO,No descargada,2026-01-30 07:05:40,2026-01-30 17:30:41,NO
1769752081,2026-01-30 05:48:01,2026-01-30 02:48:01,Lastarria,VIIRS375,0.0,0.0,RUTINA,NULO,No descargada,2026-01-30 07:20:37,2026-01-30 19:15:41,NO
1769752081,2026-01-30 05:48:01,2026-01-30 02:48:01,PlanchonPeteroa,VIIRS375,0.0,0.0,RUTINA,NULO,No descargada,2026-01-30 07:20:37,2026-01-30 18:45:39,NO
1769752081,2026-01-30 05:48:01,2026-01-30 02:48:01,Nevados de Chillan,VIIRS,0.0,0.0,RUTINA,NULO,No descargada,2026-01-30 07:05:40,2026-01-30 17:30:41,NO
1769752081,2026-01-30 05:48:01,2026-01-30 02:48:01,Puyehue-Cordon Caulle,VIIRS375,0.21,8.19,ALERTA_TERMICA,Muy Bajo,imagenes_satelitales/Puyehue-Cordon Caulle/2026-01-30/05-48-01_Puyehue-Cordon Caulle_VIIRS375_Latest.png,2026-01-30 07:20:37,2026-01-30 19:00:40,NO
1769751721,2026-01-30 05:42:01,2026-01-30 02:42:01,Isluga,VIIRS375,0.0,0.0,RUTINA,NULO,No descargada,2026-01-30 07:20:37,2026-01-30 19:00:40,NO
1769751721,2026-01-30 05:42:01,2026-01-30 02:42:01,Isluga,VIIRS,0.0,0.0,RUTINA,NULO,No descargada,2026-01-30 07:05:40,2026-01-30 17:30:41,NO
1769742900,2026-01-30 03:15:00,2026-01-30 00:15:00,Chaiten,MODIS,0.0,0.0,RUTINA,NULO,No descargada,2026-01-30 01:20:37,2026-01-30 07:00:40,NO
1769742900,2026-01-30 03:15:00,2026-01-30 00:15:00,Puyehue-Cordon Caulle,MODIS,0.0,0.0,RUTINA,NULO,No descargada,2026-01-30 01:20:37,2026-01-30 07:00:40,NO
1769737500,2026-01-30 01:45:00,2026-01-29 22:45:00,Isluga,MODIS,0.0,0.0,RUTINA,NULO,No descargada,2026-01-30 01:05:38,2026-01-30 07:00:40,NO
1769737200,2026-01-30 01:40:00,2026-01-29 22:40:00,Copahue,MODIS,0.0,0.0,RUTINA,NULO,No descargada,2026-01-29 23:50:37,2026-01-30 07:00:40,NO
1769737200,2026-01-30 01:40:00,2026-01-29 22:40:00,Lascar,MODIS,0.0,0.0,RUTINA,NULO,No descargada,2026-01-29 23:50:37,2026-01-30 07:00:40,NO
1769737200,2026-01-30 01:40:00,2026-01-29 22:40:00,Lastarria,MODIS,0.0,0.0,RUTINA,NULO,No descargada,2026-01-29 23:50:37,2026-01-30 07:00:40,NO
1769737200,2026-01-30 01:40:00,2026-01-29 22:40:00,PlanchonPeteroa,MODIS,0.0,0.0,RUTINA,NULO,No descargada,2026-01-29 23:50:37,2026-01-30 07:00:40,NO
1769737200,2026-01-30 01:40:00,2026-01-29 22:40:00,Nevados de Chillan,MODIS,0.0,0.0,RUTINA,NULO,No descargada,2026-01-29 23:50:37,2026-01-30 07:00:40,NO
1769736900,2026-01-30 01:35:00,2026-01-29 22:35:00,Llaima,MODIS,0.0,0.0,RUTINA,NULO,No descargada,2026-01-30 00:05:37,2026-01-30 07:00:40,NO
1769736900,2026-01-30 01:35:00,2026-01-29 22:35:00,Puyehue-Cordon Caulle,MODIS,0.0,0.0,RUTINA,NULO,No descargada,2026-01-30 00:05:37,2026-01-30 01:15:39,NO
1769736900,2026-01-30 01:35:00,2026-01-29 22:35:00,Chaiten,MODIS,0.0,0.0,RUTINA,NULO,No descargada,2026-01-30 00:05:37,2026-01-30 01:15:39,NO
1769736900,2026-01-30 01:35:00,2026-01-29 22:35:00,Villarrica,MODIS,0.0,0.0,RUTINA,NULO,No descargada,2026-01-30 00:05:37,2026-01-30 07:00:40,NO
1769719200,2026-01-29 20:40:00,2026-01-29 17:40:00,Isluga,MODIS,0.0,0.0,RUTINA,NULO,No descargada,2026-01-29 19:20:39,2026-01-30 00:45:39,NO
1769718900,2026-01-29 20:35:00,2026-01-29 17:35:00,Copahue,MODIS,0.0,0.0,RUTINA,NULO,No descargada,2026-01-29 19:20:39,2026-01-29 23:45:41,NO
1769718900,2026-01-29 20:35:00,2026-01-29 17:35:00,Llaima,MODIS,0.0,0.0,RUTINA,NULO,No descargada,2026-01-29 19:20:39,2026-01-30 00:00:46,NO
1769718900,2026-01-29 20:35:00,2026-01-29 17:35:00,PlanchonPeteroa,MODIS,0.0,0.0,RUTINA,NULO,No descargada,2026-01-29 19:20:39,2026-01-29 23:45:41,NO
1769718900,2026-01-29 20:35:00,2026-01-29 17:35:00,Lastarria,MODIS,0.0,0.0,RUTINA,NULO,No descargada,2026-01-29 19:20:39,2026-01-29 23:45:41,NO
1769718900,2026-01-29 20:35:00,2026-01-29 17:35:00,Nevados de Chillan,MODIS,0.0,0.0,RUTINA,NULO,No descargada,2026-01-29 19:20:39,2026-01-29 23:45:41,NO
1769718900,2026-01-29 20:35:00,2026-01-29 17:35:00,Lascar,MODIS,0.0,0.0,RUTINA,NULO,No descargada,2026-01-29 19:20:39,2026-01-29 23:45:41,NO
1769718900,2026-01-29 20:35:00,2026-01-29 17:35:00,Villarrica,MODIS,0.0,0.0,RUTINA,NULO,No descargada,2026-01-29 19:20:39,2026-01-30 00:00:46,NO
1769718600,2026-01-29 20:30:00,2026-01-29 17:30:00,Chaiten,MODIS,0.0,0.0,RUTINA,NULO,No descargada,2026-01-29 19:20:39,2026-01-30 00:00:46,NO
1769717161,2026-01-29 20:06:01,2026-01-29 17:06:01,Chaiten,VIIRS375,0.0,0.0,RUTINA,NULO,No descargada,2026-01-29 19:50:35,2026-01-30 07:15:39,NO
1769717161,2026-01-29 20:06:01,2026-01-29 17:06:01,Chaiten,VIIRS,0.0,0.0,RUTINA,NULO,No descargada,2026-01-29 19:50:35,2026-01-30 07:00:40,NO
1769716080,2026-01-29 19:48:00,2026-01-29 16:48:00,Llaima,VIIRS375,0.0,0.0,RUTINA,NULO,No descargada,2026-01-29 19:20:39,2026-01-30 07:15:39,NO
1769716080,2026-01-29 19:48:00,2026-01-29 16:48:00,Nevados de Chillan,VIIRS,0.0,0.0,RUTINA,NULO,No descargada,2026-01-29 19:06:07,2026-01-30 07:00:40,NO
1769716080,2026-01-29 19:48:00,2026-01-29 16:48:00,Villarrica,VIIRS,0.0,0.0,RUTINA,NULO,No descargada,2026-01-29 19:06:07,2026-01-30 07:00:40,NO
1769716080,2026-01-29 19:48:00,2026-01-29 16:48:00,Puyehue-Cordon Caulle,VIIRS375,0.0,0.0,RUTINA,NULO,No descargada,2026-01-29 19:20:39,2026-01-30 07:15:39,NO
1769716080,2026-01-29 19:48:00,2026-01-29 16:48:00,Llaima,VIIRS,0.0,0.0,RUTINA,NULO,No descargada,2026-01-29 19:06:07,2026-01-30 07:00:40,NO
1769716080,2026-01-29 19:48:00,2026-01-29 16:48:00,Nevados de Chillan,VIIRS375,0.0,0.0,RUTINA,NULO,No descargada,2026-01-29 19:20:39,2026-01-30 07:15:39,NO
1769716080,2026-01-29 19:48:00,2026-01-29 16:48:00,Chaiten,VIIRS,0.0,0.0,RUTINA,NULO,No descargada,2026-01-29 19:06:07,2026-01-29 19:45:37,NO
1769716080,2026-01-29 19:48:00,2026-01-29 16:48:00,Copahue,VIIRS,0.0,0.0,RUTINA,NULO,No descargada,2026-01-29 19:06:07,2026-01-30 07:00:40,NO
1769716080,2026-01-29 19:48:00,2026-01-29 16:48:00,Copahue,VIIRS375,0.0,0.0,RUTINA,NULO,No descargada,2026-01-29 19:20:39,2026-01-30 07:15:39,NO
1769716080,2026-01-29 19:48:00,2026-01-29 16:48:00,Chaiten,VIIRS375,0.0,0.0,RUTINA,NULO,No descargada,2026-01-29 19:20:39,2026-01-29 19:45:37,NO
1769716080,2026-01-29 19:48:00,2026-01-29 16:48:00,Villarrica,VIIRS375,0.0,0.0,RUTINA,NULO,No descargada,2026-01-29 19:20:39,2026-01-30 07:15:39,NO
1769716080,2026-01-29 19:48:00,2026-01-29 16:48:00,Puyehue-Cordon Caulle,VIIRS,0.0,0.0,RUTINA,NULO,No descargada,2026-01-29 19:06:07,2026-01-30 07:00:40,NO
1769711761,2026-01-29 18:36:01,2026-01-29 15:36:01,Isluga,VIIRS375,0.0,0.0,RUTINA,NULO,No descargada,2026-01-29 18:35:36,2026-01-30 07:15:39,NO
1769711761,2026-01-29 18:36:01,2026-01-29 15:36:01,Isluga,VIIRS,0.0,0.0,RUTINA,NULO,No descargada,2026-01-29 18:35:36,2026-01-30 07:00:40,NO
1769711401,2026-01-29 18:30:01,2026-01-29 15:30:01,PlanchonPeteroa,VIIRS375,0.0,0.0,RUTINA,NULO,No descargada,2026-01-29 18:18:57,2026-01-30 07:15:39,NO
1769711401,2026-01-29 18:30:01,2026-01-29 15:30:01,Lascar,VIIRS,0.0,0.0,RUTINA,NULO,No descargada,2026-01-29 18:18:57,2026-01-30 07:00:40,NO
1769711401,2026-01-29 18:30:01,2026-01-29 15:30:01,Lastarria,VIIRS,0.0,0.0,RUTINA,NULO,No descargada,2026-01-29 18:18:57,2026-01-30 07:00:40,NO
1769711401,2026-01-29 18:30:01,2026-01-29 15:30:01,Villarrica,VIIRS,0.0,0.0,RUTINA,NULO,No descargada,2026-01-29 18:18:57,2026-01-29 19:00:41,NO
1769711401,2026-01-29 18:30:01,2026-01-29 15:30:01,Puyehue-Cordon Caulle,VIIRS375,0.0,0.0,RUTINA,NULO,No descargada,2026-01-29 18:35:36,2026-01-29 19:15:40,NO
1769711401,2026-01-29 18:30:01,2026-01-29 15:30:01,Copahue,VIIRS375,0.0,0.0,RUTINA,NULO,No descargada,2026-01-29 18:18:57,2026-01-29 19:15:40,NO
1769711401,2026-01-29 18:30:01,2026-01-29 15:30:01,Villarrica,VIIRS375,0.0,0.0,RUTINA,NULO,No descargada,2026-01-29 18:18:57,2026-01-29 19:15:40,NO
1769711401,2026-01-29 18:30:01,2026-01-29 15:30:01,Puyehue-Cordon Caulle,VIIRS,0.0,0.0,RUTINA,NULO,No descargada,2026-01-29 18:18:57,2026-01-29 19:00:41,NO
1769711401,2026-01-29 18:30:01,2026-01-29 15:30:01,Copahue,VIIRS,0.0,0.0,RUTINA,NULO,No descargada,2026-01-29 18:18:57,2026-01-29 19:00:41,NO
1769711401,2026-01-29 18:30:01,2026-01-29 15:30:01,PlanchonPeteroa,VIIRS,0.0,0.0,RUTINA,NULO,No descargada,2026-01-29 18:18:57,2026-01-30 07:00:40,NO
1769711401,2026-01-29 18:30:01,2026-01-29 15:30:01,Lastarria,VIIRS375,0.0,0.0,RUTINA,NULO,No descargada,2026-01-29 18:18:57,2026-01-30 07:15:39,NO
1769711401,2026-01-29 18:30:01,2026-01-29 15:30:01,Nevados de Chillan,VIIRS,0.0,0.0,RUTINA,NULO,No descargada,2026-01-29 18:18:57,2026-01-29 19:00:41,NO
1769711401,2026-01-29 18:30:01,2026-01-29 15:30:01,Llaima,VIIRS,0.0,0.0,RUTINA,NULO,No descargada,2026-01-29 18:18:57,2026-01-29 19:00:41,NO
1769711401,2026-01-29 18:30:01,2026-01-29 15:30:01,Nevados de Chillan,VIIRS375,0.0,0.0,RUTINA,NULO,No descargada,2026-01-29 18:18:57,2026-01-29 19:15:40,NO
1769711401,2026-01-29 18:30:01,2026-01-29 15:30:01,Lascar,VIIRS375,0.0,0.0,RUTINA,NULO,No descargada,2026-01-29 18:18:57,2026-01-30 07:15:39,NO
1769711401,2026-01-29 18:30:01,2026-01-29 15:30:01,Llaima,VIIRS375,0.0,0.0,RUTINA,NULO,No descargada,2026-01-29 18:18:57,2026-01-29 19:15:40,NO
1769709960,2026-01-29 18:06:00,2026-01-29 15:06:00,Villarrica,VIIRS375,0.0,0.0,RUTINA,NULO,No descargada,2026-01-29 17:35:37,2026-01-29 18:10:38,NO
1769709960,2026-01-29 18:06:00,2026-01-29 15:06:00,Chaiten,VIIRS375,0.0,0.0,RUTINA,NULO,No descargada,2026-01-29 17:35:37,2026-01-29 19:15:40,NO
1769709960,2026-01-29 18:06:00,2026-01-29 15:06:00,Copahue,VIIRS,0.0,0.0,RUTINA,NULO,No descargada,2026-01-29 17:35:37,2026-01-29 18:10:38,NO
1769709960,2026-01-29 18:06:00,2026-01-29 15:06:00,Llaima,VIIRS,0.0,0.0,RUTINA,NULO,No descargada,2026-01-29 17:35:37,2026-01-29 18:10:38,NO
1769709960,2026-01-29 18:06:00,2026-01-29 15:06:00,Chaiten,VIIRS,0.0,0.0,RUTINA,NULO,No descargada,2026-01-29 17:35:37,2026-01-29 19:00:41,NO
1769709960,2026-01-29 18:06:00,2026-01-29 15:06:00,Puyehue-Cordon Caulle,VIIRS,0.0,0.0,RUTINA,NULO,No descargada,2026-01-29 17:35:37,2026-01-29 18:10:38,NO
1769709960,2026-01-29 18:06:00,2026-01-29 15:06:00,Nevados de Chillan,VIIRS,0.0,0.0,RUTINA,NULO,No descargada,2026-01-29 17:35:37,2026-01-29 18:10:38,NO
1769709960,2026-01-29 18:06:00,2026-01-29 15:06:00,PlanchonPeteroa,VIIRS,0.0,0.0,RUTINA,NULO,No descargada,2026-01-29 17:35:37,2026-01-29 18:10:38,NO
1769709960,2026-01-29 18:06:00,2026-01-29 15:06:00,Llaima,VIIRS375,0.0,0.0,RUTINA,NULO,No descargada,2026-01-29 17:35:37,2026-01-29 18:10:38,NO
1769709960,2026-01-29 18:06:00,2026-01-29 15:06:00,Nevados de Chillan,VIIRS375,0.0,0.0,RUTINA,NULO,No descargada,2026-01-29 17:35:37,2026-01-29 18:10:38,NO
1769709960,2026-01-29 18:06:00,2026-01-29 15:06:00,Villarrica,VIIRS,0.0,0.0,RUTINA,NULO,No descargada,2026-01-29 17:35:37,2026-01-29 18:10:38,NO
1769709960,2026-01-29 18:06:00,2026-01-29 15:06:00,PlanchonPeteroa,VIIRS375,0.0,0.0,RUTINA,NULO,No descargada,2026-01-29 17:35:37,2026-01-29 18:10:38,NO
1769709960,2026-01-29 18:06:00,2026-01-29 15:06:00,Copahue,VIIRS375,0.0,0.0,RUTINA,NULO,No descargada,2026-01-29 17:35:37,2026-01-29 18:10:38,NO
1769709960,2026-01-29 18:06:00,2026-01-29 15:06:00,Puyehue-Cordon Caulle,VIIRS375,0.0,0.0,RUTINA,NULO,No descargada,2026-01-29 17:35:37,2026-01-29 18:30:39,NO
1769694000,2026-01-29 13:40:00,2026-01-29 10:40:00,Chaiten,MODIS,0.0,0.0,RUTINA,NULO,No descargada,2026-01-29 11:50:44,2026-01-29 19:15:40,NO
1769694000,2026-01-29 13:40:00,2026-01-29 10:40:00,Llaima,MODIS,0.0,0.0,RUTINA,NULO,No descargada,2026-01-29 11:50:44,2026-01-29 19:15:40,NO
1769694000,2026-01-29 13:40:00,2026-01-29 10:40:00,Villarrica,MODIS,0.0,0.0,RUTINA,NULO,No descargada,2026-01-29 11:50:44,2026-01-29 19:15:40,NO
1769694000,2026-01-29 13:40:00,2026-01-29 10:40:00,Nevados de Chillan,MODIS,0.0,0.0,RUTINA,NULO,No descargada,2026-01-29 11:50:44,2026-01-29 19:15:40,NO
1769694000,2026-01-29 13:40:00,2026-01-29 10:40:00,Copahue,MODIS,0.0,0.0,RUTINA,NULO,No descargada,2026-01-29 11:50:44,2026-01-29 19:15:40,NO
1769694000,2026-01-29 13:40:00,2026-01-29 10:40:00,Puyehue-Cordon Caulle,MODIS,0.0,0.0,RUTINA,NULO,No descargada,2026-01-29 11:50:44,2026-01-30 00:00:46,NO
1769694000,2026-01-29 13:40:00,2026-01-29 10:40:00,PlanchonPeteroa,MODIS,0.0,0.0,RUTINA,NULO,No descargada,2026-01-29 11:50:44,2026-01-29 19:15:40,NO
1769693700,2026-01-29 13:35:00,2026-01-29 10:35:00,Lascar,MODIS,0.0,0.0,RUTINA,NULO,No descargada,2026-01-29 11:50:44,2026-01-29 19:15:40,NO
1769693700,2026-01-29 13:35:00,2026-01-29 10:35:00,Isluga,MODIS,0.0,0.0,RUTINA,NULO,No descargada,2026-01-29 11:50:44,2026-01-29 19:15:40,NO
1769693700,2026-01-29 13:35:00,2026-01-29 10:35:00,Lastarria,MODIS,0.0,0.0,RUTINA,NULO,No descargada,2026-01-29 11:50:44,2026-01-29 19:15:40,NO
1769670000,2026-01-29 07:00:00,2026-01-29 04:00:00,Chaiten,MODIS,0.0,0.0,RUTINA,NULO,No descargada,2026-01-29 06:20:40,2026-01-29 11:45:45,NO
1769670000,2026-01-29 07:00:00,2026-01-29 04:00:00,Puyehue-Cordon Caulle,MODIS,0.0,0.0,RUTINA,NULO,No descargada,2026-01-29 06:20:40,2026-01-29 11:45:45,NO
1769669700,2026-01-29 06:55:00,2026-01-29 03:55:00,Lastarria,MODIS,0.0,0.0,RUTINA,NULO,No descargada,2026-01-29 06:20:40,2026-01-29 11:45:45,NO
1769669700,2026-01-29 06:55:00,2026-01-29 03:55:00,Nevados de Chillan,MODIS,0.0,0.0,RUTINA,NULO,No descargada,2026-01-29 06:20:40,2026-01-29 11:45:45,NO
1769669700,2026-01-29 06:55:00,2026-01-29 03:55:00,PlanchonPeteroa,MODIS,0.0,0.0,RUTINA,NULO,No descargada,2026-01-29 06:20:40,2026-01-29 11:45:45,NO
1769669700,2026-01-29 06:55:00,2026-01-29 03:55:00,Copahue,MODIS,0.0,0.0,RUTINA,NULO,No descargada,2026-01-29 06:20:40,2026-01-29 11:45:45,NO
1769669700,2026-01-29 06:55:00,2026-01-29 03:55:00,Llaima,MODIS,0.0,0.0,RUTINA,NULO,No descargada,2026-01-29 06:20:40,2026-01-29 11:45:45,NO
1769669700,2026-01-29 06:55:00,2026-01-29 03:55:00,Villarrica,MODIS,0.0,0.0,RUTINA,NULO,No descargada,2026-01-29 06:20:40,2026-01-29 11:45:45,NO
1769669700,2026-01-29 06:55:00,2026-01-29 03:55:00,Lascar,MODIS,0.0,0.0,RUTINA,NULO,No descargada,2026-01-29 06:20:40,2026-01-29 11:45:45,NO
1769669400,2026-01-29 06:50:00,2026-01-29 03:50:00,Isluga,MODIS,0.0,0.0,RUTINA,NULO,No descargada,2026-01-29 06:20:40,2026-01-29 11:45:45,NO
1769667121,2026-01-29 06:12:01,2026-01-29 03:12:01,Chaiten,VIIRS375,0.0,0.0,RUTINA,NULO,No descargada,2026-01-29 07:05:39,2026-01-29 17:30:39,NO
1769667121,2026-01-29 06:12:01,2026-01-29 03:12:01,Villarrica,VIIRS,0.0,0.0,RUTINA,NULO,No descargada,2026-01-29 06:50:41,2026-01-29 17:30:39,NO
1769667121,2026-01-29 06:12:01,2026-01-29 03:12:01,Puyehue-Cordon Caulle,VIIRS375,0.72,8.02,ALERTA_TERMICA,Muy Bajo,imagenes_satelitales/Puyehue-Cordon Caulle/2026-01-29/06-12-01_Puyehue-Cordon Caulle_VIIRS375_Latest.png,2026-01-29 07:05:39,2026-01-29 17:30:39,NO
1769667121,2026-01-29 06:12:01,2026-01-29 03:12:01,Chaiten,VIIRS,0.0,0.0,RUTINA,NULO,No descargada,2026-01-29 06:50:41,2026-01-29 17:30:39,NO
1769667121,2026-01-29 06:12:01,2026-01-29 03:12:01,Puyehue-Cordon Caulle,VIIRS,1.22,7.83,ALERTA_TERMICA,Bajo,imagenes_satelitales/Puyehue-Cordon Caulle/2026-01-29/06-12-01_Puyehue-Cordon Caulle_VIIRS750_Latest.png,2026-01-29 06:50:41,2026-01-29 17:30:39,NO
1769667121,2026-01-29 06:12:01,2026-01-29 03:12:01,Villarrica,VIIRS375,0.0,0.0,RUTINA,NULO,No descargada,2026-01-29 07:05:39,2026-01-29 17:30:39,NO
1769666761,2026-01-29 06:06:01,2026-01-29 03:06:01,Nevados de Chillan,VIIRS,0.0,0.0,RUTINA,NULO,No descargada,2026-01-29 06:50:41,2026-01-29 17:30:39,NO
1769666761,2026-01-29 06:06:01,2026-01-29 03:06:01,PlanchonPeteroa,VIIRS,0.0,0.0,RUTINA,NULO,No descargada,2026-01-29 06:50:41,2026-01-29 17:30:39,NO
1769666761,2026-01-29 06:06:01,2026-01-29 03:06:01,Copahue,VIIRS375,0.0,0.0,RUTINA,NULO,No descargada,2026-01-29 07:05:39,2026-01-29 17:30:39,NO
1769666761,2026-01-29 06:06:01,2026-01-29 03:06:01,Isluga,VIIRS375,0.11,23.85,FALSO_POSITIVO,NULO,No descargada,2026-01-29 06:50:41,2026-01-29 18:30:39,NO
1769666761,2026-01-29 06:06:01,2026-01-29 03:06:01,Lascar,VIIRS375,0.0,0.0,RUTINA,NULO,No descargada,2026-01-29 07:05:39,2026-01-29 18:10:38,NO
1769666761,2026-01-29 06:06:01,2026-01-29 03:06:01,Isluga,VIIRS,0.0,0.0,RUTINA,NULO,No descargada,2026-01-29 06:50:41,2026-01-29 18:30:39,NO
1769666761,2026-01-29 06:06:01,2026-01-29 03:06:01,Lastarria,VIIRS375,0.0,0.0,RUTINA,NULO,No descargada,2026-01-29 07:05:39,2026-01-29 18:10:38,NO
1769666761,2026-01-29 06:06:01,2026-01-29 03:06:01,Copahue,VIIRS,0.0,0.0,RUTINA,NULO,No descargada,2026-01-29 06:50:41,2026-01-29 17:30:39,NO
1769666761,2026-01-29 06:06:01,2026-01-29 03:06:01,Nevados de Chillan,VIIRS375,0.0,0.0,RUTINA,NULO,No descargada,2026-01-29 07:05:39,2026-01-29 17:30:39,NO
1769666761,2026-01-29 06:06:01,2026-01-29 03:06:01,Lastarria,VIIRS,0.0,0.0,RUTINA,NULO,No descargada,2026-01-29 06:50:41,2026-01-29 18:10:38,NO
1769666761,2026-01-29 06:06:01,2026-01-29 03:06:01,Lascar,VIIRS,0.0,0.0,RUTINA,NULO,No descargada,2026-01-29 06:50:41,2026-01-29 18:10:38,NO
1769666761,2026-01-29 06:06:01,2026-01-29 03:06:01,PlanchonPeteroa,VIIRS375,0.0,0.0,RUTINA,NULO,No descargada,2026-01-29 07:05:39,2026-01-29 17:30:39,NO
1769665680,2026-01-29 05:48:00,2026-01-29 02:48:00,Llaima,VIIRS,0.0,0.0,RUTINA,NULO,No descargada,2026-01-29 07:20:38,2026-01-29 17:30:39,NO
1769665680,2026-01-29 05:48:00,2026-01-29 02:48:00,Llaima,VIIRS375,0.0,0.0,RUTINA,NULO,No descargada,2026-01-29 07:35:38,2026-01-29 17:30:39,NO
1769661001,2026-01-29 04:30:01,2026-01-29 01:30:01,Llaima,VIIRS,0.0,0.0,RUTINA,NULO,No descargada,2026-01-29 04:50:38,2026-01-29 07:15:43,NO
1769661001,2026-01-29 04:30:01,2026-01-29 01:30:01,Llaima,VIIRS375,0.0,0.0,RUTINA,NULO,No descargada,2026-01-29 05:05:36,2026-01-29 07:30:41,NO
1769661001,2026-01-29 04:30:01,2026-01-29 01:30:01,Copahue,VIIRS375,0.0,0.0,RUTINA,NULO,No descargada,2026-01-29 05:05:36,2026-01-29 07:00:41,NO
1769661001,2026-01-29 04:30:01,2026-01-29 01:30:01,Puyehue-Cordon Caulle,VIIRS375,0.31,8.66,ALERTA_TERMICA,Muy Bajo,imagenes_satelitales/Puyehue-Cordon Caulle/2026-01-29/04-30-01_Puyehue-Cordon Caulle_VIIRS375_Latest.png,2026-01-29 05:20:38,2026-01-29 07:00:41,NO
1769661001,2026-01-29 04:30:01,2026-01-29 01:30:01,Nevados de Chillan,VIIRS375,0.0,0.0,RUTINA,NULO,No descargada,2026-01-29 05:05:36,2026-01-29 07:00:41,NO
1769661001,2026-01-29 04:30:01,2026-01-29 01:30:01,Villarrica,VIIRS,0.0,0.0,RUTINA,NULO,No descargada,2026-01-29 04:50:38,2026-01-29 06:45:38,NO
1769661001,2026-01-29 04:30:01,2026-01-29 01:30:01,Chaiten,VIIRS,0.0,0.0,RUTINA,NULO,No descargada,2026-01-29 05:05:36,2026-01-29 06:45:38,NO
1769661001,2026-01-29 04:30:01,2026-01-29 01:30:01,Villarrica,VIIRS375,0.0,0.0,RUTINA,NULO,No descargada,2026-01-29 05:20:38,2026-01-29 07:00:41,NO
1769661001,2026-01-29 04:30:01,2026-01-29 01:30:01,Copahue,VIIRS,0.0,0.0,RUTINA,NULO,No descargada,2026-01-29 04:50:38,2026-01-29 06:45:38,NO
1769661001,2026-01-29 04:30:01,2026-01-29 01:30:01,Chaiten,VIIRS375,0.0,0.0,RUTINA,NULO,No descargada,2026-01-29 05:20:38,2026-01-29 07:00:41,NO
1769661001,2026-01-29 04:30:01,2026-01-29 01:30:01,Puyehue-Cordon Caulle,VIIRS,0.0,0.0,RUTINA,NULO,No descargada,2026-01-29 04:50:38,2026-01-29 06:45:38,NO
1769661001,2026-01-29 04:30:01,2026-01-29 01:30:01,Nevados de Chillan,VIIRS,0.0,0.0,RUTINA,NULO,No descargada,2026-01-29 04:50:38,2026-01-29 06:45:38,NO
1769654100,2026-01-29 02:35:00,2026-01-28 23:35:00,Puyehue-Cordon Caulle,MODIS,0.0,0.0,RUTINA,NULO,No descargada,2026-01-29 00:35:39,2026-01-29 06:15:36,NO
1769654100,2026-01-29 02:35:00,2026-01-28 23:35:00,Villarrica,MODIS,0.0,0.0,RUTINA,NULO,No descargada,2026-01-29 00:35:39,2026-01-29 06:15:36,NO
1769654100,2026-01-29 02:35:00,2026-01-28 23:35:00,Llaima,MODIS,0.0,0.0,RUTINA,NULO,No descargada,2026-01-29 00:35:39,2026-01-29 06:15:36,NO
1769654100,2026-01-29 02:35:00,2026-01-28 23:35:00,Chaiten,MODIS,0.0,0.0,RUTINA,NULO,No descargada,2026-01-29 00:35:39,2026-01-29 06:15:36,NO
1769654100,2026-01-29 02:35:00,2026-01-28 23:35:00,Copahue,MODIS,0.0,0.0,RUTINA,NULO,No descargada,2026-01-29 00:35:39,2026-01-29 06:15:36,NO
1769654100,2026-01-29 02:35:00,2026-01-28 23:35:00,PlanchonPeteroa,MODIS,0.0,0.0,RUTINA,NULO,No descargada,2026-01-29 00:35:39,2026-01-29 06:15:36,NO
1769654100,2026-01-29 02:35:00,2026-01-28 23:35:00,Nevados de Chillan,MODIS,0.0,0.0,RUTINA,NULO,No descargada,2026-01-29 00:35:39,2026-01-29 06:15:36,NO
1769648700,2026-01-29 01:05:00,2026-01-28 22:05:00,Isluga,MODIS,0.0,0.0,RUTINA,NULO,No descargada,2026-01-29 00:20:39,2026-01-29 06:15:36,NO
1769648400,2026-01-29 01:00:00,2026-01-28 22:00:00,Lascar,MODIS,0.0,0.0,RUTINA,NULO,No descargada,2026-01-28 23:35:39,2026-01-29 06:15:36,NO
1769630760,2026-01-28 20:06:00,2026-01-28 17:06:00,Chaiten,VIIRS375,0.0,0.0,RUTINA,NULO,No descargada,2026-01-28 20:20:36,2026-01-29 05:15:36,NO
1769630760,2026-01-28 20:06:00,2026-01-28 17:06:00,Chaiten,VIIRS,0.0,0.0,RUTINA,NULO,No descargada,2026-01-28 19:50:39,2026-01-29 05:00:41,NO
1769630760,2026-01-28 20:06:00,2026-01-28 17:06:00,Puyehue-Cordon Caulle,VIIRS375,0.0,0.0,RUTINA,NULO,No descargada,2026-01-28 20:20:36,2026-01-29 05:15:36,NO
1769630760,2026-01-28 20:06:00,2026-01-28 17:06:00,Puyehue-Cordon Caulle,VIIRS,0.0,0.0,RUTINA,NULO,No descargada,2026-01-28 19:50:39,2026-01-29 04:45:37,NO
1769630400,2026-01-28 20:00:00,2026-01-28 17:00:00,Lastarria,MODIS,0.0,0.0,RUTINA,NULO,No descargada,2026-01-28 20:05:42,2026-01-29 06:15:36,NO
1769630400,2026-01-28 20:00:00,2026-01-28 17:00:00,Lascar,MODIS,0.0,0.0,RUTINA,NULO,No descargada,2026-01-28 20:05:42,2026-01-28 23:30:49,NO
1769630400,2026-01-28 20:00:00,2026-01-28 17:00:00,Isluga,MODIS,0.0,0.0,RUTINA,NULO,No descargada,2026-01-28 20:05:42,2026-01-29 00:15:39,NO
1769630100,2026-01-28 19:55:00,2026-01-28 16:55:00,Llaima,MODIS,0.0,0.0,RUTINA,NULO,No descargada,2026-01-28 18:20:38,2026-01-29 00:30:37,NO
1769630100,2026-01-28 19:55:00,2026-01-28 16:55:00,Puyehue-Cordon Caulle,MODIS,0.0,0.0,RUTINA,NULO,No descargada,2026-01-28 18:20:38,2026-01-29 00:30:37,NO
1769630100,2026-01-28 19:55:00,2026-01-28 16:55:00,PlanchonPeteroa,MODIS,0.0,0.0,RUTINA,NULO,No descargada,2026-01-28 18:20:38,2026-01-29 00:30:37,NO
1769630100,2026-01-28 19:55:00,2026-01-28 16:55:00,Copahue,MODIS,0.0,0.0,RUTINA,NULO,No descargada,2026-01-28 18:20:38,2026-01-29 00:30:37,NO
1769630100,2026-01-28 19:55:00,2026-01-28 16:55:00,Chaiten,MODIS,0.0,0.0,RUTINA,NULO,No descargada,2026-01-28 18:20:38,2026-01-29 00:30:37,NO
1769630100,2026-01-28 19:55:00,2026-01-28 16:55:00,Nevados de Chillan,MODIS,0.0,0.0,RUTINA,NULO,No descargada,2026-01-28 18:20:38,2026-01-29 00:30:37,NO
1769630100,2026-01-28 19:55:00,2026-01-28 16:55:00,Villarrica,MODIS,0.0,0.0,RUTINA,NULO,No descargada,2026-01-28 18:20:38,2026-01-29 00:30:37,NO
1769626441,2026-01-28 18:54:01,2026-01-28 15:54:01,Isluga,VIIRS375,0.0,0.0,RUTINA,NULO,No descargada,2026-01-28 19:50:39,2026-01-29 06:45:38,NO
1769626441,2026-01-28 18:54:01,2026-01-28 15:54:01,Lascar,VIIRS,0.0,0.0,RUTINA,NULO,No descargada,2026-01-28 19:05:36,2026-01-29 06:45:38,NO
1769626441,2026-01-28 18:54:01,2026-01-28 15:54:01,Isluga,VIIRS,0.43,19.12,FALSO_POSITIVO,NULO,No descargada,2026-01-28 19:05:36,2026-01-29 06:45:38,NO
1769626441,2026-01-28 18:54:01,2026-01-28 15:54:01,Lascar,VIIRS375,0.0,0.0,RUTINA,NULO,No descargada,2026-01-28 19:50:39,2026-01-29 07:00:41,NO
1769626081,2026-01-28 18:48:01,2026-01-28 15:48:01,Copahue,VIIRS,0.0,0.0,RUTINA,NULO,No descargada,2026-01-28 18:50:38,2026-01-29 04:45:37,NO
1769626081,2026-01-28 18:48:01,2026-01-28 15:48:01,PlanchonPeteroa,VIIRS375,0.0,0.0,RUTINA,NULO,No descargada,2026-01-28 19:35:36,2026-01-29 07:00:41,NO
1769626081,2026-01-28 18:48:01,2026-01-28 15:48:01,Villarrica,VIIRS,0.0,0.0,RUTINA,NULO,No descargada,2026-01-28 19:05:36,2026-01-29 04:45:37,NO
1769626081,2026-01-28 18:48:01,2026-01-28 15:48:01,Llaima,VIIRS375,0.0,0.0,RUTINA,NULO,No descargada,2026-01-28 19:50:39,2026-01-29 05:00:41,NO
1769626081,2026-01-28 18:48:01,2026-01-28 15:48:01,Villarrica,VIIRS375,0.0,0.0,RUTINA,NULO,No descargada,2026-01-28 19:50:39,2026-01-29 05:15:36,NO
1769626081,2026-01-28 18:48:01,2026-01-28 15:48:01,Lastarria,VIIRS,0.0,0.0,RUTINA,NULO,No descargada,2026-01-28 18:50:38,2026-01-29 06:45:38,NO
1769626081,2026-01-28 18:48:01,2026-01-28 15:48:01,Nevados de Chillan,VIIRS375,0.0,0.0,RUTINA,NULO,No descargada,2026-01-28 19:35:36,2026-01-29 05:00:41,NO
1769626081,2026-01-28 18:48:01,2026-01-28 15:48:01,Lastarria,VIIRS375,0.0,0.0,RUTINA,NULO,No descargada,2026-01-28 19:35:36,2026-01-29 07:00:41,NO
1769626081,2026-01-28 18:48:01,2026-01-28 15:48:01,Llaima,VIIRS,0.0,0.0,RUTINA,NULO,No descargada,2026-01-28 18:50:38,2026-01-29 04:45:37,NO
1769626081,2026-01-28 18:48:01,2026-01-28 15:48:01,Puyehue-Cordon Caulle,VIIRS375,0.0,0.0,RUTINA,NULO,No descargada,2026-01-28 19:50:39,2026-01-28 20:15:44,NO
1769626081,2026-01-28 18:48:01,2026-01-28 15:48:01,Chaiten,VIIRS375,0.0,0.0,RUTINA,NULO,No descargada,2026-01-28 19:50:39,2026-01-28 20:15:44,NO
1769626081,2026-01-28 18:48:01,2026-01-28 15:48:01,PlanchonPeteroa,VIIRS,0.0,0.0,RUTINA,NULO,No descargada,2026-01-28 18:50:38,2026-01-29 06:45:38,NO
1769626081,2026-01-28 18:48:01,2026-01-28 15:48:01,Copahue,VIIRS375,0.0,0.0,RUTINA,NULO,No descargada,2026-01-28 19:50:39,2026-01-29 05:00:41,NO
1769626081,2026-01-28 18:48:01,2026-01-28 15:48:01,Chaiten,VIIRS,0.0,0.0,RUTINA,NULO,No descargada,2026-01-28 19:05:36,2026-01-28 19:45:36,NO
1769626081,2026-01-28 18:48:01,2026-01-28 15:48:01,Puyehue-Cordon Caulle,VIIRS,0.0,0.0,RUTINA,NULO,No descargada,2026-01-28 19:05:36,2026-01-28 19:45:36,NO
1769626081,2026-01-28 18:48:01,2026-01-28 15:48:01,Nevados de Chillan,VIIRS,0.0,0.0,RUTINA,NULO,No descargada,2026-01-28 18:50:38,2026-01-29 04:45:37,NO
1769625000,2026-01-28 18:30:00,2026-01-28 15:30:00,Lastarria,VIIRS375,0.0,0.0,RUTINA,NULO,No descargada,2026-01-28 19:05:36,2026-01-28 19:30:40,NO
1769625000,2026-01-28 18:30:00,2026-01-28 15:30:00,Isluga,VIIRS375,0.0,0.0,RUTINA,NULO,No descargada,2026-01-28 19:05:36,2026-01-28 19:45:36,NO
1769625000,2026-01-28 18:30:00,2026-01-28 15:30:00,PlanchonPeteroa,VIIRS,0.0,0.0,RUTINA,NULO,No descargada,2026-01-28 18:35:39,2026-01-28 18:45:40,NO
1769625000,2026-01-28 18:30:00,2026-01-28 15:30:00,Lascar,VIIRS375,0.0,0.0,RUTINA,NULO,No descargada,2026-01-28 19:05:36,2026-01-28 19:45:36,NO
1769625000,2026-01-28 18:30:00,2026-01-28 15:30:00,Lastarria,VIIRS,0.0,0.0,RUTINA,NULO,No descargada,2026-01-28 18:35:39,2026-01-28 18:45:40,NO
1769625000,2026-01-28 18:30:00,2026-01-28 15:30:00,Lascar,VIIRS,0.0,0.0,RUTINA,NULO,No descargada,2026-01-28 18:35:39,2026-01-28 19:00:47,NO
1769625000,2026-01-28 18:30:00,2026-01-28 15:30:00,Isluga,VIIRS,0.0,0.0,RUTINA,NULO,No descargada,2026-01-28 18:35:39,2026-01-28 19:00:47,NO
1769625000,2026-01-28 18:30:00,2026-01-28 15:30:00,PlanchonPeteroa,VIIRS375,0.0,0.0,RUTINA,NULO,No descargada,2026-01-28 19:05:36,2026-01-28 19:30:40,NO
1769624640,2026-01-28 18:24:00,2026-01-28 15:24:00,Llaima,VIIRS,0.0,0.0,RUTINA,NULO,No descargada,2026-01-28 17:35:37,2026-01-28 18:45:40,NO
1769624640,2026-01-28 18:24:00,2026-01-28 15:24:00,Villarrica,VIIRS375,0.0,0.0,RUTINA,NULO,No descargada,2026-01-28 18:50:38,2026-01-28 19:45:36,NO
1769624640,2026-01-28 18:24:00,2026-01-28 15:24:00,Copahue,VIIRS,0.0,0.0,RUTINA,NULO,No descargada,2026-01-28 17:35:37,2026-01-28 18:45:40,NO
1769624640,2026-01-28 18:24:00,2026-01-28 15:24:00,Chaiten,VIIRS375,0.0,0.0,RUTINA,NULO,No descargada,2026-01-28 18:50:38,2026-01-28 19:45:36,NO
1769624640,2026-01-28 18:24:00,2026-01-28 15:24:00,Chaiten,VIIRS,0.0,0.0,RUTINA,NULO,No descargada,2026-01-28 17:35:37,2026-01-28 19:00:47,NO
1769624640,2026-01-28 18:24:00,2026-01-28 15:24:00,Copahue,VIIRS375,0.0,0.0,RUTINA,NULO,No descargada,2026-01-28 18:50:38,2026-01-28 19:45:36,NO
1769624640,2026-01-28 18:24:00,2026-01-28 15:24:00,Villarrica,VIIRS,0.0,0.0,RUTINA,NULO,No descargada,2026-01-28 17:35:37,2026-01-28 19:00:47,NO
1769624640,2026-01-28 18:24:00,2026-01-28 15:24:00,Puyehue-Cordon Caulle,VIIRS,0.0,0.0,RUTINA,NULO,No descargada,2026-01-28 17:35:37,2026-01-28 19:00:47,NO
1769624640,2026-01-28 18:24:00,2026-01-28 15:24:00,Puyehue-Cordon Caulle,VIIRS375,0.0,0.0,RUTINA,NULO,No descargada,2026-01-28 18:50:38,2026-01-28 19:45:36,NO
1769624640,2026-01-28 18:24:00,2026-01-28 15:24:00,Llaima,VIIRS375,0.0,0.0,RUTINA,NULO,No descargada,2026-01-28 18:50:38,2026-01-28 19:45:36,NO
1769620321,2026-01-28 17:12:01,2026-01-28 14:12:01,Lascar,VIIRS375,0.0,0.0,RUTINA,NULO,No descargada,2026-01-28 18:20:38,2026-01-28 19:00:47,NO
1769620321,2026-01-28 17:12:01,2026-01-28 14:12:01,Lascar,VIIRS,0.0,0.0,RUTINA,NULO,No descargada,2026-01-28 17:20:51,2026-01-28 18:30:40,NO
1769605200,2026-01-28 13:00:00,2026-01-28 10:00:00,Chaiten,MODIS,0.0,0.0,RUTINA,NULO,No descargada,2026-01-28 13:50:41,2026-01-28 18:15:40,NO
1769605200,2026-01-28 13:00:00,2026-01-28 10:00:00,Llaima,MODIS,0.0,0.0,RUTINA,NULO,No descargada,2026-01-28 13:50:41,2026-01-28 18:15:40,NO
1769605200,2026-01-28 13:00:00,2026-01-28 10:00:00,Copahue,MODIS,0.0,0.0,RUTINA,NULO,No descargada,2026-01-28 13:50:41,2026-01-28 18:15:40,NO
1769605200,2026-01-28 13:00:00,2026-01-28 10:00:00,Villarrica,MODIS,0.0,0.0,RUTINA,NULO,No descargada,2026-01-28 13:50:41,2026-01-28 18:15:40,NO
1769605200,2026-01-28 13:00:00,2026-01-28 10:00:00,Puyehue-Cordon Caulle,MODIS,0.0,0.0,RUTINA,NULO,No descargada,2026-01-28 13:50:41,2026-01-28 18:15:40,NO
1769605200,2026-01-28 13:00:00,2026-01-28 10:00:00,Nevados de Chillan,MODIS,0.0,0.0,RUTINA,NULO,No descargada,2026-01-28 13:50:41,2026-01-28 18:15:40,NO
1769605200,2026-01-28 13:00:00,2026-01-28 10:00:00,PlanchonPeteroa,MODIS,0.0,0.0,RUTINA,NULO,No descargada,2026-01-28 13:50:41,2026-01-28 18:15:40,NO
1769604900,2026-01-28 12:55:00,2026-01-28 09:55:00,Isluga,MODIS,0.0,0.0,RUTINA,NULO,No descargada,2026-01-28 13:50:41,2026-01-28 20:00:42,NO
1769604900,2026-01-28 12:55:00,2026-01-28 09:55:00,Lastarria,MODIS,0.0,0.0,RUTINA,NULO,No descargada,2026-01-28 13:50:41,2026-01-28 20:00:42,NO
1769604900,2026-01-28 12:55:00,2026-01-28 09:55:00,Lascar,MODIS,0.0,0.0,RUTINA,NULO,No descargada,2026-01-28 13:50:41,2026-01-28 20:00:42,NO
1769587200,2026-01-28 08:00:00,2026-01-28 05:00:00,Chaiten,MODIS,0.0,0.0,RUTINA,NULO,No descargada,2026-01-28 12:20:38,2026-01-28 13:45:39,NO
1769586900,2026-01-28 07:55:00,2026-01-28 04:55:00,Llaima,MODIS,0.0,0.0,RUTINA,NULO,No descargada,2026-01-28 12:20:38,2026-01-28 13:45:39,NO
1769586900,2026-01-28 07:55:00,2026-01-28 04:55:00,PlanchonPeteroa,MODIS,0.0,0.0,RUTINA,NULO,No descargada,2026-01-28 12:20:38,2026-01-28 13:45:39,NO
1769586900,2026-01-28 07:55:00,2026-01-28 04:55:00,Puyehue-Cordon Caulle,MODIS,0.0,0.0,RUTINA,NULO,No descargada,2026-01-28 12:20:38,2026-01-28 13:45:39,NO
1769586900,2026-01-28 07:55:00,2026-01-28 04:55:00,Villarrica,MODIS,0.0,0.0,RUTINA,NULO,No descargada,2026-01-28 12:20:38,2026-01-28 13:45:39,NO
1769586900,2026-01-28 07:55:00,2026-01-28 04:55:00,Copahue,MODIS,0.0,0.0,RUTINA,NULO,No descargada,2026-01-28 12:20:38,2026-01-28 13:45:39,NO
1769586900,2026-01-28 07:55:00,2026-01-28 04:55:00,Lastarria,MODIS,0.0,0.0,RUTINA,NULO,No descargada,2026-01-28 12:20:38,2026-01-28 13:45:39,NO
1769586900,2026-01-28 07:55:00,2026-01-28 04:55:00,Nevados de Chillan,MODIS,0.0,0.0,RUTINA,NULO,No descargada,2026-01-28 12:20:38,2026-01-28 13:45:39,NO
1769586600,2026-01-28 07:50:00,2026-01-28 04:50:00,Isluga,MODIS,0.0,0.0,RUTINA,NULO,No descargada,2026-01-28 12:20:38,2026-01-28 13:45:39,NO
1769586600,2026-01-28 07:50:00,2026-01-28 04:50:00,Lascar,MODIS,0.0,0.0,RUTINA,NULO,No descargada,2026-01-28 12:20:38,2026-01-28 13:45:39,NO
1769581801,2026-01-28 06:30:01,2026-01-28 03:30:01,Puyehue-Cordon Caulle,VIIRS,0.0,0.0,RUTINA,NULO,No descargada,2026-01-28 07:25:39,2026-01-28 17:30:45,NO
1769581801,2026-01-28 06:30:01,2026-01-28 03:30:01,Nevados de Chillan,VIIRS,0.0,0.0,RUTINA,NULO,No descargada,2026-01-28 07:25:39,2026-01-28 18:45:40,NO
1769581801,2026-01-28 06:30:01,2026-01-28 03:30:01,Chaiten,VIIRS,0.0,0.0,RUTINA,NULO,No descargada,2026-01-28 07:25:39,2026-01-28 17:30:45,NO
1769581801,2026-01-28 06:30:01,2026-01-28 03:30:01,Villarrica,VIIRS375,0.0,0.0,RUTINA,NULO,No descargada,2026-01-28 07:25:39,2026-01-28 18:45:40,NO
1769581801,2026-01-28 06:30:01,2026-01-28 03:30:01,Llaima,VIIRS,0.0,0.0,RUTINA,NULO,No descargada,2026-01-28 07:25:39,2026-01-28 17:30:45,NO
1769581801,2026-01-28 06:30:01,2026-01-28 03:30:01,Puyehue-Cordon Caulle,VIIRS375,0.0,0.0,RUTINA,NULO,No descargada,2026-01-28 07:25:39,2026-01-28 18:45:40,NO
1769581801,2026-01-28 06:30:01,2026-01-28 03:30:01,Llaima,VIIRS375,0.0,0.0,RUTINA,NULO,No descargada,2026-01-28 07:25:39,2026-01-28 18:45:40,NO
1769581801,2026-01-28 06:30:01,2026-01-28 03:30:01,Villarrica,VIIRS,0.0,0.0,RUTINA,NULO,No descargada,2026-01-28 07:25:39,2026-01-28 17:30:45,NO
1769581801,2026-01-28 06:30:01,2026-01-28 03:30:01,Chaiten,VIIRS375,0.0,0.0,RUTINA,NULO,No descargada,2026-01-28 07:25:39,2026-01-28 18:45:40,NO
1769581801,2026-01-28 06:30:01,2026-01-28 03:30:01,Copahue,VIIRS375,0.0,0.0,RUTINA,NULO,No descargada,2026-01-28 07:25:39,2026-01-28 18:45:40,NO
1769581801,2026-01-28 06:30:01,2026-01-28 03:30:01,Copahue,VIIRS,0.0,0.0,RUTINA,NULO,No descargada,2026-01-28 07:25:39,2026-01-28 17:30:45,NO
1769581801,2026-01-28 06:30:01,2026-01-28 03:30:01,Nevados de Chillan,VIIRS375,0.0,0.0,RUTINA,NULO,No descargada,2026-01-28 07:25:39,2026-01-28 19:00:47,NO
1769581441,2026-01-28 06:24:01,2026-01-28 03:24:01,Lascar,VIIRS,0.0,0.0,RUTINA,NULO,No descargada,2026-01-28 07:25:39,2026-01-28 17:15:45,NO
1769581441,2026-01-28 06:24:01,2026-01-28 03:24:01,Isluga,VIIRS375,0.0,0.0,RUTINA,NULO,No descargada,2026-01-28 07:25:39,2026-01-28 19:00:47,NO
1769581441,2026-01-28 06:24:01,2026-01-28 03:24:01,Lastarria,VIIRS,0.0,0.0,RUTINA,NULO,No descargada,2026-01-28 07:25:39,2026-01-28 18:30:40,NO
1769581441,2026-01-28 06:24:01,2026-01-28 03:24:01,Lascar,VIIRS375,0.0,0.0,RUTINA,NULO,No descargada,2026-01-28 07:25:39,2026-01-28 18:15:40,NO
1769581441,2026-01-28 06:24:01,2026-01-28 03:24:01,PlanchonPeteroa,VIIRS,0.0,0.0,RUTINA,NULO,No descargada,2026-01-28 07:25:39,2026-01-28 18:30:40,NO
1769581441,2026-01-28 06:24:01,2026-01-28 03:24:01,PlanchonPeteroa,VIIRS375,0.0,0.0,RUTINA,NULO,No descargada,2026-01-28 07:25:39,2026-01-28 19:00:47,NO
1769581441,2026-01-28 06:24:01,2026-01-28 03:24:01,Isluga,VIIRS,0.0,0.0,RUTINA,NULO,No descargada,2026-01-28 07:25:39,2026-01-28 18:30:40,NO
1769581441,2026-01-28 06:24:01,2026-01-28 03:24:01,Lastarria,VIIRS375,0.13,1.55,ALERTA_TERMICA,Muy Bajo,imagenes_satelitales/Lastarria/2026-01-28/06-24-01_Lastarria_VIIRS375_Latest.png,2026-01-28 07:25:39,2026-01-28 19:00:47,NO
1769575681,2026-01-28 04:48:01,2026-01-28 01:48:01,Nevados de Chillan,VIIRS375,0.0,0.0,RUTINA,NULO,No descargada,2026-01-28 05:35:37,2026-01-28 07:20:39,NO
1769575681,2026-01-28 04:48:01,2026-01-28 01:48:01,Villarrica,VIIRS375,0.0,0.0,RUTINA,NULO,No descargada,2026-01-28 05:35:37,2026-01-28 07:20:39,NO
1769575681,2026-01-28 04:48:01,2026-01-28 01:48:01,Chaiten,VIIRS,0.0,0.0,RUTINA,NULO,No descargada,2026-01-28 05:35:37,2026-01-28 07:20:39,NO
1769575681,2026-01-28 04:48:01,2026-01-28 01:48:01,Llaima,VIIRS,0.0,0.0,RUTINA,NULO,No descargada,2026-01-28 05:35:37,2026-01-28 07:20:39,NO
1769575681,2026-01-28 04:48:01,2026-01-28 01:48:01,Nevados de Chillan,VIIRS,0.0,0.0,RUTINA,NULO,No descargada,2026-01-28 05:35:37,2026-01-28 07:20:39,NO
1769575681,2026-01-28 04:48:01,2026-01-28 01:48:01,Villarrica,VIIRS,0.0,0.0,RUTINA,NULO,No descargada,2026-01-28 05:35:37,2026-01-28 07:20:39,NO
1769575681,2026-01-28 04:48:01,2026-01-28 01:48:01,Copahue,VIIRS375,0.0,0.0,RUTINA,NULO,No descargada,2026-01-28 05:35:37,2026-01-28 07:20:39,NO
1769575681,2026-01-28 04:48:01,2026-01-28 01:48:01,PlanchonPeteroa,VIIRS375,0.0,0.0,RUTINA,NULO,No descargada,2026-01-28 05:35:37,2026-01-28 07:20:39,NO
1769575681,2026-01-28 04:48:01,2026-01-28 01:48:01,Puyehue-Cordon Caulle,VIIRS,0.0,0.0,RUTINA,NULO,No descargada,2026-01-28 05:35:37,2026-01-28 07:20:39,NO
1769575681,2026-01-28 04:48:01,2026-01-28 01:48:01,Chaiten,VIIRS375,0.0,0.0,RUTINA,NULO,No descargada,2026-01-28 05:35:37,2026-01-28 07:20:39,NO
1769575681,2026-01-28 04:48:01,2026-01-28 01:48:01,Llaima,VIIRS375,0.0,0.0,RUTINA,NULO,No descargada,2026-01-28 05:35:37,2026-01-28 07:20:39,NO
1769575681,2026-01-28 04:48:01,2026-01-28 01:48:01,Puyehue-Cordon Caulle,VIIRS375,0.0,0.0,RUTINA,NULO,No descargada,2026-01-28 05:35:37,2026-01-28 07:20:39,NO
1769575681,2026-01-28 04:48:01,2026-01-28 01:48:01,Copahue,VIIRS,0.0,0.0,RUTINA,NULO,No descargada,2026-01-28 05:35:37,2026-01-28 07:20:39,NO
1769575681,2026-01-28 04:48:01,2026-01-28 01:48:01,PlanchonPeteroa,VIIRS,0.0,0.0,RUTINA,NULO,No descargada,2026-01-28 05:35:37,2026-01-28 07:20:39,NO
1769575321,2026-01-28 04:42:01,2026-01-28 01:42:01,Lascar,VIIRS,0.0,0.0,RUTINA,NULO,No descargada,2026-01-28 05:35:37,2026-01-28 07:20:39,NO
1769575321,2026-01-28 04:42:01,2026-01-28 01:42:01,Lastarria,VIIRS,0.0,0.0,RUTINA,NULO,No descargada,2026-01-28 05:35:37,2026-01-28 07:20:39,NO
1769575321,2026-01-28 04:42:01,2026-01-28 01:42:01,Lascar,VIIRS375,0.71,10.93,FALSO_POSITIVO,NULO,No descargada,2026-01-28 05:35:37,2026-01-28 07:20:39,NO
1769575321,2026-01-28 04:42:01,2026-01-28 01:42:01,Lastarria,VIIRS375,0.0,0.0,RUTINA,NULO,No descargada,2026-01-28 05:35:37,2026-01-28 07:20:39,NO
1769565600,2026-01-28 02:00:00,2026-01-27 23:00:00,PlanchonPeteroa,MODIS,0.0,0.0,RUTINA,NULO,No descargada,2026-01-28 08:50:40,2026-01-28 12:15:40,NO
1769565600,2026-01-28 02:00:00,2026-01-27 23:00:00,Nevados de Chillan,MODIS,0.0,0.0,RUTINA,NULO,No descargada,2026-01-28 08:50:40,2026-01-28 12:15:40,NO
1769565600,2026-01-28 02:00:00,2026-01-27 23:00:00,Lastarria,MODIS,0.0,0.0,RUTINA,NULO,No descargada,2026-01-28 08:50:40,2026-01-28 12:15:40,NO
1769565600,2026-01-28 02:00:00,2026-01-27 23:00:00,Lascar,MODIS,0.0,0.0,RUTINA,NULO,No descargada,2026-01-28 08:50:40,2026-01-28 12:15:40,NO
1769565600,2026-01-28 02:00:00,2026-01-27 23:00:00,Isluga,MODIS,0.0,0.0,RUTINA,NULO,No descargada,2026-01-28 08:50:40,2026-01-28 12:15:40,NO
1769565300,2026-01-28 01:55:00,2026-01-27 22:55:00,Llaima,MODIS,0.0,0.0,RUTINA,NULO,No descargada,2026-01-28 08:35:39,2026-01-28 12:15:40,NO
1769565300,2026-01-28 01:55:00,2026-01-27 22:55:00,Chaiten,MODIS,0.0,0.0,RUTINA,NULO,No descargada,2026-01-28 08:50:40,2026-01-28 12:15:40,NO
1769565300,2026-01-28 01:55:00,2026-01-27 22:55:00,Copahue,MODIS,0.0,0.0,RUTINA,NULO,No descargada,2026-01-28 08:35:39,2026-01-28 12:15:40,NO
1769565300,2026-01-28 01:55:00,2026-01-27 22:55:00,Villarrica,MODIS,0.0,0.0,RUTINA,NULO,No descargada,2026-01-28 08:35:39,2026-01-28 12:15:40,NO
1769565300,2026-01-28 01:55:00,2026-01-27 22:55:00,Puyehue-Cordon Caulle,MODIS,0.0,0.0,RUTINA,NULO,No descargada,2026-01-28 08:35:39,2026-01-28 12:15:40,NO
1769547300,2026-01-27 20:55:00,2026-01-27 17:55:00,Villarrica,MODIS,0.0,0.0,RUTINA,NULO,No descargada,2026-01-28 07:25:39,2026-01-28 08:30:37,NO
1769547300,2026-01-27 20:55:00,2026-01-27 17:55:00,Chaiten,MODIS,0.0,0.0,RUTINA,NULO,No descargada,2026-01-28 07:25:39,2026-01-28 08:45:38,NO
1769547300,2026-01-27 20:55:00,2026-01-27 17:55:00,Llaima,MODIS,0.0,0.0,RUTINA,NULO,No descargada,2026-01-28 07:25:39,2026-01-28 08:30:37,NO
1769547300,2026-01-27 20:55:00,2026-01-27 17:55:00,Nevados de Chillan,MODIS,0.0,0.0,RUTINA,NULO,No descargada,2026-01-28 07:25:39,2026-01-28 08:45:38,NO
1769547300,2026-01-27 20:55:00,2026-01-27 17:55:00,Copahue,MODIS,0.0,0.0,RUTINA,NULO,No descargada,2026-01-28 07:25:39,2026-01-28 08:30:37,NO
1769547300,2026-01-27 20:55:00,2026-01-27 17:55:00,Puyehue-Cordon Caulle,MODIS,0.0,0.0,RUTINA,NULO,No descargada,2026-01-28 07:25:39,2026-01-28 08:30:37,NO
1769547300,2026-01-27 20:55:00,2026-01-27 17:55:00,PlanchonPeteroa,MODIS,0.0,0.0,RUTINA,NULO,No descargada,2026-01-28 07:25:39,2026-01-28 08:45:38,NO
1769541600,2026-01-27 19:20:00,2026-01-27 16:20:00,Lastarria,MODIS,0.0,0.0,RUTINA,NULO,No descargada,2026-01-28 07:25:39,2026-01-28 08:45:38,NO
1769541600,2026-01-27 19:20:00,2026-01-27 16:20:00,Isluga,MODIS,0.0,0.0,RUTINA,NULO,No descargada,2026-01-28 07:25:39,2026-01-28 08:45:38,NO
1769541600,2026-01-27 19:20:00,2026-01-27 16:20:00,Lascar,MODIS,0.0,0.0,RUTINA,NULO,No descargada,2026-01-28 07:25:39,2026-01-28 08:45:38,NO
1769541121,2026-01-27 19:12:01,2026-01-27 16:12:01,Lastarria,VIIRS375,0.0,0.0,RUTINA,NULO,No descargada,2026-01-27 20:05:38,2026-01-28 05:30:39,NO
1769541121,2026-01-27 19:12:01,2026-01-27 16:12:01,Lascar,VIIRS375,0.0,0.0,RUTINA,NULO,No descargada,2026-01-27 20:05:38,2026-01-28 05:30:39,NO
1769541121,2026-01-27 19:12:01,2026-01-27 16:12:01,Lastarria,VIIRS,0.0,0.0,RUTINA,NULO,No descargada,2026-01-27 19:35:36,2026-01-28 05:30:39,NO
1769541121,2026-01-27 19:12:01,2026-01-27 16:12:01,Lascar,VIIRS,0.0,0.0,RUTINA,NULO,No descargada,2026-01-27 19:35:36,2026-01-28 05:30:39,NO
1769540761,2026-01-27 19:06:01,2026-01-27 16:06:01,Nevados de Chillan,VIIRS375,0.0,0.0,RUTINA,NULO,No descargada,2026-01-27 20:05:38,2026-01-28 05:30:39,NO
1769540761,2026-01-27 19:06:01,2026-01-27 16:06:01,Chaiten,VIIRS,0.0,0.0,RUTINA,NULO,No descargada,2026-01-27 19:20:41,2026-01-28 05:30:39,NO
1769540761,2026-01-27 19:06:01,2026-01-27 16:06:01,Puyehue-Cordon Caulle,VIIRS375,0.0,0.0,RUTINA,NULO,No descargada,2026-01-27 20:05:38,2026-01-28 05:30:39,NO
1769540761,2026-01-27 19:06:01,2026-01-27 16:06:01,PlanchonPeteroa,VIIRS,0.0,0.0,RUTINA,NULO,No descargada,2026-01-27 19:20:41,2026-01-28 05:30:39,NO
1769540761,2026-01-27 19:06:01,2026-01-27 16:06:01,Villarrica,VIIRS375,0.0,0.0,RUTINA,NULO,No descargada,2026-01-27 20:05:38,2026-01-28 05:30:39,NO
1769540761,2026-01-27 19:06:01,2026-01-27 16:06:01,Villarrica,VIIRS,0.0,0.0,RUTINA,NULO,No descargada,2026-01-27 19:20:41,2026-01-28 05:30:39,NO
1769540761,2026-01-27 19:06:01,2026-01-27 16:06:01,Chaiten,VIIRS375,0.0,0.0,RUTINA,NULO,No descargada,2026-01-27 20:05:38,2026-01-28 05:30:39,NO
1769540761,2026-01-27 19:06:01,2026-01-27 16:06:01,PlanchonPeteroa,VIIRS375,0.0,0.0,RUTINA,NULO,No descargada,2026-01-27 20:05:38,2026-01-28 05:30:39,NO
1769540761,2026-01-27 19:06:01,2026-01-27 16:06:01,Llaima,VIIRS,0.0,0.0,RUTINA,NULO,No descargada,2026-01-27 19:20:41,2026-01-28 05:30:39,NO
1769540761,2026-01-27 19:06:01,2026-01-27 16:06:01,Copahue,VIIRS375,0.0,0.0,RUTINA,NULO,No descargada,2026-01-27 20:05:38,2026-01-28 05:30:39,NO
1769540761,2026-01-27 19:06:01,2026-01-27 16:06:01,Puyehue-Cordon Caulle,VIIRS,0.0,0.0,RUTINA,NULO,No descargada,2026-01-27 19:20:41,2026-01-28 05:30:39,NO
1769540761,2026-01-27 19:06:01,2026-01-27 16:06:01,Copahue,VIIRS,0.0,0.0,RUTINA,NULO,No descargada,2026-01-27 19:20:41,2026-01-28 05:30:39,NO
1769540761,2026-01-27 19:06:01,2026-01-27 16:06:01,Llaima,VIIRS375,0.0,0.0,RUTINA,NULO,No descargada,2026-01-27 20:05:38,2026-01-28 05:30:39,NO
1769540761,2026-01-27 19:06:01,2026-01-27 16:06:01,Nevados de Chillan,VIIRS,0.0,0.0,RUTINA,NULO,No descargada,2026-01-27 19:20:41,2026-01-28 05:30:39,NO
1769539680,2026-01-27 18:48:00,2026-01-27 15:48:00,Llaima,VIIRS375,0.0,0.0,RUTINA,NULO,No descargada,2026-01-27 19:20:41,2026-01-27 20:00:40,NO
1769539680,2026-01-27 18:48:00,2026-01-27 15:48:00,Lastarria,VIIRS,0.0,0.0,RUTINA,NULO,No descargada,2026-01-27 18:35:39,2026-01-27 19:30:42,NO
1769539680,2026-01-27 18:48:00,2026-01-27 15:48:00,Lascar,VIIRS,0.0,0.0,RUTINA,NULO,No descargada,2026-01-27 18:35:39,2026-01-27 19:30:42,NO
1769539680,2026-01-27 18:48:00,2026-01-27 15:48:00,Copahue,VIIRS375,0.0,0.0,RUTINA,NULO,No descargada,2026-01-27 19:20:41,2026-01-27 20:00:40,NO
1769539680,2026-01-27 18:48:00,2026-01-27 15:48:00,Lastarria,VIIRS375,0.0,0.0,RUTINA,NULO,No descargada,2026-01-27 19:20:41,2026-01-27 20:00:40,NO
1769539680,2026-01-27 18:48:00,2026-01-27 15:48:00,Copahue,VIIRS,0.0,0.0,RUTINA,NULO,No descargada,2026-01-27 18:35:39,2026-01-27 19:15:40,NO
1769539680,2026-01-27 18:48:00,2026-01-27 15:48:00,Lascar,VIIRS375,0.0,0.0,RUTINA,NULO,No descargada,2026-01-27 19:20:41,2026-01-27 20:00:40,NO
1769539680,2026-01-27 18:48:00,2026-01-27 15:48:00,PlanchonPeteroa,VIIRS375,0.0,0.0,RUTINA,NULO,No descargada,2026-01-27 19:20:41,2026-01-27 20:00:40,NO
1769539680,2026-01-27 18:48:00,2026-01-27 15:48:00,Llaima,VIIRS,0.0,0.0,RUTINA,NULO,No descargada,2026-01-27 18:35:39,2026-01-27 19:15:40,NO
1769539680,2026-01-27 18:48:00,2026-01-27 15:48:00,Isluga,VIIRS,0.0,0.0,RUTINA,NULO,No descargada,2026-01-27 18:35:39,2026-01-28 07:20:39,NO
1769539680,2026-01-27 18:48:00,2026-01-27 15:48:00,Isluga,VIIRS375,0.0,0.0,RUTINA,NULO,No descargada,2026-01-27 19:20:41,2026-01-28 07:20:39,NO
1769539680,2026-01-27 18:48:00,2026-01-27 15:48:00,Nevados de Chillan,VIIRS,0.0,0.0,RUTINA,NULO,No descargada,2026-01-27 18:35:39,2026-01-27 19:15:40,NO
1769539680,2026-01-27 18:48:00,2026-01-27 15:48:00,PlanchonPeteroa,VIIRS,0.0,0.0,RUTINA,NULO,No descargada,2026-01-27 18:35:39,2026-01-27 19:15:40,NO
1769539680,2026-01-27 18:48:00,2026-01-27 15:48:00,Nevados de Chillan,VIIRS375,0.0,0.0,RUTINA,NULO,No descargada,2026-01-27 19:20:41,2026-01-27 20:00:40,NO
1769539320,2026-01-27 18:42:00,2026-01-27 15:42:00,Chaiten,VIIRS,0.6,26.03,FALSO_POSITIVO,NULO,No descargada,2026-01-27 18:35:39,2026-01-27 19:15:40,NO
1769539320,2026-01-27 18:42:00,2026-01-27 15:42:00,Puyehue-Cordon Caulle,VIIRS,0.0,0.0,RUTINA,NULO,No descargada,2026-01-27 18:35:39,2026-01-27 19:15:40,NO
1769539320,2026-01-27 18:42:00,2026-01-27 15:42:00,Puyehue-Cordon Caulle,VIIRS375,0.0,0.0,RUTINA,NULO,No descargada,2026-01-27 19:20:41,2026-01-27 20:00:40,NO
1769539320,2026-01-27 18:42:00,2026-01-27 15:42:00,Chaiten,VIIRS375,0.0,0.0,RUTINA,NULO,No descargada,2026-01-27 19:20:41,2026-01-27 20:00:40,NO
1769535001,2026-01-27 17:30:01,2026-01-27 14:30:01,Lascar,VIIRS375,0.0,0.0,RUTINA,NULO,No descargada,2026-01-27 18:50:41,2026-01-27 19:15:40,NO
1769535001,2026-01-27 17:30:01,2026-01-27 14:30:01,Isluga,VIIRS,0.0,0.0,RUTINA,NULO,No descargada,2026-01-27 18:05:39,2026-01-27 18:30:41,NO
1769535001,2026-01-27 17:30:01,2026-01-27 14:30:01,Lastarria,VIIRS375,0.0,0.0,RUTINA,NULO,No descargada,2026-01-27 18:50:41,2026-01-27 19:15:40,NO
1769535001,2026-01-27 17:30:01,2026-01-27 14:30:01,Isluga,VIIRS375,0.0,0.0,RUTINA,NULO,No descargada,2026-01-27 18:50:41,2026-01-27 19:15:40,NO
1769535001,2026-01-27 17:30:01,2026-01-27 14:30:01,Lastarria,VIIRS,0.0,0.0,RUTINA,NULO,No descargada,2026-01-27 18:05:39,2026-01-27 18:30:41,NO
1769535001,2026-01-27 17:30:01,2026-01-27 14:30:01,Lascar,VIIRS,0.0,0.0,RUTINA,NULO,No descargada,2026-01-27 18:05:39,2026-01-27 18:30:41,NO
1769534641,2026-01-27 17:24:01,2026-01-27 14:24:01,Copahue,VIIRS,0.0,0.0,RUTINA,NULO,No descargada,2026-01-27 17:50:34,2026-01-27 18:30:41,NO
1769534641,2026-01-27 17:24:01,2026-01-27 14:24:01,PlanchonPeteroa,VIIRS375,0.0,0.0,RUTINA,NULO,No descargada,2026-01-27 18:35:39,2026-01-27 19:15:40,NO
1769534641,2026-01-27 17:24:01,2026-01-27 14:24:01,Copahue,VIIRS375,0.0,0.0,RUTINA,NULO,No descargada,2026-01-27 18:50:41,2026-01-27 19:15:40,NO
1769534641,2026-01-27 17:24:01,2026-01-27 14:24:01,Nevados de Chillan,VIIRS,0.0,0.0,RUTINA,NULO,No descargada,2026-01-27 17:50:34,2026-01-27 18:30:41,NO
1769534641,2026-01-27 17:24:01,2026-01-27 14:24:01,PlanchonPeteroa,VIIRS,0.0,0.0,RUTINA,NULO,No descargada,2026-01-27 17:50:34,2026-01-27 18:30:41,NO
1769534641,2026-01-27 17:24:01,2026-01-27 14:24:01,Nevados de Chillan,VIIRS375,0.0,0.0,RUTINA,NULO,No descargada,2026-01-27 18:35:39,2026-01-27 19:15:40,NO
1769522400,2026-01-27 14:00:00,2026-01-27 11:00:00,Copahue,MODIS,0.0,0.0,RUTINA,NULO,No descargada,2026-01-27 17:35:39,2026-01-28 07:20:39,NO
1769522400,2026-01-27 14:00:00,2026-01-27 11:00:00,Llaima,MODIS,0.0,0.0,RUTINA,NULO,No descargada,2026-01-27 17:35:39,2026-01-28 07:20:39,NO
1769522400,2026-01-27 14:00:00,2026-01-27 11:00:00,PlanchonPeteroa,MODIS,0.0,0.0,RUTINA,NULO,No descargada,2026-01-27 17:35:39,2026-01-28 07:20:39,NO
1769522400,2026-01-27 14:00:00,2026-01-27 11:00:00,Nevados de Chillan,MODIS,0.0,0.0,RUTINA,NULO,No descargada,2026-01-27 17:35:39,2026-01-28 07:20:39,NO
1769522400,2026-01-27 14:00:00,2026-01-27 11:00:00,Chaiten,MODIS,0.0,0.0,RUTINA,NULO,No descargada,2026-01-27 17:35:39,2026-01-28 07:20:39,NO
1769522400,2026-01-27 14:00:00,2026-01-27 11:00:00,Puyehue-Cordon Caulle,MODIS,0.0,0.0,RUTINA,NULO,No descargada,2026-01-27 17:35:39,2026-01-28 07:20:39,NO
1769522400,2026-01-27 14:00:00,2026-01-27 11:00:00,Villarrica,MODIS,0.0,0.0,RUTINA,NULO,No descargada,2026-01-27 17:35:39,2026-01-28 07:20:39,NO
1769522100,2026-01-27 13:55:00,2026-01-27 10:55:00,Lastarria,MODIS,0.0,0.0,RUTINA,NULO,No descargada,2026-01-27 17:20:38,2026-01-28 07:20:39,NO
1769522100,2026-01-27 13:55:00,2026-01-27 10:55:00,Lascar,MODIS,0.0,0.0,RUTINA,NULO,No descargada,2026-01-27 17:20:38,2026-01-28 07:20:39,NO
1769522100,2026-01-27 13:55:00,2026-01-27 10:55:00,Isluga,MODIS,0.0,0.0,RUTINA,NULO,No descargada,2026-01-27 17:20:38,2026-01-28 07:20:39,NO
1769516400,2026-01-27 12:20:00,2026-01-27 09:20:00,Chaiten,MODIS,0.0,0.0,RUTINA,NULO,No descargada,2026-01-27 12:20:42,2026-01-27 17:30:38,NO
1769498400,2026-01-27 07:20:00,2026-01-27 04:20:00,Puyehue-Cordon Caulle,MODIS,0.0,0.0,RUTINA,NULO,No descargada,2026-01-27 07:05:38,2026-01-27 17:30:38,NO
1769498400,2026-01-27 07:20:00,2026-01-27 04:20:00,Llaima,MODIS,0.0,0.0,RUTINA,NULO,No descargada,2026-01-27 07:05:38,2026-01-27 17:30:38,NO
1769498400,2026-01-27 07:20:00,2026-01-27 04:20:00,Chaiten,MODIS,0.0,0.0,RUTINA,NULO,No descargada,2026-01-27 07:05:38,2026-01-27 12:15:44,NO
1769498400,2026-01-27 07:20:00,2026-01-27 04:20:00,PlanchonPeteroa,MODIS,0.0,0.0,RUTINA,NULO,No descargada,2026-01-27 07:05:38,2026-01-27 17:30:38,NO
1769498400,2026-01-27 07:20:00,2026-01-27 04:20:00,Nevados de Chillan,MODIS,0.0,0.0,RUTINA,NULO,No descargada,2026-01-27 07:05:38,2026-01-27 17:30:38,NO
1769498400,2026-01-27 07:20:00,2026-01-27 04:20:00,Villarrica,MODIS,0.0,0.0,RUTINA,NULO,No descargada,2026-01-27 07:05:38,2026-01-27 17:30:38,NO
1769498400,2026-01-27 07:20:00,2026-01-27 04:20:00,Copahue,MODIS,0.0,0.0,RUTINA,NULO,No descargada,2026-01-27 07:05:38,2026-01-27 17:30:38,NO
1769498100,2026-01-27 07:15:00,2026-01-27 04:15:00,Lascar,MODIS,0.0,0.0,RUTINA,NULO,No descargada,2026-01-27 07:05:38,2026-01-27 17:15:39,NO
1769498100,2026-01-27 07:15:00,2026-01-27 04:15:00,Isluga,MODIS,0.0,0.0,RUTINA,NULO,No descargada,2026-01-27 07:05:38,2026-01-27 17:15:39,NO
1769498100,2026-01-27 07:15:00,2026-01-27 04:15:00,Lastarria,MODIS,0.0,0.0,RUTINA,NULO,No descargada,2026-01-27 07:05:38,2026-01-27 17:15:39,NO
1769496481,2026-01-27 06:48:01,2026-01-27 03:48:01,PlanchonPeteroa,VIIRS,0.0,0.0,RUTINA,NULO,No descargada,2026-01-27 08:20:39,2026-01-27 17:45:37,NO
1769496481,2026-01-27 06:48:01,2026-01-27 03:48:01,Puyehue-Cordon Caulle,VIIRS,0.0,0.0,RUTINA,NULO,No descargada,2026-01-27 08:35:37,2026-01-27 18:30:41,NO
1769496481,2026-01-27 06:48:01,2026-01-27 03:48:01,Llaima,VIIRS375,0.0,0.0,RUTINA,NULO,No descargada,2026-01-27 09:20:39,2026-01-27 19:15:40,NO
1769496481,2026-01-27 06:48:01,2026-01-27 03:48:01,Chaiten,VIIRS,0.0,0.0,RUTINA,NULO,No descargada,2026-01-27 08:35:37,2026-01-27 18:30:41,NO
1769496481,2026-01-27 06:48:01,2026-01-27 03:48:01,Chaiten,VIIRS375,0.0,0.0,RUTINA,NULO,No descargada,2026-01-27 09:20:39,2026-01-27 19:15:40,NO
1769496481,2026-01-27 06:48:01,2026-01-27 03:48:01,Llaima,VIIRS,0.0,0.0,RUTINA,NULO,No descargada,2026-01-27 08:35:37,2026-01-27 18:30:41,NO
1769496481,2026-01-27 06:48:01,2026-01-27 03:48:01,Copahue,VIIRS,0.0,0.0,RUTINA,NULO,No descargada,2026-01-27 08:35:37,2026-01-27 17:45:37,NO
1769496481,2026-01-27 06:48:01,2026-01-27 03:48:01,Villarrica,VIIRS375,0.0,0.0,RUTINA,NULO,No descargada,2026-01-27 09:20:39,2026-01-27 19:15:40,NO
1769496481,2026-01-27 06:48:01,2026-01-27 03:48:01,Nevados de Chillan,VIIRS375,0.0,0.0,RUTINA,NULO,No descargada,2026-01-27 09:20:39,2026-01-27 18:30:41,NO
1769496481,2026-01-27 06:48:01,2026-01-27 03:48:01,Nevados de Chillan,VIIRS,0.0,0.0,RUTINA,NULO,No descargada,2026-01-27 08:20:39,2026-01-27 17:45:37,NO
1769496481,2026-01-27 06:48:01,2026-01-27 03:48:01,Villarrica,VIIRS,0.0,0.0,RUTINA,NULO,No descargada,2026-01-27 08:35:37,2026-01-27 19:15:40,NO
1769496481,2026-01-27 06:48:01,2026-01-27 03:48:01,PlanchonPeteroa,VIIRS375,0.0,0.0,RUTINA,NULO,No descargada,2026-01-27 09:20:39,2026-01-27 18:30:41,NO
1769496481,2026-01-27 06:48:01,2026-01-27 03:48:01,Puyehue-Cordon Caulle,VIIRS375,0.0,0.0,RUTINA,NULO,No descargada,2026-01-27 09:20:39,2026-01-27 19:00:40,NO
1769496481,2026-01-27 06:48:01,2026-01-27 03:48:01,Copahue,VIIRS375,0.0,0.0,RUTINA,NULO,No descargada,2026-01-27 09:20:39,2026-01-27 18:45:59,NO
1769496121,2026-01-27 06:42:01,2026-01-27 03:42:01,Isluga,VIIRS,0.0,0.0,RUTINA,NULO,No descargada,2026-01-27 08:20:39,2026-01-27 18:00:38,NO
1769496121,2026-01-27 06:42:01,2026-01-27 03:42:01,Isluga,VIIRS375,0.0,0.0,RUTINA,NULO,No descargada,2026-01-27 09:20:39,2026-01-27 18:45:59,NO
1769495040,2026-01-27 06:24:00,2026-01-27 03:24:00,Lastarria,VIIRS375,0.17,2.4,ALERTA_TERMICA,Muy Bajo,imagenes_satelitales/Lastarria/2026-01-27/06-24-00_Lastarria_VIIRS375_Latest.png,2026-01-27 10:05:38,2026-01-27 18:45:59,NO
1769495040,2026-01-27 06:24:00,2026-01-27 03:24:00,Lastarria,VIIRS,0.0,0.0,RUTINA,NULO,No descargada,2026-01-27 09:05:35,2026-01-27 18:00:38,NO
1769495040,2026-01-27 06:24:00,2026-01-27 03:24:00,Lascar,VIIRS,0.0,0.0,RUTINA,NULO,No descargada,2026-01-27 09:05:35,2026-01-27 18:00:38,NO
1769495040,2026-01-27 06:24:00,2026-01-27 03:24:00,Lascar,VIIRS375,0.0,0.0,RUTINA,NULO,No descargada,2026-01-27 10:05:38,2026-01-27 18:45:59,NO
1769490361,2026-01-27 05:06:01,2026-01-27 02:06:01,Copahue,VIIRS375,0.0,0.0,RUTINA,NULO,No descargada,2026-01-27 07:05:38,2026-01-27 09:15:38,NO
1769490361,2026-01-27 05:06:01,2026-01-27 02:06:01,PlanchonPeteroa,VIIRS,0.0,0.0,RUTINA,NULO,No descargada,2026-01-27 07:35:37,2026-01-27 08:15:37,NO
1769490361,2026-01-27 05:06:01,2026-01-27 02:06:01,PlanchonPeteroa,VIIRS375,0.23,5.3,FALSO_POSITIVO,NULO,No descargada,2026-01-27 07:05:38,2026-01-27 09:15:38,NO
1769490361,2026-01-27 05:06:01,2026-01-27 02:06:01,Llaima,VIIRS,0.0,0.0,RUTINA,NULO,No descargada,2026-01-27 07:35:37,2026-01-27 08:30:38,NO
1769490361,2026-01-27 05:06:01,2026-01-27 02:06:01,Nevados de Chillan,VIIRS,0.0,0.0,RUTINA,NULO,No descargada,2026-01-27 07:35:37,2026-01-27 08:15:37,NO
1769490361,2026-01-27 05:06:01,2026-01-27 02:06:01,Nevados de Chillan,VIIRS375,0.0,0.0,RUTINA,NULO,No descargada,2026-01-27 07:05:38,2026-01-27 09:15:38,NO
1769490361,2026-01-27 05:06:01,2026-01-27 02:06:01,Chaiten,VIIRS,0.0,0.0,RUTINA,NULO,No descargada,2026-01-27 07:35:37,2026-01-27 08:30:38,NO
1769490361,2026-01-27 05:06:01,2026-01-27 02:06:01,Villarrica,VIIRS,0.0,0.0,RUTINA,NULO,No descargada,2026-01-27 07:35:37,2026-01-27 08:30:38,NO
1769490361,2026-01-27 05:06:01,2026-01-27 02:06:01,Chaiten,VIIRS375,0.0,0.0,RUTINA,NULO,No descargada,2026-01-27 07:05:38,2026-01-27 09:15:38,NO
1769490361,2026-01-27 05:06:01,2026-01-27 02:06:01,Puyehue-Cordon Caulle,VIIRS375,0.0,0.0,RUTINA,NULO,No descargada,2026-01-27 07:05:38,2026-01-27 09:15:38,NO
1769490361,2026-01-27 05:06:01,2026-01-27 02:06:01,Copahue,VIIRS,0.0,0.0,RUTINA,NULO,No descargada,2026-01-27 07:35:37,2026-01-27 08:30:38,NO
1769490361,2026-01-27 05:06:01,2026-01-27 02:06:01,Puyehue-Cordon Caulle,VIIRS,0.0,0.0,RUTINA,NULO,No descargada,2026-01-27 07:35:37,2026-01-27 08:30:38,NO
1769490361,2026-01-27 05:06:01,2026-01-27 02:06:01,Llaima,VIIRS375,0.0,0.0,RUTINA,NULO,No descargada,2026-01-27 07:05:38,2026-01-27 09:15:38,NO
1769490361,2026-01-27 05:06:01,2026-01-27 02:06:01,Villarrica,VIIRS375,0.0,0.0,RUTINA,NULO,No descargada,2026-01-27 07:05:38,2026-01-27 09:15:38,NO
1769490001,2026-01-27 05:00:01,2026-01-27 02:00:01,Isluga,VIIRS375,0.0,0.0,RUTINA,NULO,No descargada,2026-01-27 07:05:38,2026-01-27 09:15:38,NO
1769490001,2026-01-27 05:00:01,2026-01-27 02:00:01,Isluga,VIIRS,0.0,0.0,RUTINA,NULO,No descargada,2026-01-27 06:20:38,2026-01-27 08:15:37,NO
1769490001,2026-01-27 05:00:01,2026-01-27 02:00:01,Lascar,VIIRS375,0.48,30.5,FALSO_POSITIVO,NULO,No descargada,2026-01-27 07:05:38,2026-01-27 10:00:44,NO
1769490001,2026-01-27 05:00:01,2026-01-27 02:00:01,Lastarria,VIIRS375,0.0,0.0,RUTINA,NULO,No descargada,2026-01-27 07:05:38,2026-01-27 10:00:44,NO
1769490001,2026-01-27 05:00:01,2026-01-27 02:00:01,Lastarria,VIIRS,0.0,0.0,RUTINA,NULO,No descargada,2026-01-27 06:20:38,2026-01-27 09:00:40,NO
1769490001,2026-01-27 05:00:01,2026-01-27 02:00:01,Lascar,VIIRS,0.0,0.0,RUTINA,NULO,No descargada,2026-01-27 06:20:38,2026-01-27 09:00:40,NO
1769489280,2026-01-27 04:48:00,2026-01-27 01:48:00,Villarrica,VIIRS,0.0,0.0,RUTINA,NULO,No descargada,2026-01-27 07:05:38,2026-01-27 07:30:42,NO
1769489280,2026-01-27 04:48:00,2026-01-27 01:48:00,Puyehue-Cordon Caulle,VIIRS,0.0,0.0,RUTINA,NULO,No descargada,2026-01-27 07:05:38,2026-01-27 07:30:42,NO
1769489280,2026-01-27 04:48:00,2026-01-27 01:48:00,Llaima,VIIRS,0.0,0.0,RUTINA,NULO,No descargada,2026-01-27 07:05:38,2026-01-27 07:30:42,NO
1769489280,2026-01-27 04:48:00,2026-01-27 01:48:00,Copahue,VIIRS,0.0,0.0,RUTINA,NULO,No descargada,2026-01-27 07:05:38,2026-01-27 07:30:42,NO
1769489280,2026-01-27 04:48:00,2026-01-27 01:48:00,Chaiten,VIIRS,0.0,0.0,RUTINA,NULO,No descargada,2026-01-27 07:05:38,2026-01-27 07:30:42,NO
1769489280,2026-01-27 04:48:00,2026-01-27 01:48:00,Nevados de Chillan,VIIRS,0.0,0.0,RUTINA,NULO,No descargada,2026-01-27 07:05:38,2026-01-27 07:30:42,NO
1769488920,2026-01-27 04:42:00,2026-01-27 01:42:00,PlanchonPeteroa,VIIRS,0.0,0.0,RUTINA,NULO,No descargada,2026-01-27 07:05:38,2026-01-27 07:30:42,NO
1769482500,2026-01-27 02:55:00,2026-01-26 23:55:00,Chaiten,MODIS,0.0,0.0,RUTINA,NULO,No descargada,2026-01-27 02:50:38,2026-01-27 07:00:38,NO
1769482500,2026-01-27 02:55:00,2026-01-26 23:55:00,Villarrica,MODIS,0.0,0.0,RUTINA,NULO,No descargada,2026-01-27 02:50:38,2026-01-27 07:00:38,NO
1769482500,2026-01-27 02:55:00,2026-01-26 23:55:00,Llaima,MODIS,0.0,0.0,RUTINA,NULO,No descargada,2026-01-27 02:50:38,2026-01-27 07:00:38,NO
1769482500,2026-01-27 02:55:00,2026-01-26 23:55:00,Nevados de Chillan,MODIS,0.0,0.0,RUTINA,NULO,No descargada,2026-01-27 02:35:37,2026-01-27 07:00:38,NO
1769482500,2026-01-27 02:55:00,2026-01-26 23:55:00,Copahue,MODIS,0.0,0.0,RUTINA,NULO,No descargada,2026-01-27 02:35:37,2026-01-27 07:00:38,NO
1769482500,2026-01-27 02:55:00,2026-01-26 23:55:00,PlanchonPeteroa,MODIS,0.0,0.0,RUTINA,NULO,No descargada,2026-01-27 02:35:37,2026-01-27 07:00:38,NO
1769482500,2026-01-27 02:55:00,2026-01-26 23:55:00,Puyehue-Cordon Caulle,MODIS,0.0,0.0,RUTINA,NULO,No descargada,2026-01-27 02:50:38,2026-01-27 07:00:38,NO
1769477100,2026-01-27 01:25:00,2026-01-26 22:25:00,Isluga,MODIS,0.0,0.0,RUTINA,NULO,No descargada,2026-01-27 01:20:42,2026-01-27 07:00:38,NO
1769476800,2026-01-27 01:20:00,2026-01-26 22:20:00,PlanchonPeteroa,MODIS,0.0,0.0,RUTINA,NULO,No descargada,2026-01-26 23:35:36,2026-01-27 02:30:47,NO
1769476800,2026-01-27 01:20:00,2026-01-26 22:20:00,Lastarria,MODIS,0.0,0.0,RUTINA,NULO,No descargada,2026-01-26 23:35:36,2026-01-27 07:00:38,NO
1769476800,2026-01-27 01:20:00,2026-01-26 22:20:00,Copahue,MODIS,0.0,0.0,RUTINA,NULO,No descargada,2026-01-26 23:35:36,2026-01-27 02:30:47,NO
1769476800,2026-01-27 01:20:00,2026-01-26 22:20:00,Lascar,MODIS,0.0,0.0,RUTINA,NULO,No descargada,2026-01-26 23:35:36,2026-01-27 07:00:38,NO
1769476800,2026-01-27 01:20:00,2026-01-26 22:20:00,Nevados de Chillan,MODIS,0.0,0.0,RUTINA,NULO,No descargada,2026-01-26 23:35:36,2026-01-27 02:30:47,NO
1769458800,2026-01-26 20:20:00,2026-01-26 17:20:00,Lastarria,MODIS,0.0,0.0,RUTINA,NULO,No descargada,2026-01-26 18:35:37,2026-01-26 23:30:38,NO
1769458800,2026-01-26 20:20:00,2026-01-26 17:20:00,Lascar,MODIS,0.0,0.0,RUTINA,NULO,No descargada,2026-01-26 18:35:37,2026-01-26 23:30:38,NO
1769458800,2026-01-26 20:20:00,2026-01-26 17:20:00,Isluga,MODIS,0.0,0.0,RUTINA,NULO,No descargada,2026-01-26 18:35:37,2026-01-27 01:15:37,NO
1769458500,2026-01-26 20:15:00,2026-01-26 17:15:00,Nevados de Chillan,MODIS,0.0,0.0,RUTINA,NULO,No descargada,2026-01-26 18:35:37,2026-01-26 23:30:38,NO
1769458500,2026-01-26 20:15:00,2026-01-26 17:15:00,Puyehue-Cordon Caulle,MODIS,0.0,0.0,RUTINA,NULO,No descargada,2026-01-26 18:35:37,2026-01-27 02:45:38,NO
1769458500,2026-01-26 20:15:00,2026-01-26 17:15:00,Villarrica,MODIS,0.0,0.0,RUTINA,NULO,No descargada,2026-01-26 18:35:37,2026-01-27 02:45:38,NO
1769458500,2026-01-26 20:15:00,2026-01-26 17:15:00,Chaiten,MODIS,0.0,0.0,RUTINA,NULO,No descargada,2026-01-26 18:35:37,2026-01-27 02:45:38,NO
1769458500,2026-01-26 20:15:00,2026-01-26 17:15:00,Copahue,MODIS,0.0,0.0,RUTINA,NULO,No descargada,2026-01-26 18:35:37,2026-01-26 23:30:38,NO
1769458500,2026-01-26 20:15:00,2026-01-26 17:15:00,PlanchonPeteroa,MODIS,0.0,0.0,RUTINA,NULO,No descargada,2026-01-26 18:35:37,2026-01-26 23:30:38,NO
1769458500,2026-01-26 20:15:00,2026-01-26 17:15:00,Llaima,MODIS,0.0,0.0,RUTINA,NULO,No descargada,2026-01-26 18:35:37,2026-01-27 02:45:38,NO
1769455441,2026-01-26 19:24:01,2026-01-26 16:24:01,Llaima,VIIRS,0.0,0.0,RUTINA,NULO,No descargada,2026-01-26 18:50:45,2026-01-27 07:00:38,NO
1769455441,2026-01-26 19:24:01,2026-01-26 16:24:01,Llaima,VIIRS375,0.0,0.0,RUTINA,NULO,No descargada,2026-01-26 19:20:38,2026-01-27 07:00:38,NO
1769455441,2026-01-26 19:24:01,2026-01-26 16:24:01,Copahue,VIIRS,0.0,0.0,RUTINA,NULO,No descargada,2026-01-26 18:50:45,2026-01-27 07:00:38,NO
1769455441,2026-01-26 19:24:01,2026-01-26 16:24:01,Chaiten,VIIRS375,0.0,0.0,RUTINA,NULO,No descargada,2026-01-26 19:20:38,2026-01-27 07:00:38,NO
1769455441,2026-01-26 19:24:01,2026-01-26 16:24:01,Villarrica,VIIRS,0.0,0.0,RUTINA,NULO,No descargada,2026-01-26 18:50:45,2026-01-27 07:00:38,NO
1769455441,2026-01-26 19:24:01,2026-01-26 16:24:01,Puyehue-Cordon Caulle,VIIRS375,0.0,0.0,RUTINA,NULO,No descargada,2026-01-26 19:20:38,2026-01-27 07:00:38,NO
1769455441,2026-01-26 19:24:01,2026-01-26 16:24:01,Villarrica,VIIRS375,0.0,0.0,RUTINA,NULO,No descargada,2026-01-26 19:20:38,2026-01-27 07:00:38,NO
1769455441,2026-01-26 19:24:01,2026-01-26 16:24:01,PlanchonPeteroa,VIIRS375,0.0,0.0,RUTINA,NULO,No descargada,2026-01-26 19:20:38,2026-01-27 07:00:38,NO
1769455441,2026-01-26 19:24:01,2026-01-26 16:24:01,Copahue,VIIRS375,0.0,0.0,RUTINA,NULO,No descargada,2026-01-26 19:20:38,2026-01-27 07:00:38,NO
1769455441,2026-01-26 19:24:01,2026-01-26 16:24:01,Chaiten,VIIRS,0.0,0.0,RUTINA,NULO,No descargada,2026-01-26 18:50:45,2026-01-27 07:00:38,NO
1769455441,2026-01-26 19:24:01,2026-01-26 16:24:01,Puyehue-Cordon Caulle,VIIRS,0.0,0.0,RUTINA,NULO,No descargada,2026-01-26 18:50:45,2026-01-27 07:00:38,NO
1769455441,2026-01-26 19:24:01,2026-01-26 16:24:01,Nevados de Chillan,VIIRS375,0.0,0.0,RUTINA,NULO,No descargada,2026-01-26 19:20:38,2026-01-27 07:00:38,NO
1769455441,2026-01-26 19:24:01,2026-01-26 16:24:01,PlanchonPeteroa,VIIRS,0.0,0.0,RUTINA,NULO,No descargada,2026-01-26 18:50:45,2026-01-27 07:00:38,NO
1769455441,2026-01-26 19:24:01,2026-01-26 16:24:01,Nevados de Chillan,VIIRS,0.0,0.0,RUTINA,NULO,No descargada,2026-01-26 18:50:45,2026-01-27 07:00:38,NO
1769454720,2026-01-26 19:12:00,2026-01-26 16:12:00,Isluga,VIIRS,0.0,0.0,RUTINA,NULO,No descargada,2026-01-26 18:35:37,2026-01-27 06:15:37,NO
1769454720,2026-01-26 19:12:00,2026-01-26 16:12:00,Isluga,VIIRS375,0.0,0.0,RUTINA,NULO,No descargada,2026-01-26 19:05:38,2026-01-27 07:00:38,NO
1769454360,2026-01-26 19:06:00,2026-01-26 16:06:00,Puyehue-Cordon Caulle,VIIRS,0.0,0.0,RUTINA,NULO,No descargada,2026-01-26 18:20:37,2026-01-26 18:45:37,NO
1769454360,2026-01-26 19:06:00,2026-01-26 16:06:00,Nevados de Chillan,VIIRS375,0.0,0.0,RUTINA,NULO,No descargada,2026-01-26 18:50:45,2026-01-26 19:15:35,NO
1769454360,2026-01-26 19:06:00,2026-01-26 16:06:00,Llaima,VIIRS,0.0,0.0,RUTINA,NULO,No descargada,2026-01-26 18:20:37,2026-01-26 18:45:37,NO
1769454360,2026-01-26 19:06:00,2026-01-26 16:06:00,Copahue,VIIRS375,0.0,0.0,RUTINA,NULO,No descargada,2026-01-26 18:50:45,2026-01-26 19:15:35,NO
1769454360,2026-01-26 19:06:00,2026-01-26 16:06:00,Lastarria,VIIRS,0.0,0.0,RUTINA,NULO,No descargada,2026-01-26 18:20:37,2026-01-27 06:15:37,NO
1769454360,2026-01-26 19:06:00,2026-01-26 16:06:00,Lastarria,VIIRS375,0.0,0.0,RUTINA,NULO,No descargada,2026-01-26 18:50:45,2026-01-27 07:00:38,NO
1769454360,2026-01-26 19:06:00,2026-01-26 16:06:00,Villarrica,VIIRS375,0.0,0.0,RUTINA,NULO,No descargada,2026-01-26 18:50:45,2026-01-26 19:15:35,NO
1769454360,2026-01-26 19:06:00,2026-01-26 16:06:00,Llaima,VIIRS375,0.0,0.0,RUTINA,NULO,No descargada,2026-01-26 18:50:45,2026-01-26 19:15:35,NO
1769454360,2026-01-26 19:06:00,2026-01-26 16:06:00,Nevados de Chillan,VIIRS,0.0,0.0,RUTINA,NULO,No descargada,2026-01-26 18:20:37,2026-01-26 18:45:37,NO
1769454360,2026-01-26 19:06:00,2026-01-26 16:06:00,Puyehue-Cordon Caulle,VIIRS375,0.0,0.0,RUTINA,NULO,No descargada,2026-01-26 18:50:45,2026-01-26 19:15:35,NO
1769454360,2026-01-26 19:06:00,2026-01-26 16:06:00,Lascar,VIIRS375,0.0,0.0,RUTINA,NULO,No descargada,2026-01-26 18:50:45,2026-01-27 07:00:38,NO
1769454360,2026-01-26 19:06:00,2026-01-26 16:06:00,Villarrica,VIIRS,0.0,0.0,RUTINA,NULO,No descargada,2026-01-26 18:20:37,2026-01-26 18:45:37,NO
1769454360,2026-01-26 19:06:00,2026-01-26 16:06:00,PlanchonPeteroa,VIIRS375,0.0,0.0,RUTINA,NULO,No descargada,2026-01-26 18:50:45,2026-01-26 19:15:35,NO
1769454360,2026-01-26 19:06:00,2026-01-26 16:06:00,Lascar,VIIRS,0.0,0.0,RUTINA,NULO,No descargada,2026-01-26 18:20:37,2026-01-27 06:15:37,NO
1769454360,2026-01-26 19:06:00,2026-01-26 16:06:00,Copahue,VIIRS,0.0,0.0,RUTINA,NULO,No descargada,2026-01-26 18:20:37,2026-01-26 18:45:37,NO
1769454360,2026-01-26 19:06:00,2026-01-26 16:06:00,PlanchonPeteroa,VIIRS,0.0,0.0,RUTINA,NULO,No descargada,2026-01-26 18:20:37,2026-01-26 18:45:37,NO
1769449681,2026-01-26 17:48:01,2026-01-26 14:48:01,Lastarria,VIIRS375,0.0,0.0,RUTINA,NULO,No descargada,2026-01-26 18:05:41,2026-01-26 18:45:37,NO
1769449681,2026-01-26 17:48:01,2026-01-26 14:48:01,PlanchonPeteroa,VIIRS375,0.0,0.0,RUTINA,NULO,No descargada,2026-01-26 18:20:37,2026-01-26 18:45:37,NO
1769449681,2026-01-26 17:48:01,2026-01-26 14:48:01,PlanchonPeteroa,VIIRS,0.0,0.0,RUTINA,NULO,No descargada,2026-01-26 17:50:37,2026-01-26 18:15:39,NO
1769449681,2026-01-26 17:48:01,2026-01-26 14:48:01,Isluga,VIIRS,0.0,0.0,RUTINA,NULO,No descargada,2026-01-26 17:50:37,2026-01-26 18:30:40,NO
1769449681,2026-01-26 17:48:01,2026-01-26 14:48:01,Isluga,VIIRS375,0.0,0.0,RUTINA,NULO,No descargada,2026-01-26 18:05:41,2026-01-26 19:00:38,NO
1769449681,2026-01-26 17:48:01,2026-01-26 14:48:01,Lascar,VIIRS,0.0,0.0,RUTINA,NULO,No descargada,2026-01-26 17:50:37,2026-01-26 18:15:39,NO
1769449681,2026-01-26 17:48:01,2026-01-26 14:48:01,Lascar,VIIRS375,0.0,0.0,RUTINA,NULO,No descargada,2026-01-26 18:05:41,2026-01-26 18:45:37,NO
1769449681,2026-01-26 17:48:01,2026-01-26 14:48:01,Lastarria,VIIRS,0.0,0.0,RUTINA,NULO,No descargada,2026-01-26 17:50:37,2026-01-26 18:15:39,NO
1769449321,2026-01-26 17:42:01,2026-01-26 14:42:01,Chaiten,VIIRS375,0.0,0.0,RUTINA,NULO,No descargada,2026-01-26 18:05:41,2026-01-26 19:15:35,NO
1769449321,2026-01-26 17:42:01,2026-01-26 14:42:01,Villarrica,VIIRS,0.0,0.0,RUTINA,NULO,No descargada,2026-01-26 17:50:37,2026-01-26 18:15:39,NO
1769449321,2026-01-26 17:42:01,2026-01-26 14:42:01,Villarrica,VIIRS375,0.0,0.0,RUTINA,NULO,No descargada,2026-01-26 18:05:41,2026-01-26 18:45:37,NO
1769449321,2026-01-26 17:42:01,2026-01-26 14:42:01,Llaima,VIIRS375,0.0,0.0,RUTINA,NULO,No descargada,2026-01-26 18:05:41,2026-01-26 18:45:37,NO
1769449321,2026-01-26 17:42:01,2026-01-26 14:42:01,Nevados de Chillan,VIIRS,0.0,0.0,RUTINA,NULO,No descargada,2026-01-26 17:50:37,2026-01-26 18:15:39,NO
1769449321,2026-01-26 17:42:01,2026-01-26 14:42:01,Puyehue-Cordon Caulle,VIIRS,0.0,0.0,RUTINA,NULO,No descargada,2026-01-26 17:50:37,2026-01-26 18:15:39,NO
1769449321,2026-01-26 17:42:01,2026-01-26 14:42:01,Llaima,VIIRS,0.0,0.0,RUTINA,NULO,No descargada,2026-01-26 17:50:37,2026-01-26 18:15:39,NO
1769449321,2026-01-26 17:42:01,2026-01-26 14:42:01,Chaiten,VIIRS,0.0,0.0,RUTINA,NULO,No descargada,2026-01-26 17:50:37,2026-01-26 18:45:37,NO
1769449321,2026-01-26 17:42:01,2026-01-26 14:42:01,Copahue,VIIRS375,0.0,0.0,RUTINA,NULO,No descargada,2026-01-26 18:05:41,2026-01-26 18:45:37,NO
1769449321,2026-01-26 17:42:01,2026-01-26 14:42:01,Puyehue-Cordon Caulle,VIIRS375,0.0,0.0,RUTINA,NULO,No descargada,2026-01-26 18:05:41,2026-01-26 18:45:37,NO
1769449321,2026-01-26 17:42:01,2026-01-26 14:42:01,Copahue,VIIRS,0.0,0.0,RUTINA,NULO,No descargada,2026-01-26 17:50:37,2026-01-26 18:15:39,NO
1769449321,2026-01-26 17:42:01,2026-01-26 14:42:01,Nevados de Chillan,VIIRS375,0.0,0.0,RUTINA,NULO,No descargada,2026-01-26 18:05:41,2026-01-26 18:45:37,NO
1769448600,2026-01-26 17:30:00,2026-01-26 14:30:00,Lastarria,VIIRS375,0.0,0.0,RUTINA,NULO,No descargada,2026-01-26 16:50:37,2026-01-26 18:00:41,NO
1769448600,2026-01-26 17:30:00,2026-01-26 14:30:00,Isluga,VIIRS375,0.0,0.0,RUTINA,NULO,No descargada,2026-01-26 16:50:37,2026-01-26 18:00:41,NO
1769448600,2026-01-26 17:30:00,2026-01-26 14:30:00,Lastarria,VIIRS,0.0,0.0,RUTINA,NULO,No descargada,2026-01-26 16:50:37,2026-01-26 17:45:36,NO
1769448600,2026-01-26 17:30:00,2026-01-26 14:30:00,Lascar,VIIRS375,0.0,0.0,RUTINA,NULO,No descargada,2026-01-26 16:50:37,2026-01-26 18:00:41,NO
1769448600,2026-01-26 17:30:00,2026-01-26 14:30:00,Lascar,VIIRS,0.0,0.0,RUTINA,NULO,No descargada,2026-01-26 16:50:37,2026-01-26 17:45:36,NO
1769448600,2026-01-26 17:30:00,2026-01-26 14:30:00,Isluga,VIIRS,0.0,0.0,RUTINA,NULO,No descargada,2026-01-26 16:50:37,2026-01-26 17:45:36,NO
1769433600,2026-01-26 13:20:00,2026-01-26 10:20:00,PlanchonPeteroa,MODIS,0.0,0.0,RUTINA,NULO,No descargada,2026-01-26 12:21:04,2026-01-26 18:30:40,NO
1769433600,2026-01-26 13:20:00,2026-01-26 10:20:00,Puyehue-Cordon Caulle,MODIS,0.0,0.0,RUTINA,NULO,No descargada,2026-01-26 12:21:04,2026-01-26 18:30:40,NO
1769433600,2026-01-26 13:20:00,2026-01-26 10:20:00,Llaima,MODIS,0.0,0.0,RUTINA,NULO,No descargada,2026-01-26 12:21:04,2026-01-26 18:30:40,NO
1769433600,2026-01-26 13:20:00,2026-01-26 10:20:00,Nevados de Chillan,MODIS,0.0,0.0,RUTINA,NULO,No descargada,2026-01-26 12:21:04,2026-01-26 18:30:40,NO
1769433600,2026-01-26 13:20:00,2026-01-26 10:20:00,Chaiten,MODIS,0.0,0.0,RUTINA,NULO,No descargada,2026-01-26 12:21:04,2026-01-26 18:30:40,NO
1769433600,2026-01-26 13:20:00,2026-01-26 10:20:00,Villarrica,MODIS,0.0,0.0,RUTINA,NULO,No descargada,2026-01-26 12:21:04,2026-01-26 18:30:40,NO
1769433600,2026-01-26 13:20:00,2026-01-26 10:20:00,Copahue,MODIS,0.0,0.0,RUTINA,NULO,No descargada,2026-01-26 12:21:04,2026-01-26 18:30:40,NO
1769433300,2026-01-26 13:15:00,2026-01-26 10:15:00,Lascar,MODIS,0.0,0.0,RUTINA,NULO,No descargada,2026-01-26 11:35:40,2026-01-26 18:30:40,NO
1769433300,2026-01-26 13:15:00,2026-01-26 10:15:00,Isluga,MODIS,0.0,0.0,RUTINA,NULO,No descargada,2026-01-26 11:35:40,2026-01-26 18:30:40,NO
1769433300,2026-01-26 13:15:00,2026-01-26 10:15:00,Lastarria,MODIS,0.0,0.0,RUTINA,NULO,No descargada,2026-01-26 11:35:40,2026-01-26 18:30:40,NO
1769415600,2026-01-26 08:20:00,2026-01-26 05:20:00,Llaima,MODIS,0.0,0.0,RUTINA,NULO,No descargada,2026-01-26 08:20:41,2026-01-26 12:15:39,NO
1769415600,2026-01-26 08:20:00,2026-01-26 05:20:00,Chaiten,MODIS,0.0,0.0,RUTINA,NULO,No descargada,2026-01-26 08:20:41,2026-01-26 12:15:39,NO
1769415600,2026-01-26 08:20:00,2026-01-26 05:20:00,Puyehue-Cordon Caulle,MODIS,0.0,0.0,RUTINA,NULO,No descargada,2026-01-26 08:20:41,2026-01-26 12:15:39,NO
1769415600,2026-01-26 08:20:00,2026-01-26 05:20:00,Nevados de Chillan,MODIS,0.0,0.0,RUTINA,NULO,No descargada,2026-01-26 08:20:41,2026-01-26 12:15:39,NO
1769415600,2026-01-26 08:20:00,2026-01-26 05:20:00,Copahue,MODIS,0.0,0.0,RUTINA,NULO,No descargada,2026-01-26 08:20:41,2026-01-26 12:15:39,NO
1769415600,2026-01-26 08:20:00,2026-01-26 05:20:00,Villarrica,MODIS,0.0,0.0,RUTINA,NULO,No descargada,2026-01-26 08:20:41,2026-01-26 12:15:39,NO
1769415300,2026-01-26 08:15:00,2026-01-26 05:15:00,Isluga,MODIS,0.0,0.0,RUTINA,NULO,No descargada,2026-01-26 08:20:41,2026-01-26 11:30:42,NO
1769410080,2026-01-26 06:48:00,2026-01-26 03:48:00,Llaima,VIIRS,0.0,0.0,RUTINA,NULO,No descargada,2026-01-26 06:35:39,2026-01-26 17:45:36,NO
1769410080,2026-01-26 06:48:00,2026-01-26 03:48:00,Puyehue-Cordon Caulle,VIIRS375,0.0,0.0,RUTINA,NULO,No descargada,2026-01-26 08:35:39,2026-01-26 18:00:41,NO
1769410080,2026-01-26 06:48:00,2026-01-26 03:48:00,Puyehue-Cordon Caulle,VIIRS,0.0,0.0,RUTINA,NULO,No descargada,2026-01-26 06:35:39,2026-01-26 17:45:36,NO
1769410080,2026-01-26 06:48:00,2026-01-26 03:48:00,Llaima,VIIRS375,0.0,0.0,RUTINA,NULO,No descargada,2026-01-26 08:35:39,2026-01-26 18:00:41,NO
1769410080,2026-01-26 06:48:00,2026-01-26 03:48:00,Chaiten,VIIRS,0.0,0.0,RUTINA,NULO,No descargada,2026-01-26 06:35:39,2026-01-26 17:45:36,NO
1769410080,2026-01-26 06:48:00,2026-01-26 03:48:00,Chaiten,VIIRS375,0.0,0.0,RUTINA,NULO,No descargada,2026-01-26 08:35:39,2026-01-26 18:00:41,NO
1769410080,2026-01-26 06:48:00,2026-01-26 03:48:00,Villarrica,VIIRS375,0.0,0.0,RUTINA,NULO,No descargada,2026-01-26 08:35:39,2026-01-26 18:00:41,NO
1769410080,2026-01-26 06:48:00,2026-01-26 03:48:00,Villarrica,VIIRS,0.0,0.0,RUTINA,NULO,No descargada,2026-01-26 06:35:39,2026-01-26 17:45:36,NO
1769409720,2026-01-26 06:42:00,2026-01-26 03:42:00,Copahue,VIIRS,0.0,0.0,RUTINA,NULO,No descargada,2026-01-26 06:35:39,2026-01-26 17:45:36,NO
1769409720,2026-01-26 06:42:00,2026-01-26 03:42:00,Isluga,VIIRS375,1.66,17.83,FALSO_POSITIVO,NULO,No descargada,2026-01-26 08:35:39,2026-01-26 16:45:36,NO
1769409720,2026-01-26 06:42:00,2026-01-26 03:42:00,PlanchonPeteroa,VIIRS375,0.0,0.0,RUTINA,NULO,No descargada,2026-01-26 08:35:39,2026-01-26 18:15:39,NO
1769409720,2026-01-26 06:42:00,2026-01-26 03:42:00,Lascar,VIIRS,0.0,0.0,RUTINA,NULO,No descargada,2026-01-26 06:35:39,2026-01-26 16:45:36,NO
1769409720,2026-01-26 06:42:00,2026-01-26 03:42:00,Lastarria,VIIRS375,0.0,0.0,RUTINA,NULO,No descargada,2026-01-26 08:35:39,2026-01-26 16:45:36,NO
1769409720,2026-01-26 06:42:00,2026-01-26 03:42:00,Isluga,VIIRS,0.0,0.0,RUTINA,NULO,No descargada,2026-01-26 06:35:39,2026-01-26 16:45:36,NO
1769409720,2026-01-26 06:42:00,2026-01-26 03:42:00,Nevados de Chillan,VIIRS375,0.0,0.0,RUTINA,NULO,No descargada,2026-01-26 08:35:39,2026-01-26 18:00:41,NO
1769409720,2026-01-26 06:42:00,2026-01-26 03:42:00,Lascar,VIIRS375,0.0,0.0,RUTINA,NULO,No descargada,2026-01-26 08:35:39,2026-01-26 16:45:36,NO
1769409720,2026-01-26 06:42:00,2026-01-26 03:42:00,Lastarria,VIIRS,0.0,0.0,RUTINA,NULO,No descargada,2026-01-26 06:35:39,2026-01-26 16:45:36,NO
1769409720,2026-01-26 06:42:00,2026-01-26 03:42:00,Nevados de Chillan,VIIRS,0.0,0.0,RUTINA,NULO,No descargada,2026-01-26 06:35:39,2026-01-26 17:45:36,NO
1769409720,2026-01-26 06:42:00,2026-01-26 03:42:00,PlanchonPeteroa,VIIRS,0.0,0.0,RUTINA,NULO,No descargada,2026-01-26 06:35:39,2026-01-26 17:45:36,NO
1769409720,2026-01-26 06:42:00,2026-01-26 03:42:00,Copahue,VIIRS375,0.0,0.0,RUTINA,NULO,No descargada,2026-01-26 08:35:39,2026-01-26 18:00:41,NO
1769409600,2026-01-26 06:40:00,2026-01-26 03:40:00,Chaiten,MODIS,0.0,0.0,RUTINA,NULO,No descargada,2026-01-26 06:20:41,2026-01-26 08:15:40,NO
1769409600,2026-01-26 06:40:00,2026-01-26 03:40:00,Llaima,MODIS,0.0,0.0,RUTINA,NULO,No descargada,2026-01-26 06:20:41,2026-01-26 08:15:40,NO
1769409600,2026-01-26 06:40:00,2026-01-26 03:40:00,Puyehue-Cordon Caulle,MODIS,0.0,0.0,RUTINA,NULO,No descargada,2026-01-26 06:20:41,2026-01-26 08:15:40,NO
1769409600,2026-01-26 06:40:00,2026-01-26 03:40:00,Villarrica,MODIS,0.0,0.0,RUTINA,NULO,No descargada,2026-01-26 06:20:41,2026-01-26 08:15:40,NO
1769409600,2026-01-26 06:40:00,2026-01-26 03:40:00,Nevados de Chillan,MODIS,0.0,0.0,RUTINA,NULO,No descargada,2026-01-26 06:20:41,2026-01-26 08:15:40,NO
1769409600,2026-01-26 06:40:00,2026-01-26 03:40:00,Copahue,MODIS,0.0,0.0,RUTINA,NULO,No descargada,2026-01-26 06:20:41,2026-01-26 08:15:40,NO
1769409600,2026-01-26 06:40:00,2026-01-26 03:40:00,PlanchonPeteroa,MODIS,0.0,0.0,RUTINA,NULO,No descargada,2026-01-26 06:20:41,2026-01-26 12:15:39,NO
1769405041,2026-01-26 05:24:01,2026-01-26 02:24:01,Nevados de Chillan,VIIRS375,0.0,0.0,RUTINA,NULO,No descargada,2026-01-26 06:20:41,2026-01-26 08:30:45,NO
1769405041,2026-01-26 05:24:01,2026-01-26 02:24:01,PlanchonPeteroa,VIIRS,0.0,0.0,RUTINA,NULO,No descargada,2026-01-26 05:35:41,2026-01-26 06:30:40,NO
1769405041,2026-01-26 05:24:01,2026-01-26 02:24:01,Llaima,VIIRS375,0.0,0.0,RUTINA,NULO,No descargada,2026-01-26 06:20:41,2026-01-26 08:30:45,NO
1769405041,2026-01-26 05:24:01,2026-01-26 02:24:01,Nevados de Chillan,VIIRS,0.0,0.0,RUTINA,NULO,No descargada,2026-01-26 05:35:41,2026-01-26 06:30:40,NO
1769405041,2026-01-26 05:24:01,2026-01-26 02:24:01,Puyehue-Cordon Caulle,VIIRS,0.93,7.83,ALERTA_TERMICA,Muy Bajo,imagenes_satelitales/Puyehue-Cordon Caulle/2026-01-26/05-24-01_Puyehue-Cordon Caulle_VIIRS750_Latest.png,2026-01-26 05:35:41,2026-01-26 06:30:40,NO
1769405041,2026-01-26 05:24:01,2026-01-26 02:24:01,Villarrica,VIIRS,0.0,0.0,RUTINA,NULO,No descargada,2026-01-26 05:35:41,2026-01-26 06:30:40,NO
1769405041,2026-01-26 05:24:01,2026-01-26 02:24:01,Copahue,VIIRS375,0.0,0.0,RUTINA,NULO,No descargada,2026-01-26 06:20:41,2026-01-26 08:30:45,NO
1769405041,2026-01-26 05:24:01,2026-01-26 02:24:01,Chaiten,VIIRS375,0.0,0.0,RUTINA,NULO,No descargada,2026-01-26 06:20:41,2026-01-26 08:30:45,NO
1769405041,2026-01-26 05:24:01,2026-01-26 02:24:01,Puyehue-Cordon Caulle,VIIRS375,0.48,8.1,ALERTA_TERMICA,Muy Bajo,imagenes_satelitales/Puyehue-Cordon Caulle/2026-01-26/05-24-01_Puyehue-Cordon Caulle_VIIRS375_Latest.png,2026-01-26 06:20:41,2026-01-26 08:30:45,NO
1769405041,2026-01-26 05:24:01,2026-01-26 02:24:01,Llaima,VIIRS,0.0,0.0,RUTINA,NULO,No descargada,2026-01-26 05:35:41,2026-01-26 06:30:40,NO
1769405041,2026-01-26 05:24:01,2026-01-26 02:24:01,Lastarria,VIIRS,0.0,0.0,RUTINA,NULO,No descargada,2026-01-26 05:35:41,2026-01-26 06:30:40,NO
1769405041,2026-01-26 05:24:01,2026-01-26 02:24:01,Lastarria,VIIRS375,0.0,0.0,RUTINA,NULO,No descargada,2026-01-26 06:20:41,2026-01-26 08:30:45,NO
1769405041,2026-01-26 05:24:01,2026-01-26 02:24:01,Copahue,VIIRS,0.0,0.0,RUTINA,NULO,No descargada,2026-01-26 05:35:41,2026-01-26 06:30:40,NO
1769405041,2026-01-26 05:24:01,2026-01-26 02:24:01,Villarrica,VIIRS375,0.0,0.0,RUTINA,NULO,No descargada,2026-01-26 06:20:41,2026-01-26 08:30:45,NO
1769405041,2026-01-26 05:24:01,2026-01-26 02:24:01,Chaiten,VIIRS,0.0,0.0,RUTINA,NULO,No descargada,2026-01-26 05:35:41,2026-01-26 06:30:40,NO
1769405041,2026-01-26 05:24:01,2026-01-26 02:24:01,PlanchonPeteroa,VIIRS375,0.0,0.0,RUTINA,NULO,No descargada,2026-01-26 06:20:41,2026-01-26 08:30:45,NO
1769404681,2026-01-26 05:18:01,2026-01-26 02:18:01,Lascar,VIIRS,0.0,0.0,RUTINA,NULO,No descargada,2026-01-26 05:35:41,2026-01-26 06:30:40,NO
1769404681,2026-01-26 05:18:01,2026-01-26 02:18:01,Lascar,VIIRS375,0.3,1.19,ALERTA_TERMICA,Muy Bajo,imagenes_satelitales/Lascar/2026-01-26/05-18-01_Lascar_VIIRS375_Latest.png,2026-01-26 06:20:41,2026-01-26 08:30:45,NO
1769404681,2026-01-26 05:18:01,2026-01-26 02:18:01,Isluga,VIIRS375,0.3,0.84,ALERTA_TERMICA,Muy Bajo,imagenes_satelitales/Isluga/2026-01-26/05-18-01_Isluga_VIIRS375_Latest.png,2026-01-26 06:20:41,2026-01-26 08:30:45,NO
1769404681,2026-01-26 05:18:01,2026-01-26 02:18:01,Isluga,VIIRS,0.0,0.0,RUTINA,NULO,No descargada,2026-01-26 05:35:41,2026-01-26 06:30:40,NO
1769394000,2026-01-26 02:20:00,2026-01-25 23:20:00,Isluga,MODIS,0.0,0.0,RUTINA,NULO,No descargada,2026-01-26 00:35:42,2026-01-26 08:15:40,NO
1769394000,2026-01-26 02:20:00,2026-01-25 23:20:00,PlanchonPeteroa,MODIS,0.0,0.0,RUTINA,NULO,No descargada,2026-01-26 00:35:42,2026-01-26 06:15:41,NO
1769394000,2026-01-26 02:20:00,2026-01-25 23:20:00,Lastarria,MODIS,0.0,0.0,RUTINA,NULO,No descargada,2026-01-26 00:35:42,2026-01-26 11:30:42,NO
1769394000,2026-01-26 02:20:00,2026-01-25 23:20:00,Lascar,MODIS,0.0,0.0,RUTINA,NULO,No descargada,2026-01-26 00:35:42,2026-01-26 11:30:42,NO
1769393700,2026-01-26 02:15:00,2026-01-25 23:15:00,Nevados de Chillan,MODIS,0.0,0.0,RUTINA,NULO,No descargada,2026-01-26 01:05:42,2026-01-26 06:15:41,NO
1769393700,2026-01-26 02:15:00,2026-01-25 23:15:00,Copahue,MODIS,0.0,0.0,RUTINA,NULO,No descargada,2026-01-26 01:05:42,2026-01-26 06:15:41,NO
1769393700,2026-01-26 02:15:00,2026-01-25 23:15:00,Puyehue-Cordon Caulle,MODIS,0.0,0.0,RUTINA,NULO,No descargada,2026-01-26 01:05:42,2026-01-26 06:15:41,NO
1769393700,2026-01-26 02:15:00,2026-01-25 23:15:00,Villarrica,MODIS,0.0,0.0,RUTINA,NULO,No descargada,2026-01-26 01:05:42,2026-01-26 06:15:41,NO
1769393700,2026-01-26 02:15:00,2026-01-25 23:15:00,Chaiten,MODIS,0.0,0.0,RUTINA,NULO,No descargada,2026-01-26 01:05:42,2026-01-26 06:15:41,NO
1769393700,2026-01-26 02:15:00,2026-01-25 23:15:00,Llaima,MODIS,0.0,0.0,RUTINA,NULO,No descargada,2026-01-26 01:05:42,2026-01-26 06:15:41,NO
1769375700,2026-01-25 21:15:00,2026-01-25 18:15:00,Puyehue-Cordon Caulle,MODIS,0.0,0.0,RUTINA,NULO,No descargada,2026-01-25 19:35:38,2026-01-26 01:00:40,NO
1769375700,2026-01-25 21:15:00,2026-01-25 18:15:00,Chaiten,MODIS,0.0,0.0,RUTINA,NULO,No descargada,2026-01-25 19:35:38,2026-01-26 01:00:40,NO
1769375700,2026-01-25 21:15:00,2026-01-25 18:15:00,Llaima,MODIS,0.0,0.0,RUTINA,NULO,No descargada,2026-01-25 19:35:38,2026-01-26 01:00:40,NO
1769375700,2026-01-25 21:15:00,2026-01-25 18:15:00,Villarrica,MODIS,0.0,0.0,RUTINA,NULO,No descargada,2026-01-25 19:35:38,2026-01-26 01:00:40,NO
1769370300,2026-01-25 19:45:00,2026-01-25 16:45:00,Isluga,MODIS,0.0,0.0,RUTINA,NULO,No descargada,2026-01-25 18:20:41,2026-01-26 00:30:42,NO
1769370121,2026-01-25 19:42:01,2026-01-25 16:42:01,Llaima,VIIRS375,0.0,0.0,RUTINA,NULO,No descargada,2026-01-25 19:50:39,2026-01-26 06:15:41,NO
1769370121,2026-01-25 19:42:01,2026-01-25 16:42:01,Nevados de Chillan,VIIRS375,0.0,0.0,RUTINA,NULO,No descargada,2026-01-25 19:50:39,2026-01-26 06:15:41,NO
1769370121,2026-01-25 19:42:01,2026-01-25 16:42:01,Nevados de Chillan,VIIRS,0.0,0.0,RUTINA,NULO,No descargada,2026-01-25 19:35:38,2026-01-26 05:30:44,NO
1769370121,2026-01-25 19:42:01,2026-01-25 16:42:01,Chaiten,VIIRS375,0.0,0.0,RUTINA,NULO,No descargada,2026-01-25 20:05:41,2026-01-26 06:15:41,NO
1769370121,2026-01-25 19:42:01,2026-01-25 16:42:01,Puyehue-Cordon Caulle,VIIRS375,0.0,0.0,RUTINA,NULO,No descargada,2026-01-25 20:05:41,2026-01-26 06:15:41,NO
1769370121,2026-01-25 19:42:01,2026-01-25 16:42:01,Puyehue-Cordon Caulle,VIIRS,0.0,0.0,RUTINA,NULO,No descargada,2026-01-25 19:50:39,2026-01-26 05:30:44,NO
1769370121,2026-01-25 19:42:01,2026-01-25 16:42:01,Villarrica,VIIRS,0.0,0.0,RUTINA,NULO,No descargada,2026-01-25 19:50:39,2026-01-26 05:30:44,NO
1769370121,2026-01-25 19:42:01,2026-01-25 16:42:01,Copahue,VIIRS,0.0,0.0,RUTINA,NULO,No descargada,2026-01-25 19:50:39,2026-01-26 05:30:44,NO
1769370121,2026-01-25 19:42:01,2026-01-25 16:42:01,Llaima,VIIRS,0.0,0.0,RUTINA,NULO,No descargada,2026-01-25 19:50:39,2026-01-26 05:30:44,NO
1769370121,2026-01-25 19:42:01,2026-01-25 16:42:01,Villarrica,VIIRS375,0.0,0.0,RUTINA,NULO,No descargada,2026-01-25 19:50:39,2026-01-26 06:15:41,NO
1769370121,2026-01-25 19:42:01,2026-01-25 16:42:01,Copahue,VIIRS375,0.0,0.0,RUTINA,NULO,No descargada,2026-01-25 19:50:39,2026-01-26 06:15:41,NO
1769370121,2026-01-25 19:42:01,2026-01-25 16:42:01,Chaiten,VIIRS,0.0,0.0,RUTINA,NULO,No descargada,2026-01-25 19:50:39,2026-01-26 05:30:44,NO
1769370000,2026-01-25 19:40:00,2026-01-25 16:40:00,Llaima,MODIS,0.0,0.0,RUTINA,NULO,No descargada,2026-01-25 18:20:41,2026-01-25 19:30:45,NO
1769370000,2026-01-25 19:40:00,2026-01-25 16:40:00,PlanchonPeteroa,MODIS,0.0,0.0,RUTINA,NULO,No descargada,2026-01-25 18:20:41,2026-01-26 00:30:42,NO
1769370000,2026-01-25 19:40:00,2026-01-25 16:40:00,Villarrica,MODIS,0.0,0.0,RUTINA,NULO,No descargada,2026-01-25 18:20:41,2026-01-25 19:30:45,NO
1769370000,2026-01-25 19:40:00,2026-01-25 16:40:00,Lastarria,MODIS,0.0,0.0,RUTINA,NULO,No descargada,2026-01-25 18:20:41,2026-01-26 00:30:42,NO
1769370000,2026-01-25 19:40:00,2026-01-25 16:40:00,Lascar,MODIS,0.0,0.0,RUTINA,NULO,No descargada,2026-01-25 18:05:40,2026-01-26 00:30:42,NO
1769370000,2026-01-25 19:40:00,2026-01-25 16:40:00,Nevados de Chillan,MODIS,0.0,0.0,RUTINA,NULO,No descargada,2026-01-25 18:20:41,2026-01-26 01:00:40,NO
1769370000,2026-01-25 19:40:00,2026-01-25 16:40:00,Puyehue-Cordon Caulle,MODIS,0.0,0.0,RUTINA,NULO,No descargada,2026-01-25 18:20:41,2026-01-25 19:30:45,NO
1769370000,2026-01-25 19:40:00,2026-01-25 16:40:00,Copahue,MODIS,0.0,0.0,RUTINA,NULO,No descargada,2026-01-25 18:20:41,2026-01-26 01:00:40,NO
1769369700,2026-01-25 19:35:00,2026-01-25 16:35:00,Chaiten,MODIS,0.0,0.0,RUTINA,NULO,No descargada,2026-01-25 18:35:42,2026-01-25 19:30:45,NO
1769369040,2026-01-25 19:24:00,2026-01-25 16:24:00,Llaima,VIIRS,0.0,0.0,RUTINA,NULO,No descargada,2026-01-25 18:50:40,2026-01-25 19:45:42,NO
1769369040,2026-01-25 19:24:00,2026-01-25 16:24:00,Chaiten,VIIRS,0.0,0.0,RUTINA,NULO,No descargada,2026-01-25 18:50:40,2026-01-25 19:45:42,NO
1769369040,2026-01-25 19:24:00,2026-01-25 16:24:00,Copahue,VIIRS,0.0,0.0,RUTINA,NULO,No descargada,2026-01-25 18:50:40,2026-01-25 19:45:42,NO
1769369040,2026-01-25 19:24:00,2026-01-25 16:24:00,PlanchonPeteroa,VIIRS,0.0,0.0,RUTINA,NULO,No descargada,2026-01-25 18:50:40,2026-01-26 05:30:44,NO
1769369040,2026-01-25 19:24:00,2026-01-25 16:24:00,PlanchonPeteroa,VIIRS375,0.0,0.0,RUTINA,NULO,No descargada,2026-01-25 20:20:43,2026-01-26 06:15:41,NO
1769369040,2026-01-25 19:24:00,2026-01-25 16:24:00,Nevados de Chillan,VIIRS,0.0,0.0,RUTINA,NULO,No descargada,2026-01-25 18:50:40,2026-01-25 19:30:45,NO
1769369040,2026-01-25 19:24:00,2026-01-25 16:24:00,Villarrica,VIIRS,0.0,0.0,RUTINA,NULO,No descargada,2026-01-25 18:50:40,2026-01-25 19:45:42,NO
1769369040,2026-01-25 19:24:00,2026-01-25 16:24:00,Puyehue-Cordon Caulle,VIIRS,0.0,0.0,RUTINA,NULO,No descargada,2026-01-25 18:50:40,2026-01-25 19:45:42,NO
1769364361,2026-01-25 18:06:01,2026-01-25 15:06:01,Nevados de Chillan,VIIRS375,0.0,0.0,RUTINA,NULO,No descargada,2026-01-25 18:50:40,2026-01-25 19:45:42,NO
1769364361,2026-01-25 18:06:01,2026-01-25 15:06:01,Copahue,VIIRS,0.0,0.0,RUTINA,NULO,No descargada,2026-01-25 18:35:42,2026-01-25 18:45:42,NO
1769364361,2026-01-25 18:06:01,2026-01-25 15:06:01,Isluga,VIIRS375,0.0,0.0,RUTINA,NULO,No descargada,2026-01-25 18:50:40,2026-01-26 06:15:41,NO
1769364361,2026-01-25 18:06:01,2026-01-25 15:06:01,Isluga,VIIRS,0.0,0.0,RUTINA,NULO,No descargada,2026-01-25 18:20:41,2026-01-26 05:30:44,NO
1769364361,2026-01-25 18:06:01,2026-01-25 15:06:01,Lastarria,VIIRS375,0.0,0.0,RUTINA,NULO,No descargada,2026-01-25 18:50:40,2026-01-26 06:15:41,NO
1769364361,2026-01-25 18:06:01,2026-01-25 15:06:01,Nevados de Chillan,VIIRS,0.0,0.0,RUTINA,NULO,No descargada,2026-01-25 18:35:42,2026-01-25 18:45:42,NO
1769364361,2026-01-25 18:06:01,2026-01-25 15:06:01,Lascar,VIIRS375,0.0,0.0,RUTINA,NULO,No descargada,2026-01-25 18:50:40,2026-01-26 06:15:41,NO
1769364361,2026-01-25 18:06:01,2026-01-25 15:06:01,Lascar,VIIRS,0.0,0.0,RUTINA,NULO,No descargada,2026-01-25 18:20:41,2026-01-26 05:30:44,NO
1769364361,2026-01-25 18:06:01,2026-01-25 15:06:01,PlanchonPeteroa,VIIRS375,0.0,0.0,RUTINA,NULO,No descargada,2026-01-25 18:50:40,2026-01-25 20:15:36,NO
1769364361,2026-01-25 18:06:01,2026-01-25 15:06:01,PlanchonPeteroa,VIIRS,0.0,0.0,RUTINA,NULO,No descargada,2026-01-25 18:35:42,2026-01-25 18:45:42,NO
1769364361,2026-01-25 18:06:01,2026-01-25 15:06:01,Lastarria,VIIRS,0.0,0.0,RUTINA,NULO,No descargada,2026-01-25 18:20:41,2026-01-26 05:30:44,NO
1769364361,2026-01-25 18:06:01,2026-01-25 15:06:01,Copahue,VIIRS375,0.0,0.0,RUTINA,NULO,No descargada,2026-01-25 18:50:40,2026-01-25 19:45:42,NO
1769364001,2026-01-25 18:00:01,2026-01-25 15:00:01,Chaiten,VIIRS375,0.0,0.0,RUTINA,NULO,No descargada,2026-01-25 18:50:40,2026-01-25 20:00:42,NO
1769364001,2026-01-25 18:00:01,2026-01-25 15:00:01,Chaiten,VIIRS,0.0,0.0,RUTINA,NULO,No descargada,2026-01-25 18:20:41,2026-01-25 18:45:42,NO
1769364001,2026-01-25 18:00:01,2026-01-25 15:00:01,Puyehue-Cordon Caulle,VIIRS375,0.0,0.0,RUTINA,NULO,No descargada,2026-01-25 18:50:40,2026-01-25 20:00:42,NO
1769364001,2026-01-25 18:00:01,2026-01-25 15:00:01,Puyehue-Cordon Caulle,VIIRS,0.0,0.0,RUTINA,NULO,No descargada,2026-01-25 18:20:41,2026-01-25 18:45:42,NO
1769364001,2026-01-25 18:00:01,2026-01-25 15:00:01,Villarrica,VIIRS,0.0,0.0,RUTINA,NULO,No descargada,2026-01-25 18:20:41,2026-01-25 18:45:42,NO
1769364001,2026-01-25 18:00:01,2026-01-25 15:00:01,Villarrica,VIIRS375,0.0,0.0,RUTINA,NULO,No descargada,2026-01-25 18:50:40,2026-01-25 19:45:42,NO
1769363280,2026-01-25 17:48:00,2026-01-25 14:48:00,Lascar,VIIRS,0.0,0.0,RUTINA,NULO,No descargada,2026-01-25 18:05:40,2026-01-25 18:15:43,NO
1769363280,2026-01-25 17:48:00,2026-01-25 14:48:00,Lastarria,VIIRS375,0.0,0.0,RUTINA,NULO,No descargada,2026-01-25 18:05:40,2026-01-25 18:45:42,NO
1769363280,2026-01-25 17:48:00,2026-01-25 14:48:00,Lascar,VIIRS375,0.0,0.0,RUTINA,NULO,No descargada,2026-01-25 18:05:40,2026-01-25 18:45:42,NO
1769363280,2026-01-25 17:48:00,2026-01-25 14:48:00,Isluga,VIIRS375,0.0,0.0,RUTINA,NULO,No descargada,2026-01-25 18:05:40,2026-01-25 18:45:42,NO
1769363280,2026-01-25 17:48:00,2026-01-25 14:48:00,Lastarria,VIIRS,0.0,0.0,RUTINA,NULO,No descargada,2026-01-25 18:05:40,2026-01-25 18:15:43,NO
1769363280,2026-01-25 17:48:00,2026-01-25 14:48:00,Isluga,VIIRS,0.0,0.0,RUTINA,NULO,No descargada,2026-01-25 18:05:40,2026-01-25 18:15:43,NO
1769362920,2026-01-25 17:42:00,2026-01-25 14:42:00,Chaiten,VIIRS375,0.0,0.0,RUTINA,NULO,No descargada,2026-01-25 18:05:40,2026-01-25 18:45:42,NO
1769362920,2026-01-25 17:42:00,2026-01-25 14:42:00,Copahue,VIIRS,0.0,0.0,RUTINA,NULO,No descargada,2026-01-25 18:05:40,2026-01-25 18:30:43,NO
1769362920,2026-01-25 17:42:00,2026-01-25 14:42:00,Copahue,VIIRS375,0.0,0.0,RUTINA,NULO,No descargada,2026-01-25 18:05:40,2026-01-25 18:45:42,NO
1769362920,2026-01-25 17:42:00,2026-01-25 14:42:00,Puyehue-Cordon Caulle,VIIRS375,0.0,0.0,RUTINA,NULO,No descargada,2026-01-25 18:05:40,2026-01-25 18:45:42,NO
1769362920,2026-01-25 17:42:00,2026-01-25 14:42:00,Chaiten,VIIRS,0.0,0.0,RUTINA,NULO,No descargada,2026-01-25 18:05:40,2026-01-25 18:15:43,NO
1769362920,2026-01-25 17:42:00,2026-01-25 14:42:00,Llaima,VIIRS375,0.0,0.0,RUTINA,NULO,No descargada,2026-01-25 18:05:40,2026-01-25 19:45:42,NO
1769362920,2026-01-25 17:42:00,2026-01-25 14:42:00,PlanchonPeteroa,VIIRS375,0.0,0.0,RUTINA,NULO,No descargada,2026-01-25 18:05:40,2026-01-25 18:45:42,NO
1769362920,2026-01-25 17:42:00,2026-01-25 14:42:00,Villarrica,VIIRS,0.0,0.0,RUTINA,NULO,No descargada,2026-01-25 18:05:40,2026-01-25 18:15:43,NO
1769362920,2026-01-25 17:42:00,2026-01-25 14:42:00,Nevados de Chillan,VIIRS375,0.0,0.0,RUTINA,NULO,No descargada,2026-01-25 18:05:40,2026-01-25 18:45:42,NO
1769362920,2026-01-25 17:42:00,2026-01-25 14:42:00,Puyehue-Cordon Caulle,VIIRS,0.0,0.0,RUTINA,NULO,No descargada,2026-01-25 18:05:40,2026-01-25 18:15:43,NO
1769362920,2026-01-25 17:42:00,2026-01-25 14:42:00,Villarrica,VIIRS375,0.0,0.0,RUTINA,NULO,No descargada,2026-01-25 18:05:40,2026-01-25 18:45:42,NO
1769362920,2026-01-25 17:42:00,2026-01-25 14:42:00,Llaima,VIIRS,0.0,0.0,RUTINA,NULO,No descargada,2026-01-25 18:05:40,2026-01-25 18:45:42,NO
1769362920,2026-01-25 17:42:00,2026-01-25 14:42:00,PlanchonPeteroa,VIIRS,0.0,0.0,RUTINA,NULO,No descargada,2026-01-25 18:05:40,2026-01-25 18:15:43,NO
1769362920,2026-01-25 17:42:00,2026-01-25 14:42:00,Nevados de Chillan,VIIRS,0.0,0.0,RUTINA,NULO,No descargada,2026-01-25 18:05:40,2026-01-25 18:30:43,NO
1769350800,2026-01-25 14:20:00,2026-01-25 11:20:00,Chaiten,MODIS,0.0,0.0,RUTINA,NULO,No descargada,2026-01-25 12:50:39,2026-01-25 18:30:43,NO
1769344800,2026-01-25 12:40:00,2026-01-25 09:40:00,Chaiten,MODIS,0.0,0.0,RUTINA,NULO,No descargada,2026-01-25 10:50:42,2026-01-25 12:45:40,NO
1769344800,2026-01-25 12:40:00,2026-01-25 09:40:00,Villarrica,MODIS,0.0,0.0,RUTINA,NULO,No descargada,2026-01-25 10:50:42,2026-01-25 18:15:43,NO
1769344800,2026-01-25 12:40:00,2026-01-25 09:40:00,Nevados de Chillan,MODIS,0.0,0.0,RUTINA,NULO,No descargada,2026-01-25 10:50:42,2026-01-25 18:15:43,NO
1769344800,2026-01-25 12:40:00,2026-01-25 09:40:00,Llaima,MODIS,0.0,0.0,RUTINA,NULO,No descargada,2026-01-25 10:50:42,2026-01-25 18:15:43,NO
1769344800,2026-01-25 12:40:00,2026-01-25 09:40:00,PlanchonPeteroa,MODIS,0.0,0.0,RUTINA,NULO,No descargada,2026-01-25 10:50:42,2026-01-25 18:15:43,NO
1769344800,2026-01-25 12:40:00,2026-01-25 09:40:00,Copahue,MODIS,0.0,0.0,RUTINA,NULO,No descargada,2026-01-25 10:50:42,2026-01-25 18:15:43,NO
1769344800,2026-01-25 12:40:00,2026-01-25 09:40:00,Puyehue-Cordon Caulle,MODIS,0.0,0.0,RUTINA,NULO,No descargada,2026-01-25 10:50:42,2026-01-25 18:15:43,NO
1769344500,2026-01-25 12:35:00,2026-01-25 09:35:00,Lascar,MODIS,0.0,0.0,RUTINA,NULO,No descargada,2026-01-25 10:50:42,2026-01-25 18:00:44,NO
1769344500,2026-01-25 12:35:00,2026-01-25 09:35:00,Lastarria,MODIS,0.0,0.0,RUTINA,NULO,No descargada,2026-01-25 10:50:42,2026-01-25 18:15:43,NO
1769326800,2026-01-25 07:40:00,2026-01-25 04:40:00,Llaima,MODIS,0.0,0.0,RUTINA,NULO,No descargada,2026-01-25 07:20:40,2026-01-25 10:45:39,NO
1769326800,2026-01-25 07:40:00,2026-01-25 04:40:00,Puyehue-Cordon Caulle,MODIS,0.0,0.0,RUTINA,NULO,No descargada,2026-01-25 07:20:40,2026-01-25 10:45:39,NO
1769326800,2026-01-25 07:40:00,2026-01-25 04:40:00,Chaiten,MODIS,0.0,0.0,RUTINA,NULO,No descargada,2026-01-25 07:20:40,2026-01-25 10:45:39,NO
1769326800,2026-01-25 07:40:00,2026-01-25 04:40:00,Villarrica,MODIS,0.0,0.0,RUTINA,NULO,No descargada,2026-01-25 07:20:40,2026-01-25 10:45:39,NO
1769326800,2026-01-25 07:40:00,2026-01-25 04:40:00,PlanchonPeteroa,MODIS,0.0,0.0,RUTINA,NULO,No descargada,2026-01-25 07:20:40,2026-01-25 10:45:39,NO
1769326800,2026-01-25 07:40:00,2026-01-25 04:40:00,Copahue,MODIS,0.0,0.0,RUTINA,NULO,No descargada,2026-01-25 07:20:40,2026-01-25 10:45:39,NO
1769326800,2026-01-25 07:40:00,2026-01-25 04:40:00,Nevados de Chillan,MODIS,0.0,0.0,RUTINA,NULO,No descargada,2026-01-25 07:20:40,2026-01-25 10:45:39,NO
1769326500,2026-01-25 07:35:00,2026-01-25 04:35:00,Isluga,MODIS,0.0,0.0,RUTINA,NULO,No descargada,2026-01-25 07:20:40,2026-01-25 18:15:43,NO
1769326500,2026-01-25 07:35:00,2026-01-25 04:35:00,Lascar,MODIS,0.0,0.0,RUTINA,NULO,No descargada,2026-01-25 07:20:40,2026-01-25 10:45:39,NO
1769326500,2026-01-25 07:35:00,2026-01-25 04:35:00,Lastarria,MODIS,0.0,0.0,RUTINA,NULO,No descargada,2026-01-25 07:20:40,2026-01-25 10:45:39,NO
1769319721,2026-01-25 05:42:01,2026-01-25 02:42:01,Llaima,VIIRS375,0.0,0.0,RUTINA,NULO,No descargada,2026-01-25 06:05:41,2026-01-25 18:00:44,NO
1769319721,2026-01-25 05:42:01,2026-01-25 02:42:01,Puyehue-Cordon Caulle,VIIRS,0.86,7.83,ALERTA_TERMICA,Muy Bajo,imagenes_satelitales/Puyehue-Cordon Caulle/2026-01-25/05-42-01_Puyehue-Cordon Caulle_VIIRS750_Latest.png,2026-01-25 05:50:38,2026-01-25 18:00:44,NO
1769319721,2026-01-25 05:42:01,2026-01-25 02:42:01,Nevados de Chillan,VIIRS,0.0,0.0,RUTINA,NULO,No descargada,2026-01-25 05:50:38,2026-01-25 18:00:44,NO
1769319721,2026-01-25 05:42:01,2026-01-25 02:42:01,Puyehue-Cordon Caulle,VIIRS375,0.65,7.73,ALERTA_TERMICA,Muy Bajo,imagenes_satelitales/Puyehue-Cordon Caulle/2026-01-25/05-42-01_Puyehue-Cordon Caulle_VIIRS375_Latest.png,2026-01-25 06:20:42,2026-01-25 18:00:44,NO
1769319721,2026-01-25 05:42:01,2026-01-25 02:42:01,Villarrica,VIIRS,0.0,0.0,RUTINA,NULO,No descargada,2026-01-25 05:50:38,2026-01-25 18:00:44,NO
1769319721,2026-01-25 05:42:01,2026-01-25 02:42:01,Lascar,VIIRS375,0.49,2.73,ALERTA_TERMICA,Muy Bajo,imagenes_satelitales/Lascar/2026-01-25/05-42-01_Lascar_VIIRS375_Latest.png,2026-01-25 06:05:41,2026-01-25 18:00:44,NO
1769319721,2026-01-25 05:42:01,2026-01-25 02:42:01,PlanchonPeteroa,VIIRS,0.0,0.0,RUTINA,NULO,No descargada,2026-01-25 05:50:38,2026-01-25 18:00:44,NO
1769319721,2026-01-25 05:42:01,2026-01-25 02:42:01,Lascar,VIIRS,0.39,1.5,ALERTA_TERMICA,Muy Bajo,imagenes_satelitales/Lascar/2026-01-25/05-42-01_Lascar_VIIRS750_Latest.png,2026-01-25 05:50:38,2026-01-25 18:00:44,NO
1769319721,2026-01-25 05:42:01,2026-01-25 02:42:01,Nevados de Chillan,VIIRS375,0.0,0.0,RUTINA,NULO,No descargada,2026-01-25 06:05:41,2026-01-25 18:00:44,NO
1769319721,2026-01-25 05:42:01,2026-01-25 02:42:01,Lastarria,VIIRS,0.0,0.0,RUTINA,NULO,No descargada,2026-01-25 05:50:38,2026-01-25 18:00:44,NO
1769319721,2026-01-25 05:42:01,2026-01-25 02:42:01,Villarrica,VIIRS375,0.0,0.0,RUTINA,NULO,No descargada,2026-01-25 06:05:41,2026-01-25 18:00:44,NO
1769319721,2026-01-25 05:42:01,2026-01-25 02:42:01,Copahue,VIIRS375,0.0,0.0,RUTINA,NULO,No descargada,2026-01-25 06:05:41,2026-01-25 18:00:44,NO
1769319721,2026-01-25 05:42:01,2026-01-25 02:42:01,Lastarria,VIIRS375,0.14,2.4,ALERTA_TERMICA,Muy Bajo,imagenes_satelitales/Lastarria/2026-01-25/05-42-01_Lastarria_VIIRS375_Latest.png,2026-01-25 06:05:41,2026-01-25 18:00:44,NO
1769319721,2026-01-25 05:42:01,2026-01-25 02:42:01,Llaima,VIIRS,0.0,0.0,RUTINA,NULO,No descargada,2026-01-25 05:50:38,2026-01-25 18:00:44,NO
1769319721,2026-01-25 05:42:01,2026-01-25 02:42:01,Copahue,VIIRS,0.0,0.0,RUTINA,NULO,No descargada,2026-01-25 05:50:38,2026-01-25 18:00:44,NO
1769319721,2026-01-25 05:42:01,2026-01-25 02:42:01,PlanchonPeteroa,VIIRS375,0.0,0.0,RUTINA,NULO,No descargada,2026-01-25 06:05:41,2026-01-25 18:00:44,NO
1769319361,2026-01-25 05:36:01,2026-01-25 02:36:01,Isluga,VIIRS,0.0,0.0,RUTINA,NULO,No descargada,2026-01-25 05:50:38,2026-01-25 18:00:44,NO
1769319361,2026-01-25 05:36:01,2026-01-25 02:36:01,Isluga,VIIRS375,0.0,0.0,RUTINA,NULO,No descargada,2026-01-25 06:05:41,2026-01-25 18:00:44,NO
1769318640,2026-01-25 05:24:00,2026-01-25 02:24:00,Chaiten,VIIRS,0.0,0.0,RUTINA,NULO,No descargada,2026-01-25 06:05:41,2026-01-25 18:00:44,NO
1769318640,2026-01-25 05:24:00,2026-01-25 02:24:00,Chaiten,VIIRS375,0.0,0.0,RUTINA,NULO,No descargada,2026-01-25 06:35:41,2026-01-25 17:30:41,NO
1769310900,2026-01-25 03:15:00,2026-01-25 00:15:00,Puyehue-Cordon Caulle,MODIS,0.0,0.0,RUTINA,NULO,No descargada,2026-01-25 02:05:37,2026-01-25 07:15:35,NO
1769310900,2026-01-25 03:15:00,2026-01-25 00:15:00,Chaiten,MODIS,0.0,0.0,RUTINA,NULO,No descargada,2026-01-25 02:05:37,2026-01-25 07:15:35,NO
1769305500,2026-01-25 01:45:00,2026-01-24 22:45:00,Isluga,MODIS,0.0,0.0,RUTINA,NULO,No descargada,2026-01-25 01:05:40,2026-01-25 07:15:35,NO
1769305200,2026-01-25 01:40:00,2026-01-24 22:40:00,Lascar,MODIS,0.0,0.0,RUTINA,NULO,No descargada,2026-01-25 00:20:52,2026-01-25 07:15:35,NO
1769305200,2026-01-25 01:40:00,2026-01-24 22:40:00,Llaima,MODIS,0.0,0.0,RUTINA,NULO,No descargada,2026-01-25 00:20:52,2026-01-25 07:15:35,NO
1769305200,2026-01-25 01:40:00,2026-01-24 22:40:00,Copahue,MODIS,0.0,0.0,RUTINA,NULO,No descargada,2026-01-25 00:20:52,2026-01-25 07:15:35,NO
1769305200,2026-01-25 01:40:00,2026-01-24 22:40:00,Villarrica,MODIS,0.0,0.0,RUTINA,NULO,No descargada,2026-01-25 00:35:43,2026-01-25 07:15:35,NO
1769305200,2026-01-25 01:40:00,2026-01-24 22:40:00,Nevados de Chillan,MODIS,0.0,0.0,RUTINA,NULO,No descargada,2026-01-25 00:20:52,2026-01-25 07:15:35,NO
1769305200,2026-01-25 01:40:00,2026-01-24 22:40:00,Lastarria,MODIS,0.0,0.0,RUTINA,NULO,No descargada,2026-01-25 00:20:52,2026-01-25 07:15:35,NO
1769305200,2026-01-25 01:40:00,2026-01-24 22:40:00,PlanchonPeteroa,MODIS,0.0,0.0,RUTINA,NULO,No descargada,2026-01-25 00:20:52,2026-01-25 07:15:35,NO
1769304900,2026-01-25 01:35:00,2026-01-24 22:35:00,Puyehue-Cordon Caulle,MODIS,0.0,0.0,RUTINA,NULO,No descargada,2026-01-25 00:20:52,2026-01-25 02:00:42,NO
1769304900,2026-01-25 01:35:00,2026-01-24 22:35:00,Chaiten,MODIS,0.0,0.0,RUTINA,NULO,No descargada,2026-01-25 00:20:52,2026-01-25 02:00:42,NO
1769287200,2026-01-24 20:40:00,2026-01-24 17:40:00,Lastarria,MODIS,0.0,0.0,RUTINA,NULO,No descargada,2026-01-24 19:35:40,2026-01-25 00:15:43,NO
1769287200,2026-01-24 20:40:00,2026-01-24 17:40:00,Nevados de Chillan,MODIS,0.0,0.0,RUTINA,NULO,No descargada,2026-01-24 19:35:40,2026-01-25 00:15:43,NO
1769287200,2026-01-24 20:40:00,2026-01-24 17:40:00,PlanchonPeteroa,MODIS,0.0,0.0,RUTINA,NULO,No descargada,2026-01-24 19:35:40,2026-01-25 00:15:43,NO
1769287200,2026-01-24 20:40:00,2026-01-24 17:40:00,Llaima,MODIS,0.0,0.0,RUTINA,NULO,No descargada,2026-01-24 19:35:40,2026-01-25 00:15:43,NO
1769287200,2026-01-24 20:40:00,2026-01-24 17:40:00,Copahue,MODIS,0.0,0.0,RUTINA,NULO,No descargada,2026-01-24 19:35:40,2026-01-25 00:15:43,NO
1769287200,2026-01-24 20:40:00,2026-01-24 17:40:00,Villarrica,MODIS,0.0,0.0,RUTINA,NULO,No descargada,2026-01-24 19:35:40,2026-01-25 00:30:43,NO
1769286900,2026-01-24 20:35:00,2026-01-24 17:35:00,Puyehue-Cordon Caulle,MODIS,0.0,0.0,RUTINA,NULO,No descargada,2026-01-24 19:35:40,2026-01-25 00:15:43,NO
1769286900,2026-01-24 20:35:00,2026-01-24 17:35:00,Chaiten,MODIS,0.0,0.0,RUTINA,NULO,No descargada,2026-01-24 19:35:40,2026-01-25 00:15:43,NO
1769284801,2026-01-24 20:00:01,2026-01-24 17:00:01,Chaiten,VIIRS,0.0,0.0,RUTINA,NULO,No descargada,2026-01-24 20:05:37,2026-01-25 06:00:44,NO
1769283720,2026-01-24 19:42:00,2026-01-24 16:42:00,Copahue,VIIRS375,0.0,0.0,RUTINA,NULO,No descargada,2026-01-24 21:20:42,2026-01-25 06:00:44,NO
1769283720,2026-01-24 19:42:00,2026-01-24 16:42:00,Llaima,VIIRS,0.0,0.0,RUTINA,NULO,No descargada,2026-01-24 20:05:37,2026-01-25 05:45:38,NO
1769283720,2026-01-24 19:42:00,2026-01-24 16:42:00,Nevados de Chillan,VIIRS375,0.0,0.0,RUTINA,NULO,No descargada,2026-01-24 21:20:42,2026-01-25 06:00:44,NO
1769283720,2026-01-24 19:42:00,2026-01-24 16:42:00,PlanchonPeteroa,VIIRS375,0.0,0.0,RUTINA,NULO,No descargada,2026-01-24 21:20:42,2026-01-25 06:00:44,NO
1769283720,2026-01-24 19:42:00,2026-01-24 16:42:00,Villarrica,VIIRS,0.0,0.0,RUTINA,NULO,No descargada,2026-01-24 20:05:37,2026-01-25 05:45:38,NO
1769283720,2026-01-24 19:42:00,2026-01-24 16:42:00,Chaiten,VIIRS375,0.0,0.0,RUTINA,NULO,No descargada,2026-01-24 21:20:42,2026-01-25 06:30:40,NO
1769283720,2026-01-24 19:42:00,2026-01-24 16:42:00,Puyehue-Cordon Caulle,VIIRS375,0.0,0.0,RUTINA,NULO,No descargada,2026-01-24 21:20:42,2026-01-25 06:15:39,NO
1769283720,2026-01-24 19:42:00,2026-01-24 16:42:00,Puyehue-Cordon Caulle,VIIRS,0.0,0.0,RUTINA,NULO,No descargada,2026-01-24 20:05:37,2026-01-25 05:45:38,NO
1769283720,2026-01-24 19:42:00,2026-01-24 16:42:00,Llaima,VIIRS375,0.0,0.0,RUTINA,NULO,No descargada,2026-01-24 21:20:42,2026-01-25 06:00:44,NO
1769283720,2026-01-24 19:42:00,2026-01-24 16:42:00,Villarrica,VIIRS375,0.0,0.0,RUTINA,NULO,No descargada,2026-01-24 21:20:42,2026-01-25 06:00:44,NO
1769283720,2026-01-24 19:42:00,2026-01-24 16:42:00,Copahue,VIIRS,10.5,25.9,FALSO_POSITIVO,NULO,No descargada,2026-01-24 20:05:37,2026-01-25 05:45:38,NO
1769283720,2026-01-24 19:42:00,2026-01-24 16:42:00,PlanchonPeteroa,VIIRS,0.0,0.0,RUTINA,NULO,No descargada,2026-01-24 20:05:37,2026-01-25 05:45:38,NO
1769283720,2026-01-24 19:42:00,2026-01-24 16:42:00,Nevados de Chillan,VIIRS,0.0,0.0,RUTINA,NULO,No descargada,2026-01-24 20:05:37,2026-01-25 05:45:38,NO
1769279401,2026-01-24 18:30:01,2026-01-24 15:30:01,Isluga,VIIRS,0.0,0.0,RUTINA,NULO,No descargada,2026-01-24 18:50:39,2026-01-25 05:45:38,NO
1769279401,2026-01-24 18:30:01,2026-01-24 15:30:01,Isluga,VIIRS375,0.0,0.0,RUTINA,NULO,No descargada,2026-01-24 20:20:40,2026-01-25 06:00:44,NO
1769279041,2026-01-24 18:24:01,2026-01-24 15:24:01,Puyehue-Cordon Caulle,VIIRS375,0.0,0.0,RUTINA,NULO,No descargada,2026-01-24 20:20:40,2026-01-24 21:15:45,NO
1769279041,2026-01-24 18:24:01,2026-01-24 15:24:01,Lastarria,VIIRS,0.0,0.0,RUTINA,NULO,No descargada,2026-01-24 18:50:39,2026-01-25 05:45:38,NO
1769279041,2026-01-24 18:24:01,2026-01-24 15:24:01,Copahue,VIIRS,0.0,0.0,RUTINA,NULO,No descargada,2026-01-24 18:50:39,2026-01-24 20:00:41,NO
1769279041,2026-01-24 18:24:01,2026-01-24 15:24:01,Nevados de Chillan,VIIRS,0.0,0.0,RUTINA,NULO,No descargada,2026-01-24 18:50:39,2026-01-24 20:00:41,NO
1769279041,2026-01-24 18:24:01,2026-01-24 15:24:01,Llaima,VIIRS,0.0,0.0,RUTINA,NULO,No descargada,2026-01-24 18:50:39,2026-01-24 20:00:41,NO
1769279041,2026-01-24 18:24:01,2026-01-24 15:24:01,Lastarria,VIIRS375,0.0,0.0,RUTINA,NULO,No descargada,2026-01-24 20:20:40,2026-01-25 06:00:44,NO
1769279041,2026-01-24 18:24:01,2026-01-24 15:24:01,Villarrica,VIIRS,0.0,0.0,RUTINA,NULO,No descargada,2026-01-24 18:50:39,2026-01-24 20:00:41,NO
1769279041,2026-01-24 18:24:01,2026-01-24 15:24:01,Nevados de Chillan,VIIRS375,0.0,0.0,RUTINA,NULO,No descargada,2026-01-24 20:20:40,2026-01-24 21:15:45,NO
1769279041,2026-01-24 18:24:01,2026-01-24 15:24:01,Villarrica,VIIRS375,0.0,0.0,RUTINA,NULO,No descargada,2026-01-24 20:20:40,2026-01-24 21:15:45,NO
1769279041,2026-01-24 18:24:01,2026-01-24 15:24:01,Copahue,VIIRS375,0.0,0.0,RUTINA,NULO,No descargada,2026-01-24 20:20:40,2026-01-24 21:15:45,NO
1769279041,2026-01-24 18:24:01,2026-01-24 15:24:01,Lascar,VIIRS,0.0,0.0,RUTINA,NULO,No descargada,2026-01-24 18:50:39,2026-01-25 05:45:38,NO
1769279041,2026-01-24 18:24:01,2026-01-24 15:24:01,PlanchonPeteroa,VIIRS375,0.0,0.0,RUTINA,NULO,No descargada,2026-01-24 20:20:40,2026-01-24 21:15:45,NO
1769279041,2026-01-24 18:24:01,2026-01-24 15:24:01,Lascar,VIIRS375,0.0,0.0,RUTINA,NULO,No descargada,2026-01-24 20:20:40,2026-01-25 06:00:44,NO
1769279041,2026-01-24 18:24:01,2026-01-24 15:24:01,Puyehue-Cordon Caulle,VIIRS,0.0,0.0,RUTINA,NULO,No descargada,2026-01-24 18:50:39,2026-01-24 20:00:41,NO
1769279041,2026-01-24 18:24:01,2026-01-24 15:24:01,PlanchonPeteroa,VIIRS,0.0,0.0,RUTINA,NULO,No descargada,2026-01-24 18:50:39,2026-01-24 20:00:41,NO
1769279041,2026-01-24 18:24:01,2026-01-24 15:24:01,Llaima,VIIRS375,0.0,0.0,RUTINA,NULO,No descargada,2026-01-24 20:20:40,2026-01-24 21:15:45,NO
1769278681,2026-01-24 18:18:01,2026-01-24 15:18:01,Chaiten,VIIRS,0.0,0.0,RUTINA,NULO,No descargada,2026-01-24 18:50:39,2026-01-24 20:00:41,NO
1769278681,2026-01-24 18:18:01,2026-01-24 15:18:01,Chaiten,VIIRS375,0.0,0.0,RUTINA,NULO,No descargada,2026-01-24 20:05:37,2026-01-24 21:15:45,NO
1769277960,2026-01-24 18:06:00,2026-01-24 15:06:00,Lastarria,VIIRS,0.0,0.0,RUTINA,NULO,No descargada,2026-01-24 18:05:38,2026-01-24 18:45:40,NO
1769277960,2026-01-24 18:06:00,2026-01-24 15:06:00,Isluga,VIIRS,0.0,0.0,RUTINA,NULO,No descargada,2026-01-24 18:05:38,2026-01-24 18:45:40,NO
1769277960,2026-01-24 18:06:00,2026-01-24 15:06:00,Lascar,VIIRS,0.0,0.0,RUTINA,NULO,No descargada,2026-01-24 18:05:38,2026-01-24 18:45:40,NO
1769277600,2026-01-24 18:00:00,2026-01-24 15:00:00,Villarrica,VIIRS,0.0,0.0,RUTINA,NULO,No descargada,2026-01-24 17:50:42,2026-01-24 18:45:40,NO
1769277600,2026-01-24 18:00:00,2026-01-24 15:00:00,Nevados de Chillan,VIIRS,0.0,0.0,RUTINA,NULO,No descargada,2026-01-24 17:50:42,2026-01-24 18:45:40,NO
1769277600,2026-01-24 18:00:00,2026-01-24 15:00:00,PlanchonPeteroa,VIIRS,0.0,0.0,RUTINA,NULO,No descargada,2026-01-24 17:50:42,2026-01-24 18:45:40,NO
1769277600,2026-01-24 18:00:00,2026-01-24 15:00:00,Llaima,VIIRS,0.0,0.0,RUTINA,NULO,No descargada,2026-01-24 17:50:42,2026-01-24 18:45:40,NO
1769277600,2026-01-24 18:00:00,2026-01-24 15:00:00,Puyehue-Cordon Caulle,VIIRS,0.0,0.0,RUTINA,NULO,No descargada,2026-01-24 17:50:42,2026-01-24 18:45:40,NO
1769277600,2026-01-24 18:00:00,2026-01-24 15:00:00,Copahue,VIIRS,0.0,0.0,RUTINA,NULO,No descargada,2026-01-24 17:50:42,2026-01-24 18:45:40,NO
1769277600,2026-01-24 18:00:00,2026-01-24 15:00:00,Chaiten,VIIRS,0.0,0.0,RUTINA,NULO,No descargada,2026-01-24 17:50:42,2026-01-24 18:45:40,NO
1769262000,2026-01-24 13:40:00,2026-01-24 10:40:00,PlanchonPeteroa,MODIS,0.0,0.0,RUTINA,NULO,No descargada,2026-01-24 12:50:39,2026-01-24 19:30:44,NO
1769262000,2026-01-24 13:40:00,2026-01-24 10:40:00,Chaiten,MODIS,0.0,0.0,RUTINA,NULO,No descargada,2026-01-24 12:50:39,2026-01-24 19:30:44,NO
1769262000,2026-01-24 13:40:00,2026-01-24 10:40:00,Puyehue-Cordon Caulle,MODIS,0.0,0.0,RUTINA,NULO,No descargada,2026-01-24 12:50:39,2026-01-24 19:30:44,NO
1769262000,2026-01-24 13:40:00,2026-01-24 10:40:00,Llaima,MODIS,0.0,0.0,RUTINA,NULO,No descargada,2026-01-24 12:50:39,2026-01-24 19:30:44,NO
1769262000,2026-01-24 13:40:00,2026-01-24 10:40:00,Nevados de Chillan,MODIS,0.0,0.0,RUTINA,NULO,No descargada,2026-01-24 12:50:39,2026-01-24 19:30:44,NO
1769262000,2026-01-24 13:40:00,2026-01-24 10:40:00,Villarrica,MODIS,0.0,0.0,RUTINA,NULO,No descargada,2026-01-24 12:50:39,2026-01-24 19:30:44,NO
1769262000,2026-01-24 13:40:00,2026-01-24 10:40:00,Copahue,MODIS,0.0,0.0,RUTINA,NULO,No descargada,2026-01-24 12:50:39,2026-01-24 19:30:44,NO
1769261700,2026-01-24 13:35:00,2026-01-24 10:35:00,Lastarria,MODIS,0.0,0.0,RUTINA,NULO,No descargada,2026-01-24 12:50:39,2026-01-24 19:30:44,NO
1769261700,2026-01-24 13:35:00,2026-01-24 10:35:00,Isluga,MODIS,0.0,0.0,RUTINA,NULO,No descargada,2026-01-24 12:50:39,2026-01-25 01:00:44,NO
1769261700,2026-01-24 13:35:00,2026-01-24 10:35:00,Lascar,MODIS,0.0,0.0,RUTINA,NULO,No descargada,2026-01-24 12:50:39,2026-01-25 00:15:43,NO
1769238300,2026-01-24 07:05:00,2026-01-24 04:05:00,Chaiten,MODIS,0.0,0.0,RUTINA,NULO,No descargada,2026-01-24 06:35:40,2026-01-24 12:45:38,NO
1769238300,2026-01-24 07:05:00,2026-01-24 04:05:00,Puyehue-Cordon Caulle,MODIS,0.0,0.0,RUTINA,NULO,No descargada,2026-01-24 06:35:40,2026-01-24 12:45:38,NO
1769238000,2026-01-24 07:00:00,2026-01-24 04:00:00,Lascar,MODIS,0.0,0.0,RUTINA,NULO,No descargada,2026-01-24 06:35:40,2026-01-24 12:45:38,NO
1769238000,2026-01-24 07:00:00,2026-01-24 04:00:00,Lastarria,MODIS,0.0,0.0,RUTINA,NULO,No descargada,2026-01-24 06:35:40,2026-01-24 12:45:38,NO
1769238000,2026-01-24 07:00:00,2026-01-24 04:00:00,Copahue,MODIS,0.0,0.0,RUTINA,NULO,No descargada,2026-01-24 06:35:40,2026-01-24 12:45:38,NO
1769238000,2026-01-24 07:00:00,2026-01-24 04:00:00,Llaima,MODIS,0.0,0.0,RUTINA,NULO,No descargada,2026-01-24 06:35:40,2026-01-24 12:45:38,NO
1769238000,2026-01-24 07:00:00,2026-01-24 04:00:00,Nevados de Chillan,MODIS,0.0,0.0,RUTINA,NULO,No descargada,2026-01-24 06:35:40,2026-01-24 12:45:38,NO
1769238000,2026-01-24 07:00:00,2026-01-24 04:00:00,Villarrica,MODIS,0.0,0.0,RUTINA,NULO,No descargada,2026-01-24 06:35:40,2026-01-24 12:45:38,NO
1769238000,2026-01-24 07:00:00,2026-01-24 04:00:00,PlanchonPeteroa,MODIS,0.0,0.0,RUTINA,NULO,No descargada,2026-01-24 06:35:40,2026-01-24 12:45:38,NO
1769237700,2026-01-24 06:55:00,2026-01-24 03:55:00,Isluga,MODIS,0.0,0.0,RUTINA,NULO,No descargada,2026-01-24 06:35:40,2026-01-24 12:45:38,NO
1769234761,2026-01-24 06:06:01,2026-01-24 03:06:01,Puyehue-Cordon Caulle,VIIRS,0.0,0.0,RUTINA,NULO,No descargada,2026-01-24 07:50:40,2026-01-24 17:45:37,NO
1769234761,2026-01-24 06:06:01,2026-01-24 03:06:01,Chaiten,VIIRS,0.0,0.0,RUTINA,NULO,No descargada,2026-01-24 07:50:40,2026-01-24 17:45:37,NO
1769234761,2026-01-24 06:06:01,2026-01-24 03:06:01,Chaiten,VIIRS375,0.13,0.53,ALERTA_TERMICA,Muy Bajo,imagenes_satelitales/Chaiten/2026-01-24/06-06-01_Chaiten_VIIRS375_Latest.png,2026-01-24 08:35:38,2026-01-24 20:00:41,NO
1769234761,2026-01-24 06:06:01,2026-01-24 03:06:01,Puyehue-Cordon Caulle,VIIRS375,0.58,8.19,ALERTA_TERMICA,Muy Bajo,imagenes_satelitales/Puyehue-Cordon Caulle/2026-01-24/06-06-01_Puyehue-Cordon Caulle_VIIRS375_Latest.png,2026-01-24 08:35:38,2026-01-24 20:15:38,NO
1769234401,2026-01-24 06:00:01,2026-01-24 03:00:01,Copahue,VIIRS375,0.29,14.64,FALSO_POSITIVO,NULO,No descargada,2026-01-24 08:35:38,2026-01-24 20:15:38,NO
1769234401,2026-01-24 06:00:01,2026-01-24 03:00:01,Llaima,VIIRS,0.0,0.0,RUTINA,NULO,No descargada,2026-01-24 06:35:40,2026-01-24 17:45:37,NO
1769234401,2026-01-24 06:00:01,2026-01-24 03:00:01,PlanchonPeteroa,VIIRS375,0.0,0.0,RUTINA,NULO,No descargada,2026-01-24 08:35:38,2026-01-24 20:15:38,NO
1769234401,2026-01-24 06:00:01,2026-01-24 03:00:01,Lascar,VIIRS,0.0,0.0,RUTINA,NULO,No descargada,2026-01-24 06:35:40,2026-01-24 18:00:45,NO
1769234401,2026-01-24 06:00:01,2026-01-24 03:00:01,Llaima,VIIRS375,0.0,0.0,RUTINA,NULO,No descargada,2026-01-24 08:35:38,2026-01-24 20:15:38,NO
1769234401,2026-01-24 06:00:01,2026-01-24 03:00:01,Lascar,VIIRS375,0.05,1.19,ALERTA_TERMICA,Muy Bajo,imagenes_satelitales/Lascar/2026-01-24/06-00-01_Lascar_VIIRS375_Latest.png,2026-01-24 08:35:38,2026-01-24 20:15:38,NO
1769234401,2026-01-24 06:00:01,2026-01-24 03:00:01,Lastarria,VIIRS,0.0,0.0,RUTINA,NULO,No descargada,2026-01-24 06:35:40,2026-01-24 18:00:45,NO
1769234401,2026-01-24 06:00:01,2026-01-24 03:00:01,Isluga,VIIRS375,0.0,0.0,RUTINA,NULO,No descargada,2026-01-24 08:35:38,2026-01-24 20:15:38,NO
1769234401,2026-01-24 06:00:01,2026-01-24 03:00:01,Copahue,VIIRS,0.0,0.0,RUTINA,NULO,No descargada,2026-01-24 06:35:40,2026-01-24 17:45:37,NO
1769234401,2026-01-24 06:00:01,2026-01-24 03:00:01,Nevados de Chillan,VIIRS,0.0,0.0,RUTINA,NULO,No descargada,2026-01-24 06:35:40,2026-01-24 17:45:37,NO
1769234401,2026-01-24 06:00:01,2026-01-24 03:00:01,PlanchonPeteroa,VIIRS,0.0,0.0,RUTINA,NULO,No descargada,2026-01-24 06:35:40,2026-01-24 17:45:37,NO
1769234401,2026-01-24 06:00:01,2026-01-24 03:00:01,Lastarria,VIIRS375,0.0,0.0,RUTINA,NULO,No descargada,2026-01-24 08:35:38,2026-01-24 20:15:38,NO
1769234401,2026-01-24 06:00:01,2026-01-24 03:00:01,Nevados de Chillan,VIIRS375,0.0,0.0,RUTINA,NULO,No descargada,2026-01-24 08:35:38,2026-01-24 20:15:38,NO
1769234401,2026-01-24 06:00:01,2026-01-24 03:00:01,Isluga,VIIRS,0.0,0.0,RUTINA,NULO,No descargada,2026-01-24 06:35:40,2026-01-24 18:00:45,NO
1769233320,2026-01-24 05:42:00,2026-01-24 02:42:00,Villarrica,VIIRS375,0.0,0.0,RUTINA,NULO,No descargada,2026-01-24 10:05:34,2026-01-24 20:00:41,NO
1769233320,2026-01-24 05:42:00,2026-01-24 02:42:00,Puyehue-Cordon Caulle,VIIRS,0.94,7.83,ALERTA_TERMICA,Muy Bajo,imagenes_satelitales/Puyehue-Cordon Caulle/2026-01-24/05-42-00_Puyehue-Cordon Caulle_VIIRS750_Latest.png,2026-01-24 07:20:39,2026-01-24 07:45:36,NO
1769233320,2026-01-24 05:42:00,2026-01-24 02:42:00,Villarrica,VIIRS,0.0,0.0,RUTINA,NULO,No descargada,2026-01-24 07:20:39,2026-01-24 17:45:37,NO
1769233320,2026-01-24 05:42:00,2026-01-24 02:42:00,Chaiten,VIIRS,0.0,0.0,RUTINA,NULO,No descargada,2026-01-24 07:20:39,2026-01-24 07:45:36,NO
1769228641,2026-01-24 04:24:01,2026-01-24 01:24:01,Chaiten,VIIRS375,0.0,0.0,RUTINA,NULO,No descargada,2026-01-24 05:50:38,2026-01-24 08:30:46,NO
1769228641,2026-01-24 04:24:01,2026-01-24 01:24:01,Puyehue-Cordon Caulle,VIIRS,0.0,0.0,RUTINA,NULO,No descargada,2026-01-24 05:50:38,2026-01-24 07:15:38,NO
1769228641,2026-01-24 04:24:01,2026-01-24 01:24:01,Chaiten,VIIRS,0.0,0.0,RUTINA,NULO,No descargada,2026-01-24 05:50:38,2026-01-24 07:15:38,NO
1769228641,2026-01-24 04:24:01,2026-01-24 01:24:01,Puyehue-Cordon Caulle,VIIRS375,0.0,0.0,RUTINA,NULO,No descargada,2026-01-24 05:50:38,2026-01-24 08:30:46,NO
1769222100,2026-01-24 02:35:00,2026-01-23 23:35:00,Puyehue-Cordon Caulle,MODIS,0.0,0.0,RUTINA,NULO,No descargada,2026-01-24 01:05:39,2026-01-24 06:30:41,NO
1769222100,2026-01-24 02:35:00,2026-01-23 23:35:00,Villarrica,MODIS,0.0,0.0,RUTINA,NULO,No descargada,2026-01-24 01:05:39,2026-01-24 06:30:41,NO
1769222100,2026-01-24 02:35:00,2026-01-23 23:35:00,PlanchonPeteroa,MODIS,0.0,0.0,RUTINA,NULO,No descargada,2026-01-24 01:05:39,2026-01-24 06:30:41,NO
1769222100,2026-01-24 02:35:00,2026-01-23 23:35:00,Llaima,MODIS,0.0,0.0,RUTINA,NULO,No descargada,2026-01-24 01:05:39,2026-01-24 06:30:41,NO
1769222100,2026-01-24 02:35:00,2026-01-23 23:35:00,Nevados de Chillan,MODIS,0.0,0.0,RUTINA,NULO,No descargada,2026-01-24 01:05:39,2026-01-24 06:30:41,NO
1769222100,2026-01-24 02:35:00,2026-01-23 23:35:00,Chaiten,MODIS,0.0,0.0,RUTINA,NULO,No descargada,2026-01-24 01:05:39,2026-01-24 06:30:41,NO
1769222100,2026-01-24 02:35:00,2026-01-23 23:35:00,Copahue,MODIS,0.0,0.0,RUTINA,NULO,No descargada,2026-01-24 01:05:39,2026-01-24 06:30:41,NO
1769216700,2026-01-24 01:05:00,2026-01-23 22:05:00,Isluga,MODIS,0.0,0.0,RUTINA,NULO,No descargada,2026-01-23 23:35:39,2026-01-24 06:30:41,NO
1769216700,2026-01-24 01:05:00,2026-01-23 22:05:00,Lascar,MODIS,0.0,0.0,RUTINA,NULO,No descargada,2026-01-23 23:35:39,2026-01-24 06:30:41,NO
1769198700,2026-01-23 20:05:00,2026-01-23 17:05:00,Lascar,MODIS,0.65,14.21,FALSO_POSITIVO,NULO,No descargada,2026-01-23 20:20:42,2026-01-23 23:30:41,NO
1769198700,2026-01-23 20:05:00,2026-01-23 17:05:00,Isluga,MODIS,0.0,0.0,RUTINA,NULO,No descargada,2026-01-23 20:20:42,2026-01-23 23:30:41,NO
1769198700,2026-01-23 20:05:00,2026-01-23 17:05:00,Lastarria,MODIS,0.0,0.0,RUTINA,NULO,No descargada,2026-01-23 20:20:42,2026-01-24 06:30:41,NO
1769198400,2026-01-23 20:00:00,2026-01-23 17:00:00,PlanchonPeteroa,MODIS,0.0,0.0,RUTINA,NULO,No descargada,2026-01-23 18:35:43,2026-01-24 01:00:43,NO
1769198400,2026-01-23 20:00:00,2026-01-23 17:00:00,Villarrica,MODIS,0.0,0.0,RUTINA,NULO,No descargada,2026-01-23 18:35:43,2026-01-24 01:00:43,NO
1769198400,2026-01-23 20:00:00,2026-01-23 17:00:00,Copahue,MODIS,0.0,0.0,RUTINA,NULO,No descargada,2026-01-23 18:35:43,2026-01-24 01:00:43,NO
1769198400,2026-01-23 20:00:00,2026-01-23 17:00:00,Llaima,MODIS,0.0,0.0,RUTINA,NULO,No descargada,2026-01-23 18:35:43,2026-01-24 01:00:43,NO
1769198400,2026-01-23 20:00:00,2026-01-23 17:00:00,Nevados de Chillan,MODIS,0.0,0.0,RUTINA,NULO,No descargada,2026-01-23 18:35:43,2026-01-24 01:00:43,NO
1769198400,2026-01-23 20:00:00,2026-01-23 17:00:00,Chaiten,VIIRS375,0.0,0.0,RUTINA,NULO,No descargada,2026-01-23 21:20:39,2026-01-24 05:45:39,NO
1769198400,2026-01-23 20:00:00,2026-01-23 17:00:00,Chaiten,VIIRS,0.0,0.0,RUTINA,NULO,No descargada,2026-01-23 20:05:40,2026-01-24 05:45:39,NO
1769198400,2026-01-23 20:00:00,2026-01-23 17:00:00,Villarrica,VIIRS375,0.0,0.0,RUTINA,NULO,No descargada,2026-01-23 21:20:39,2026-01-24 10:00:44,NO
1769198400,2026-01-23 20:00:00,2026-01-23 17:00:00,Villarrica,VIIRS,0.0,0.0,RUTINA,NULO,No descargada,2026-01-23 20:05:40,2026-01-24 07:15:38,NO
1769198400,2026-01-23 20:00:00,2026-01-23 17:00:00,Chaiten,MODIS,0.0,0.0,RUTINA,NULO,No descargada,2026-01-23 18:35:43,2026-01-24 01:00:43,NO
1769198400,2026-01-23 20:00:00,2026-01-23 17:00:00,Puyehue-Cordon Caulle,VIIRS375,0.0,0.0,RUTINA,NULO,No descargada,2026-01-23 21:20:39,2026-01-24 05:45:39,NO
1769198400,2026-01-23 20:00:00,2026-01-23 17:00:00,Puyehue-Cordon Caulle,VIIRS,0.0,0.0,RUTINA,NULO,No descargada,2026-01-23 20:05:40,2026-01-24 05:45:39,NO
1769198400,2026-01-23 20:00:00,2026-01-23 17:00:00,Puyehue-Cordon Caulle,MODIS,0.0,0.0,RUTINA,NULO,No descargada,2026-01-23 18:35:43,2026-01-24 01:00:43,NO
1769194081,2026-01-23 18:48:01,2026-01-23 15:48:01,Isluga,VIIRS375,0.48,18.14,FALSO_POSITIVO,NULO,No descargada,2026-01-23 20:35:49,2026-01-24 08:30:46,NO
1769194081,2026-01-23 18:48:01,2026-01-23 15:48:01,Isluga,VIIRS,0.0,0.0,RUTINA,NULO,No descargada,2026-01-23 19:05:37,2026-01-24 06:30:41,NO
1769193721,2026-01-23 18:42:01,2026-01-23 15:42:01,Llaima,VIIRS375,0.0,0.0,RUTINA,NULO,No descargada,2026-01-23 20:20:42,2026-01-24 08:30:46,NO
1769193721,2026-01-23 18:42:01,2026-01-23 15:42:01,Lastarria,VIIRS375,0.0,0.0,RUTINA,NULO,No descargada,2026-01-23 20:20:42,2026-01-24 08:30:46,NO
1769193721,2026-01-23 18:42:01,2026-01-23 15:42:01,Lascar,VIIRS375,0.33,23.96,FALSO_POSITIVO,NULO,No descargada,2026-01-23 20:20:42,2026-01-24 08:30:46,NO
1769193721,2026-01-23 18:42:01,2026-01-23 15:42:01,Villarrica,VIIRS,0.0,0.0,RUTINA,NULO,No descargada,2026-01-23 19:05:37,2026-01-23 20:00:41,NO
1769193721,2026-01-23 18:42:01,2026-01-23 15:42:01,Llaima,VIIRS,0.0,0.0,RUTINA,NULO,No descargada,2026-01-23 19:05:37,2026-01-24 06:30:41,NO
1769193721,2026-01-23 18:42:01,2026-01-23 15:42:01,Puyehue-Cordon Caulle,VIIRS375,0.0,0.0,RUTINA,NULO,No descargada,2026-01-23 20:20:42,2026-01-23 21:15:39,NO
1769193721,2026-01-23 18:42:01,2026-01-23 15:42:01,PlanchonPeteroa,VIIRS,0.0,0.0,RUTINA,NULO,No descargada,2026-01-23 19:05:37,2026-01-24 06:30:41,NO
1769193721,2026-01-23 18:42:01,2026-01-23 15:42:01,Nevados de Chillan,VIIRS375,0.0,0.0,RUTINA,NULO,No descargada,2026-01-23 20:20:42,2026-01-24 08:30:46,NO
1769193721,2026-01-23 18:42:01,2026-01-23 15:42:01,Lascar,VIIRS,0.0,0.0,RUTINA,NULO,No descargada,2026-01-23 19:05:37,2026-01-24 06:30:41,NO
1769193721,2026-01-23 18:42:01,2026-01-23 15:42:01,Puyehue-Cordon Caulle,VIIRS,0.0,0.0,RUTINA,NULO,No descargada,2026-01-23 19:05:37,2026-01-23 20:00:41,NO
1769193721,2026-01-23 18:42:01,2026-01-23 15:42:01,Copahue,VIIRS375,0.0,0.0,RUTINA,NULO,No descargada,2026-01-23 20:20:42,2026-01-24 08:30:46,NO
1769193721,2026-01-23 18:42:01,2026-01-23 15:42:01,Nevados de Chillan,VIIRS,0.0,0.0,RUTINA,NULO,No descargada,2026-01-23 19:05:37,2026-01-24 06:30:41,NO
1769193721,2026-01-23 18:42:01,2026-01-23 15:42:01,Chaiten,VIIRS,0.0,0.0,RUTINA,NULO,No descargada,2026-01-23 19:05:37,2026-01-23 20:00:41,NO
1769193721,2026-01-23 18:42:01,2026-01-23 15:42:01,PlanchonPeteroa,VIIRS375,0.0,0.0,RUTINA,NULO,No descargada,2026-01-23 20:20:42,2026-01-24 08:30:46,NO
1769193721,2026-01-23 18:42:01,2026-01-23 15:42:01,Villarrica,VIIRS375,0.0,0.0,RUTINA,NULO,No descargada,2026-01-23 20:20:42,2026-01-23 21:15:39,NO
1769193721,2026-01-23 18:42:01,2026-01-23 15:42:01,Chaiten,VIIRS375,0.0,0.0,RUTINA,NULO,No descargada,2026-01-23 20:20:42,2026-01-23 21:15:39,NO
1769193721,2026-01-23 18:42:01,2026-01-23 15:42:01,Lastarria,VIIRS,0.0,0.0,RUTINA,NULO,No descargada,2026-01-23 19:05:37,2026-01-24 06:30:41,NO
1769193721,2026-01-23 18:42:01,2026-01-23 15:42:01,Copahue,VIIRS,0.0,0.0,RUTINA,NULO,No descargada,2026-01-23 19:05:37,2026-01-24 06:30:41,NO
1769192640,2026-01-23 18:24:00,2026-01-23 15:24:00,Isluga,VIIRS,0.32,30.27,FALSO_POSITIVO,NULO,No descargada,2026-01-23 18:35:43,2026-01-23 19:00:43,NO
1769192640,2026-01-23 18:24:00,2026-01-23 15:24:00,Lascar,VIIRS375,0.0,0.0,RUTINA,NULO,No descargada,2026-01-23 19:35:37,2026-01-23 20:15:39,NO
1769192640,2026-01-23 18:24:00,2026-01-23 15:24:00,Lastarria,VIIRS,0.0,0.0,RUTINA,NULO,No descargada,2026-01-23 18:50:38,2026-01-23 19:00:43,NO
1769192640,2026-01-23 18:24:00,2026-01-23 15:24:00,Lascar,VIIRS,0.0,0.0,RUTINA,NULO,No descargada,2026-01-23 18:35:43,2026-01-23 19:00:43,NO
1769192640,2026-01-23 18:24:00,2026-01-23 15:24:00,Isluga,VIIRS375,0.0,0.0,RUTINA,NULO,No descargada,2026-01-23 19:20:42,2026-01-23 20:30:44,NO
1769192640,2026-01-23 18:24:00,2026-01-23 15:24:00,Lastarria,VIIRS375,0.0,0.0,RUTINA,NULO,No descargada,2026-01-23 19:35:37,2026-01-23 20:15:39,NO
1769192280,2026-01-23 18:18:00,2026-01-23 15:18:00,Villarrica,VIIRS375,0.0,0.0,RUTINA,NULO,No descargada,2026-01-23 19:20:42,2026-01-23 20:15:39,NO
1769192280,2026-01-23 18:18:00,2026-01-23 15:18:00,Villarrica,VIIRS,0.0,0.0,RUTINA,NULO,No descargada,2026-01-23 18:35:43,2026-01-23 19:00:43,NO
1769192280,2026-01-23 18:18:00,2026-01-23 15:18:00,Llaima,VIIRS375,0.0,0.0,RUTINA,NULO,No descargada,2026-01-23 19:20:42,2026-01-23 20:15:39,NO
1769192280,2026-01-23 18:18:00,2026-01-23 15:18:00,Chaiten,VIIRS375,0.0,0.0,RUTINA,NULO,No descargada,2026-01-23 19:20:42,2026-01-23 20:15:39,NO
1769192280,2026-01-23 18:18:00,2026-01-23 15:18:00,Chaiten,VIIRS,0.0,0.0,RUTINA,NULO,No descargada,2026-01-23 18:35:43,2026-01-23 19:00:43,NO
1769192280,2026-01-23 18:18:00,2026-01-23 15:18:00,Puyehue-Cordon Caulle,VIIRS,0.0,0.0,RUTINA,NULO,No descargada,2026-01-23 18:35:43,2026-01-23 19:00:43,NO
1769192280,2026-01-23 18:18:00,2026-01-23 15:18:00,Copahue,VIIRS375,0.0,0.0,RUTINA,NULO,No descargada,2026-01-23 19:20:42,2026-01-23 20:15:39,NO
1769192280,2026-01-23 18:18:00,2026-01-23 15:18:00,Nevados de Chillan,VIIRS375,0.0,0.0,RUTINA,NULO,No descargada,2026-01-23 19:20:42,2026-01-23 20:15:39,NO
1769192280,2026-01-23 18:18:00,2026-01-23 15:18:00,Nevados de Chillan,VIIRS,0.0,0.0,RUTINA,NULO,No descargada,2026-01-23 18:35:43,2026-01-23 19:00:43,NO
1769192280,2026-01-23 18:18:00,2026-01-23 15:18:00,Puyehue-Cordon Caulle,VIIRS375,0.0,0.0,RUTINA,NULO,No descargada,2026-01-23 19:20:42,2026-01-23 20:15:39,NO
1769192280,2026-01-23 18:18:00,2026-01-23 15:18:00,Copahue,VIIRS,0.0,0.0,RUTINA,NULO,No descargada,2026-01-23 18:35:43,2026-01-23 19:00:43,NO
1769192280,2026-01-23 18:18:00,2026-01-23 15:18:00,Llaima,VIIRS,0.0,0.0,RUTINA,NULO,No descargada,2026-01-23 18:35:43,2026-01-23 19:00:43,NO
1769173200,2026-01-23 13:00:00,2026-01-23 10:00:00,Villarrica,MODIS,0.0,0.0,RUTINA,NULO,No descargada,2026-01-23 11:35:43,2026-01-23 18:31:13,NO
1769173200,2026-01-23 13:00:00,2026-01-23 10:00:00,Puyehue-Cordon Caulle,MODIS,0.0,0.0,RUTINA,NULO,No descargada,2026-01-23 11:35:43,2026-01-23 18:31:13,NO
1769173200,2026-01-23 13:00:00,2026-01-23 10:00:00,Chaiten,MODIS,0.0,0.0,RUTINA,NULO,No descargada,2026-01-23 11:35:43,2026-01-23 18:31:13,NO
1769173200,2026-01-23 13:00:00,2026-01-23 10:00:00,Copahue,MODIS,0.0,0.0,RUTINA,NULO,No descargada,2026-01-23 11:35:43,2026-01-23 18:31:13,NO
1769173200,2026-01-23 13:00:00,2026-01-23 10:00:00,Nevados de Chillan,MODIS,0.0,0.0,RUTINA,NULO,No descargada,2026-01-23 11:35:43,2026-01-23 18:31:13,NO
1769173200,2026-01-23 13:00:00,2026-01-23 10:00:00,Llaima,MODIS,0.0,0.0,RUTINA,NULO,No descargada,2026-01-23 11:35:43,2026-01-23 18:31:13,NO
1769173200,2026-01-23 13:00:00,2026-01-23 10:00:00,PlanchonPeteroa,MODIS,0.0,0.0,RUTINA,NULO,No descargada,2026-01-23 11:35:43,2026-01-23 18:31:13,NO
1769172900,2026-01-23 12:55:00,2026-01-23 09:55:00,Lastarria,MODIS,0.0,0.0,RUTINA,NULO,No descargada,2026-01-23 11:35:43,2026-01-23 20:15:39,NO
1769172900,2026-01-23 12:55:00,2026-01-23 09:55:00,Isluga,MODIS,0.0,0.0,RUTINA,NULO,No descargada,2026-01-23 11:35:43,2026-01-23 20:15:39,NO
1769172900,2026-01-23 12:55:00,2026-01-23 09:55:00,Lascar,MODIS,0.0,0.0,RUTINA,NULO,No descargada,2026-01-23 11:35:43,2026-01-23 20:15:39,NO
1769155500,2026-01-23 08:05:00,2026-01-23 05:05:00,Chaiten,MODIS,0.0,0.0,RUTINA,NULO,No descargada,2026-01-23 07:50:43,2026-01-23 11:30:52,NO
1769155200,2026-01-23 08:00:00,2026-01-23 05:00:00,Nevados de Chillan,MODIS,0.0,0.0,RUTINA,NULO,No descargada,2026-01-23 07:35:38,2026-01-23 11:30:52,NO
1769155200,2026-01-23 08:00:00,2026-01-23 05:00:00,Llaima,MODIS,0.0,0.0,RUTINA,NULO,No descargada,2026-01-23 07:35:38,2026-01-23 11:30:52,NO
1769155200,2026-01-23 08:00:00,2026-01-23 05:00:00,Lastarria,MODIS,0.0,0.0,RUTINA,NULO,No descargada,2026-01-23 07:35:38,2026-01-23 11:30:52,NO
1769155200,2026-01-23 08:00:00,2026-01-23 05:00:00,Puyehue-Cordon Caulle,MODIS,0.0,0.0,RUTINA,NULO,No descargada,2026-01-23 07:35:38,2026-01-23 11:30:52,NO
1769155200,2026-01-23 08:00:00,2026-01-23 05:00:00,Copahue,MODIS,0.0,0.0,RUTINA,NULO,No descargada,2026-01-23 07:35:38,2026-01-23 11:30:52,NO
1769155200,2026-01-23 08:00:00,2026-01-23 05:00:00,PlanchonPeteroa,MODIS,0.0,0.0,RUTINA,NULO,No descargada,2026-01-23 07:35:38,2026-01-23 11:30:52,NO
1769155200,2026-01-23 08:00:00,2026-01-23 05:00:00,Villarrica,MODIS,0.0,0.0,RUTINA,NULO,No descargada,2026-01-23 07:35:38,2026-01-23 11:30:52,NO
1769154900,2026-01-23 07:55:00,2026-01-23 04:55:00,Isluga,MODIS,0.0,0.0,RUTINA,NULO,No descargada,2026-01-23 07:35:38,2026-01-23 11:30:52,NO
1769154900,2026-01-23 07:55:00,2026-01-23 04:55:00,Lascar,MODIS,0.0,0.0,RUTINA,NULO,No descargada,2026-01-23 07:35:38,2026-01-23 11:30:52,NO
1769149500,2026-01-23 06:25:00,2026-01-23 03:25:00,Chaiten,MODIS,0.0,0.0,RUTINA,NULO,No descargada,2026-01-23 05:50:46,2026-01-23 07:45:41,NO
1769149441,2026-01-23 06:24:01,2026-01-23 03:24:01,Llaima,VIIRS375,0.0,0.0,RUTINA,NULO,No descargada,2026-01-23 06:20:38,2026-01-23 19:15:41,NO
1769149441,2026-01-23 06:24:01,2026-01-23 03:24:01,Chaiten,VIIRS375,0.0,0.0,RUTINA,NULO,No descargada,2026-01-23 06:20:38,2026-01-23 19:15:41,NO
1769149441,2026-01-23 06:24:01,2026-01-23 03:24:01,Copahue,VIIRS375,0.0,0.0,RUTINA,NULO,No descargada,2026-01-23 06:20:38,2026-01-23 19:15:41,NO
1769149441,2026-01-23 06:24:01,2026-01-23 03:24:01,Copahue,VIIRS,0.0,0.0,RUTINA,NULO,No descargada,2026-01-23 06:20:38,2026-01-23 18:31:13,NO
1769149441,2026-01-23 06:24:01,2026-01-23 03:24:01,Chaiten,VIIRS,0.0,0.0,RUTINA,NULO,No descargada,2026-01-23 06:20:38,2026-01-23 18:31:13,NO
1769149441,2026-01-23 06:24:01,2026-01-23 03:24:01,Villarrica,VIIRS,0.0,0.0,RUTINA,NULO,No descargada,2026-01-23 06:20:38,2026-01-23 18:31:13,NO
1769149441,2026-01-23 06:24:01,2026-01-23 03:24:01,Villarrica,VIIRS375,0.0,0.0,RUTINA,NULO,No descargada,2026-01-23 06:20:38,2026-01-23 19:15:41,NO
1769149441,2026-01-23 06:24:01,2026-01-23 03:24:01,Llaima,VIIRS,0.0,0.0,RUTINA,NULO,No descargada,2026-01-23 06:20:38,2026-01-23 18:31:13,NO
1769149441,2026-01-23 06:24:01,2026-01-23 03:24:01,Puyehue-Cordon Caulle,VIIRS375,0.67,7.83,ALERTA_TERMICA,Muy Bajo,imagenes_satelitales/Puyehue-Cordon Caulle/2026-01-23/06-24-01_Puyehue-Cordon Caulle_VIIRS375_Latest.png,2026-01-23 06:20:38,2026-01-23 19:15:41,NO
1769149441,2026-01-23 06:24:01,2026-01-23 03:24:01,Puyehue-Cordon Caulle,VIIRS,0.49,7.65,ALERTA_TERMICA,Muy Bajo,imagenes_satelitales/Puyehue-Cordon Caulle/2026-01-23/06-24-01_Puyehue-Cordon Caulle_VIIRS750_Latest.png,2026-01-23 06:20:38,2026-01-23 18:31:13,NO
1769149081,2026-01-23 06:18:01,2026-01-23 03:18:01,Isluga,VIIRS375,0.0,0.0,RUTINA,NULO,No descargada,2026-01-23 07:35:38,2026-01-23 19:15:41,NO
1769149081,2026-01-23 06:18:01,2026-01-23 03:18:01,Lascar,VIIRS,0.0,0.0,RUTINA,NULO,No descargada,2026-01-23 06:50:41,2026-01-23 18:31:13,NO
1769149081,2026-01-23 06:18:01,2026-01-23 03:18:01,Lastarria,VIIRS375,0.21,1.91,ALERTA_TERMICA,Muy Bajo,imagenes_satelitales/Lastarria/2026-01-23/06-18-01_Lastarria_VIIRS375_Latest.png,2026-01-23 07:35:38,2026-01-23 19:30:35,NO
1769149081,2026-01-23 06:18:01,2026-01-23 03:18:01,Isluga,VIIRS,0.0,0.0,RUTINA,NULO,No descargada,2026-01-23 06:50:41,2026-01-23 18:31:13,NO
1769149081,2026-01-23 06:18:01,2026-01-23 03:18:01,PlanchonPeteroa,VIIRS,0.0,0.0,RUTINA,NULO,No descargada,2026-01-23 06:50:41,2026-01-23 19:00:43,NO
1769149081,2026-01-23 06:18:01,2026-01-23 03:18:01,PlanchonPeteroa,VIIRS375,0.06,1.68,ALERTA_TERMICA,Muy Bajo,imagenes_satelitales/PlanchonPeteroa/2026-01-23/06-18-01_PlanchonPeteroa_VIIRS375_Latest.png,2026-01-23 07:35:38,2026-01-23 19:30:35,NO
1769149081,2026-01-23 06:18:01,2026-01-23 03:18:01,Lastarria,VIIRS,0.0,0.0,RUTINA,NULO,No descargada,2026-01-23 06:50:41,2026-01-23 18:45:39,NO
1769149081,2026-01-23 06:18:01,2026-01-23 03:18:01,Lascar,VIIRS375,0.0,0.0,RUTINA,NULO,No descargada,2026-01-23 07:35:38,2026-01-23 19:30:35,NO
1769148000,2026-01-23 06:00:00,2026-01-23 03:00:00,Copahue,VIIRS,0.0,0.0,RUTINA,NULO,No descargada,2026-01-23 05:50:46,2026-01-23 06:15:40,NO
1769148000,2026-01-23 06:00:00,2026-01-23 03:00:00,Nevados de Chillan,VIIRS,0.0,0.0,RUTINA,NULO,No descargada,2026-01-23 05:50:46,2026-01-23 18:31:13,NO
1769148000,2026-01-23 06:00:00,2026-01-23 03:00:00,Puyehue-Cordon Caulle,VIIRS,1.34,7.83,ALERTA_TERMICA,Bajo,imagenes_satelitales/Puyehue-Cordon Caulle/2026-01-23/06-00-00_Puyehue-Cordon Caulle_VIIRS750_Latest.png,2026-01-23 05:50:46,2026-01-23 06:15:40,NO
1769148000,2026-01-23 06:00:00,2026-01-23 03:00:00,Nevados de Chillan,VIIRS375,0.0,0.0,RUTINA,NULO,No descargada,2026-01-23 06:50:41,2026-01-23 18:15:42,NO
1769148000,2026-01-23 06:00:00,2026-01-23 03:00:00,Llaima,VIIRS,0.0,0.0,RUTINA,NULO,No descargada,2026-01-23 05:50:46,2026-01-23 06:15:40,NO
1769148000,2026-01-23 06:00:00,2026-01-23 03:00:00,PlanchonPeteroa,VIIRS,0.0,0.0,RUTINA,NULO,No descargada,2026-01-23 05:50:46,2026-01-23 06:45:39,NO
1769148000,2026-01-23 06:00:00,2026-01-23 03:00:00,PlanchonPeteroa,VIIRS375,0.0,0.0,RUTINA,NULO,No descargada,2026-01-23 06:50:41,2026-01-23 07:30:44,NO
1769148000,2026-01-23 06:00:00,2026-01-23 03:00:00,Villarrica,VIIRS,0.0,0.0,RUTINA,NULO,No descargada,2026-01-23 05:50:46,2026-01-23 06:15:40,NO
1769148000,2026-01-23 06:00:00,2026-01-23 03:00:00,Chaiten,VIIRS,0.0,0.0,RUTINA,NULO,No descargada,2026-01-23 05:50:46,2026-01-23 06:15:40,NO
1769147640,2026-01-23 05:54:00,2026-01-23 02:54:00,Lascar,VIIRS375,0.09,1.13,ALERTA_TERMICA,Muy Bajo,imagenes_satelitales/Lascar/2026-01-23/05-54-00_Lascar_VIIRS375_Latest.png,2026-01-23 06:50:41,2026-01-23 07:30:44,NO
1769147640,2026-01-23 05:54:00,2026-01-23 02:54:00,Isluga,VIIRS375,0.0,0.0,RUTINA,NULO,No descargada,2026-01-23 06:50:41,2026-01-23 07:30:44,NO
1769147640,2026-01-23 05:54:00,2026-01-23 02:54:00,Lascar,VIIRS,0.0,0.0,RUTINA,NULO,No descargada,2026-01-23 06:20:38,2026-01-23 06:45:39,NO
1769147640,2026-01-23 05:54:00,2026-01-23 02:54:00,Isluga,VIIRS,0.0,0.0,RUTINA,NULO,No descargada,2026-01-23 06:20:38,2026-01-23 06:45:39,NO
1769143321,2026-01-23 04:42:01,2026-01-23 01:42:01,Villarrica,VIIRS,0.0,0.0,RUTINA,NULO,No descargada,2026-01-23 05:05:40,2026-01-23 05:45:42,NO
1769143321,2026-01-23 04:42:01,2026-01-23 01:42:01,Copahue,VIIRS375,0.0,0.0,RUTINA,NULO,No descargada,2026-01-23 04:50:41,2026-01-23 06:15:40,NO
1769143321,2026-01-23 04:42:01,2026-01-23 01:42:01,Llaima,VIIRS,0.0,0.0,RUTINA,NULO,No descargada,2026-01-23 05:05:40,2026-01-23 05:45:42,NO
1769143321,2026-01-23 04:42:01,2026-01-23 01:42:01,Chaiten,VIIRS375,0.0,0.0,RUTINA,NULO,No descargada,2026-01-23 04:50:41,2026-01-23 06:15:40,NO
1769143321,2026-01-23 04:42:01,2026-01-23 01:42:01,Llaima,VIIRS375,0.0,0.0,RUTINA,NULO,No descargada,2026-01-23 04:50:41,2026-01-23 06:15:40,NO
1769143321,2026-01-23 04:42:01,2026-01-23 01:42:01,PlanchonPeteroa,VIIRS,0.0,0.0,RUTINA,NULO,No descargada,2026-01-23 05:05:40,2026-01-23 05:45:42,NO
1769143321,2026-01-23 04:42:01,2026-01-23 01:42:01,Nevados de Chillan,VIIRS375,0.0,0.0,RUTINA,NULO,No descargada,2026-01-23 04:50:41,2026-01-23 06:45:39,NO
1769143321,2026-01-23 04:42:01,2026-01-23 01:42:01,Nevados de Chillan,VIIRS,0.0,0.0,RUTINA,NULO,No descargada,2026-01-23 05:05:40,2026-01-23 05:45:42,NO
1769143321,2026-01-23 04:42:01,2026-01-23 01:42:01,PlanchonPeteroa,VIIRS375,0.0,0.0,RUTINA,NULO,No descargada,2026-01-23 04:50:41,2026-01-23 06:45:39,NO
1769143321,2026-01-23 04:42:01,2026-01-23 01:42:01,Chaiten,VIIRS,0.0,0.0,RUTINA,NULO,No descargada,2026-01-23 05:20:43,2026-01-23 05:45:42,NO
1769143321,2026-01-23 04:42:01,2026-01-23 01:42:01,Villarrica,VIIRS375,0.0,0.0,RUTINA,NULO,No descargada,2026-01-23 04:50:41,2026-01-23 06:15:40,NO
1769143321,2026-01-23 04:42:01,2026-01-23 01:42:01,Puyehue-Cordon Caulle,VIIRS375,0.39,8.66,ALERTA_TERMICA,Muy Bajo,imagenes_satelitales/Puyehue-Cordon Caulle/2026-01-23/04-42-01_Puyehue-Cordon Caulle_VIIRS375_Latest.png,2026-01-23 04:50:41,2026-01-23 06:15:40,NO
1769143321,2026-01-23 04:42:01,2026-01-23 01:42:01,Copahue,VIIRS,0.0,0.0,RUTINA,NULO,No descargada,2026-01-23 05:05:40,2026-01-23 05:45:42,NO
1769143321,2026-01-23 04:42:01,2026-01-23 01:42:01,Puyehue-Cordon Caulle,VIIRS,0.0,0.0,RUTINA,NULO,No descargada,2026-01-23 05:20:43,2026-01-23 05:45:42,NO
1769142961,2026-01-23 04:36:01,2026-01-23 01:36:01,Lastarria,VIIRS375,0.0,0.0,RUTINA,NULO,No descargada,2026-01-23 04:50:41,2026-01-23 07:30:44,NO
1769142961,2026-01-23 04:36:01,2026-01-23 01:36:01,Lascar,VIIRS,0.0,0.0,RUTINA,NULO,No descargada,2026-01-23 05:05:40,2026-01-23 06:15:40,NO
1769142961,2026-01-23 04:36:01,2026-01-23 01:36:01,Lastarria,VIIRS,0.0,0.0,RUTINA,NULO,No descargada,2026-01-23 05:05:40,2026-01-23 06:45:39,NO
1769142961,2026-01-23 04:36:01,2026-01-23 01:36:01,Lascar,VIIRS375,0.0,0.0,RUTINA,NULO,No descargada,2026-01-23 04:50:41,2026-01-23 06:45:39,NO
1769142240,2026-01-23 04:24:00,2026-01-23 01:24:00,Chaiten,VIIRS,0.0,0.0,RUTINA,NULO,No descargada,2026-01-23 04:50:41,2026-01-23 05:15:39,NO
1769133900,2026-01-23 02:05:00,2026-01-22 23:05:00,Isluga,MODIS,0.0,0.0,RUTINA,NULO,No descargada,2026-01-23 01:35:52,2026-01-23 07:30:44,NO
1769133600,2026-01-23 02:00:00,2026-01-22 23:00:00,Llaima,MODIS,0.0,0.0,RUTINA,NULO,No descargada,2026-01-23 00:20:40,2026-01-23 07:30:44,NO
1769133600,2026-01-23 02:00:00,2026-01-22 23:00:00,PlanchonPeteroa,MODIS,0.0,0.0,RUTINA,NULO,No descargada,2026-01-23 00:20:40,2026-01-23 07:30:44,NO
1769133600,2026-01-23 02:00:00,2026-01-22 23:00:00,Lascar,MODIS,0.0,0.0,RUTINA,NULO,No descargada,2026-01-23 00:20:40,2026-01-23 07:30:44,NO
1769133600,2026-01-23 02:00:00,2026-01-22 23:00:00,Nevados de Chillan,MODIS,0.0,0.0,RUTINA,NULO,No descargada,2026-01-23 00:20:40,2026-01-23 07:30:44,NO
1769133600,2026-01-23 02:00:00,2026-01-22 23:00:00,Copahue,MODIS,0.0,0.0,RUTINA,NULO,No descargada,2026-01-23 00:20:40,2026-01-23 07:30:44,NO
1769133600,2026-01-23 02:00:00,2026-01-22 23:00:00,Lastarria,MODIS,0.0,0.0,RUTINA,NULO,No descargada,2026-01-23 00:20:40,2026-01-23 07:30:44,NO
1769133300,2026-01-23 01:55:00,2026-01-22 22:55:00,Villarrica,MODIS,0.0,0.0,RUTINA,NULO,No descargada,2026-01-23 00:35:43,2026-01-23 07:30:44,NO
1769133300,2026-01-23 01:55:00,2026-01-22 22:55:00,Chaiten,MODIS,0.0,0.0,RUTINA,NULO,No descargada,2026-01-23 00:35:43,2026-01-23 05:45:42,NO
1769133300,2026-01-23 01:55:00,2026-01-22 22:55:00,Puyehue-Cordon Caulle,MODIS,0.0,0.0,RUTINA,NULO,No descargada,2026-01-23 00:35:43,2026-01-23 07:30:44,NO
1769115600,2026-01-22 21:00:00,2026-01-22 18:00:00,PlanchonPeteroa,MODIS,0.0,0.0,RUTINA,NULO,No descargada,2026-01-22 19:20:37,2026-01-23 00:15:47,NO
1769115600,2026-01-22 21:00:00,2026-01-22 18:00:00,Chaiten,MODIS,0.0,0.0,RUTINA,NULO,No descargada,2026-01-22 19:35:38,2026-01-23 00:30:42,NO
1769115600,2026-01-22 21:00:00,2026-01-22 18:00:00,Llaima,MODIS,0.0,0.0,RUTINA,NULO,No descargada,2026-01-22 19:35:38,2026-01-23 00:15:47,NO
1769115600,2026-01-22 21:00:00,2026-01-22 18:00:00,Villarrica,MODIS,0.0,0.0,RUTINA,NULO,No descargada,2026-01-22 19:35:38,2026-01-23 00:30:42,NO
1769115600,2026-01-22 21:00:00,2026-01-22 18:00:00,Nevados de Chillan,MODIS,0.0,0.0,RUTINA,NULO,No descargada,2026-01-22 19:20:37,2026-01-23 00:15:47,NO
1769115600,2026-01-22 21:00:00,2026-01-22 18:00:00,Copahue,MODIS,0.0,0.0,RUTINA,NULO,No descargada,2026-01-22 19:35:38,2026-01-23 00:15:47,NO
1769115600,2026-01-22 21:00:00,2026-01-22 18:00:00,Puyehue-Cordon Caulle,MODIS,0.0,0.0,RUTINA,NULO,No descargada,2026-01-22 19:35:38,2026-01-23 00:30:42,NO
1769109900,2026-01-22 19:25:00,2026-01-22 16:25:00,Lascar,MODIS,0.0,0.0,RUTINA,NULO,No descargada,2026-01-22 17:50:45,2026-01-23 00:15:47,NO
1769109900,2026-01-22 19:25:00,2026-01-22 16:25:00,Isluga,MODIS,0.0,0.0,RUTINA,NULO,No descargada,2026-01-22 17:50:45,2026-01-23 01:30:44,NO
1769109900,2026-01-22 19:25:00,2026-01-22 16:25:00,PlanchonPeteroa,MODIS,0.0,0.0,RUTINA,NULO,No descargada,2026-01-22 17:50:45,2026-01-22 19:15:41,NO
1769109900,2026-01-22 19:25:00,2026-01-22 16:25:00,Lastarria,MODIS,0.0,0.0,RUTINA,NULO,No descargada,2026-01-22 17:50:45,2026-01-23 00:15:47,NO
1769108761,2026-01-22 19:06:01,2026-01-22 16:06:01,Lascar,VIIRS375,0.0,0.0,RUTINA,NULO,No descargada,2026-01-22 18:20:42,2026-01-23 04:45:43,NO
1769108761,2026-01-22 19:06:01,2026-01-22 16:06:01,Lastarria,VIIRS,0.0,0.0,RUTINA,NULO,No descargada,2026-01-22 18:20:42,2026-01-23 05:00:43,NO
1769108761,2026-01-22 19:06:01,2026-01-22 16:06:01,Isluga,VIIRS,0.0,0.0,RUTINA,NULO,No descargada,2026-01-22 18:20:42,2026-01-23 06:15:40,NO
1769108761,2026-01-22 19:06:01,2026-01-22 16:06:01,Isluga,VIIRS375,0.0,0.0,RUTINA,NULO,No descargada,2026-01-22 18:20:42,2026-01-23 06:45:39,NO
1769108761,2026-01-22 19:06:01,2026-01-22 16:06:01,Lastarria,VIIRS375,0.0,0.0,RUTINA,NULO,No descargada,2026-01-22 18:20:42,2026-01-23 04:45:43,NO
1769108761,2026-01-22 19:06:01,2026-01-22 16:06:01,Lascar,VIIRS,0.0,0.0,RUTINA,NULO,No descargada,2026-01-22 18:20:42,2026-01-23 05:00:43,NO
1769108401,2026-01-22 19:00:01,2026-01-22 16:00:01,Llaima,VIIRS,0.0,0.0,RUTINA,NULO,No descargada,2026-01-22 18:50:43,2026-01-23 05:00:43,NO
1769108401,2026-01-22 19:00:01,2026-01-22 16:00:01,Puyehue-Cordon Caulle,VIIRS,0.0,0.0,RUTINA,NULO,No descargada,2026-01-22 19:05:37,2026-01-23 05:15:39,NO
1769108401,2026-01-22 19:00:01,2026-01-22 16:00:01,Chaiten,VIIRS375,0.0,0.0,RUTINA,NULO,No descargada,2026-01-22 19:35:38,2026-01-23 04:45:43,NO
1769108401,2026-01-22 19:00:01,2026-01-22 16:00:01,Nevados de Chillan,VIIRS375,0.0,0.0,RUTINA,NULO,No descargada,2026-01-22 19:35:38,2026-01-23 04:45:43,NO
1769108401,2026-01-22 19:00:01,2026-01-22 16:00:01,PlanchonPeteroa,VIIRS375,0.0,0.0,RUTINA,NULO,No descargada,2026-01-22 19:35:38,2026-01-23 04:45:43,NO
1769108401,2026-01-22 19:00:01,2026-01-22 16:00:01,Nevados de Chillan,VIIRS,0.0,0.0,RUTINA,NULO,No descargada,2026-01-22 18:50:43,2026-01-23 05:00:43,NO
1769108401,2026-01-22 19:00:01,2026-01-22 16:00:01,Copahue,VIIRS,0.0,0.0,RUTINA,NULO,No descargada,2026-01-22 18:50:43,2026-01-23 05:00:43,NO
1769108401,2026-01-22 19:00:01,2026-01-22 16:00:01,Villarrica,VIIRS375,0.0,0.0,RUTINA,NULO,No descargada,2026-01-22 19:35:38,2026-01-23 04:45:43,NO
1769108401,2026-01-22 19:00:01,2026-01-22 16:00:01,Villarrica,VIIRS,0.0,0.0,RUTINA,NULO,No descargada,2026-01-22 19:05:37,2026-01-23 05:00:43,NO
1769108401,2026-01-22 19:00:01,2026-01-22 16:00:01,PlanchonPeteroa,VIIRS,0.0,0.0,RUTINA,NULO,No descargada,2026-01-22 18:50:43,2026-01-23 05:00:43,NO
1769108401,2026-01-22 19:00:01,2026-01-22 16:00:01,Copahue,VIIRS375,0.0,0.0,RUTINA,NULO,No descargada,2026-01-22 19:35:38,2026-01-23 04:45:43,NO
1769108401,2026-01-22 19:00:01,2026-01-22 16:00:01,Llaima,VIIRS375,0.0,0.0,RUTINA,NULO,No descargada,2026-01-22 19:35:38,2026-01-23 04:45:43,NO
1769108401,2026-01-22 19:00:01,2026-01-22 16:00:01,Puyehue-Cordon Caulle,VIIRS375,0.0,0.0,RUTINA,NULO,No descargada,2026-01-22 19:35:38,2026-01-23 04:45:43,NO
1769108401,2026-01-22 19:00:01,2026-01-22 16:00:01,Chaiten,VIIRS,0.0,0.0,RUTINA,NULO,No descargada,2026-01-22 19:05:37,2026-01-23 04:45:43,NO
1769107320,2026-01-22 18:42:00,2026-01-22 15:42:00,Nevados de Chillan,VIIRS,0.0,0.0,RUTINA,NULO,No descargada,2026-01-22 18:05:39,2026-01-22 18:45:41,NO
1769107320,2026-01-22 18:42:00,2026-01-22 15:42:00,PlanchonPeteroa,VIIRS,0.0,0.0,RUTINA,NULO,No descargada,2026-01-22 18:05:39,2026-01-22 18:45:41,NO
1769107320,2026-01-22 18:42:00,2026-01-22 15:42:00,Copahue,VIIRS,0.0,0.0,RUTINA,NULO,No descargada,2026-01-22 18:05:39,2026-01-22 18:45:41,NO
1769107320,2026-01-22 18:42:00,2026-01-22 15:42:00,Lastarria,VIIRS,0.0,0.0,RUTINA,NULO,No descargada,2026-01-22 18:05:39,2026-01-22 18:15:42,NO
1769107320,2026-01-22 18:42:00,2026-01-22 15:42:00,Copahue,VIIRS375,0.0,0.0,RUTINA,NULO,No descargada,2026-01-22 19:05:37,2026-01-22 19:30:55,NO
1769107320,2026-01-22 18:42:00,2026-01-22 15:42:00,Isluga,VIIRS,0.0,0.0,RUTINA,NULO,No descargada,2026-01-22 18:05:39,2026-01-22 18:15:42,NO
1769107320,2026-01-22 18:42:00,2026-01-22 15:42:00,PlanchonPeteroa,VIIRS375,0.0,0.0,RUTINA,NULO,No descargada,2026-01-22 19:05:37,2026-01-22 19:30:55,NO
1769107320,2026-01-22 18:42:00,2026-01-22 15:42:00,Nevados de Chillan,VIIRS375,0.0,0.0,RUTINA,NULO,No descargada,2026-01-22 19:05:37,2026-01-22 19:30:55,NO
1769107320,2026-01-22 18:42:00,2026-01-22 15:42:00,Lascar,VIIRS,0.0,0.0,RUTINA,NULO,No descargada,2026-01-22 18:05:39,2026-01-22 18:15:42,NO
1769106960,2026-01-22 18:36:00,2026-01-22 15:36:00,Chaiten,VIIRS,0.0,0.0,RUTINA,NULO,No descargada,2026-01-22 18:05:39,2026-01-22 19:00:43,NO
1769106960,2026-01-22 18:36:00,2026-01-22 15:36:00,Puyehue-Cordon Caulle,VIIRS375,0.0,0.0,RUTINA,NULO,No descargada,2026-01-22 19:05:37,2026-01-22 19:30:55,NO
1769106960,2026-01-22 18:36:00,2026-01-22 15:36:00,Villarrica,VIIRS375,0.0,0.0,RUTINA,NULO,No descargada,2026-01-22 19:05:37,2026-01-22 19:30:55,NO
1769106960,2026-01-22 18:36:00,2026-01-22 15:36:00,Villarrica,VIIRS,0.0,0.0,RUTINA,NULO,No descargada,2026-01-22 18:05:39,2026-01-22 19:00:43,NO
1769106960,2026-01-22 18:36:00,2026-01-22 15:36:00,Puyehue-Cordon Caulle,VIIRS,0.0,0.0,RUTINA,NULO,No descargada,2026-01-22 18:05:39,2026-01-22 19:00:43,NO
1769106960,2026-01-22 18:36:00,2026-01-22 15:36:00,Chaiten,VIIRS375,0.0,0.0,RUTINA,NULO,No descargada,2026-01-22 19:05:37,2026-01-22 19:30:55,NO
1769102641,2026-01-22 17:24:01,2026-01-22 14:24:01,Lascar,VIIRS,0.0,0.0,RUTINA,NULO,No descargada,2026-01-22 17:06:02,2026-01-22 18:00:44,NO
1769102641,2026-01-22 17:24:01,2026-01-22 14:24:01,Lastarria,VIIRS375,0.0,0.0,RUTINA,NULO,No descargada,2026-01-22 17:50:45,2026-01-22 18:15:42,NO
1769102641,2026-01-22 17:24:01,2026-01-22 14:24:01,Isluga,VIIRS,0.0,0.0,RUTINA,NULO,No descargada,2026-01-22 17:06:02,2026-01-22 18:00:44,NO
1769102641,2026-01-22 17:24:01,2026-01-22 14:24:01,Lascar,VIIRS375,0.0,0.0,RUTINA,NULO,No descargada,2026-01-22 17:50:45,2026-01-22 18:15:42,NO
1769102641,2026-01-22 17:24:01,2026-01-22 14:24:01,Lastarria,VIIRS,0.0,0.0,RUTINA,NULO,No descargada,2026-01-22 17:06:02,2026-01-22 18:00:44,NO
1769102641,2026-01-22 17:24:01,2026-01-22 14:24:01,Isluga,VIIRS375,0.0,0.0,RUTINA,NULO,No descargada,2026-01-22 17:50:45,2026-01-22 18:15:42,NO
1769090400,2026-01-22 14:00:00,2026-01-22 11:00:00,Puyehue-Cordon Caulle,MODIS,0.0,0.0,RUTINA,NULO,No descargada,2026-01-22 12:20:44,2026-01-22 19:30:55,NO
1769090400,2026-01-22 14:00:00,2026-01-22 11:00:00,Villarrica,MODIS,0.0,0.0,RUTINA,NULO,No descargada,2026-01-22 12:20:44,2026-01-22 19:30:55,NO
1769090400,2026-01-22 14:00:00,2026-01-22 11:00:00,Copahue,MODIS,0.0,0.0,RUTINA,NULO,No descargada,2026-01-22 12:20:44,2026-01-22 19:30:55,NO
1769090400,2026-01-22 14:00:00,2026-01-22 11:00:00,Chaiten,MODIS,0.0,0.0,RUTINA,NULO,No descargada,2026-01-22 12:20:44,2026-01-22 19:30:55,NO
1769090400,2026-01-22 14:00:00,2026-01-22 11:00:00,Llaima,MODIS,0.0,0.0,RUTINA,NULO,No descargada,2026-01-22 12:20:44,2026-01-22 19:30:55,NO
1769090400,2026-01-22 14:00:00,2026-01-22 11:00:00,PlanchonPeteroa,MODIS,0.0,0.0,RUTINA,NULO,No descargada,2026-01-22 12:20:44,2026-01-22 17:45:50,NO
1769090400,2026-01-22 14:00:00,2026-01-22 11:00:00,Nevados de Chillan,MODIS,0.0,0.0,RUTINA,NULO,No descargada,2026-01-22 12:20:44,2026-01-22 19:15:41,NO
1769090100,2026-01-22 13:55:00,2026-01-22 10:55:00,Isluga,MODIS,0.0,0.0,RUTINA,NULO,No descargada,2026-01-22 12:20:44,2026-01-22 17:45:50,NO
1769090100,2026-01-22 13:55:00,2026-01-22 10:55:00,Lascar,MODIS,0.0,0.0,RUTINA,NULO,No descargada,2026-01-22 12:20:44,2026-01-22 17:45:50,NO
1769090100,2026-01-22 13:55:00,2026-01-22 10:55:00,Lastarria,MODIS,0.0,0.0,RUTINA,NULO,No descargada,2026-01-22 12:20:44,2026-01-22 17:45:50,NO
1769084700,2026-01-22 12:25:00,2026-01-22 09:25:00,Chaiten,MODIS,0.0,0.0,RUTINA,NULO,No descargada,2026-01-22 11:35:42,2026-01-22 12:15:42,NO
1769066700,2026-01-22 07:25:00,2026-01-22 04:25:00,Llaima,MODIS,0.0,0.0,RUTINA,NULO,No descargada,2026-01-22 06:50:42,2026-01-22 12:15:42,NO
1769066700,2026-01-22 07:25:00,2026-01-22 04:25:00,Nevados de Chillan,MODIS,0.0,0.0,RUTINA,NULO,No descargada,2026-01-22 06:50:42,2026-01-22 12:15:42,NO
1769066700,2026-01-22 07:25:00,2026-01-22 04:25:00,Chaiten,MODIS,0.0,0.0,RUTINA,NULO,No descargada,2026-01-22 06:50:42,2026-01-22 11:30:42,NO
1769066700,2026-01-22 07:25:00,2026-01-22 04:25:00,Villarrica,MODIS,0.0,0.0,RUTINA,NULO,No descargada,2026-01-22 06:50:42,2026-01-22 12:15:42,NO
1769066700,2026-01-22 07:25:00,2026-01-22 04:25:00,Puyehue-Cordon Caulle,MODIS,0.0,0.0,RUTINA,NULO,No descargada,2026-01-22 06:50:42,2026-01-22 12:15:42,NO
1769066700,2026-01-22 07:25:00,2026-01-22 04:25:00,PlanchonPeteroa,MODIS,0.0,0.0,RUTINA,NULO,No descargada,2026-01-22 06:50:42,2026-01-22 12:15:42,NO
1769066700,2026-01-22 07:25:00,2026-01-22 04:25:00,Copahue,MODIS,0.0,0.0,RUTINA,NULO,No descargada,2026-01-22 06:50:42,2026-01-22 12:15:42,NO
1769066400,2026-01-22 07:20:00,2026-01-22 04:20:00,Isluga,MODIS,0.0,0.0,RUTINA,NULO,No descargada,2026-01-22 06:50:42,2026-01-22 12:15:42,NO
1769066400,2026-01-22 07:20:00,2026-01-22 04:20:00,Lastarria,MODIS,0.0,0.0,RUTINA,NULO,No descargada,2026-01-22 06:50:42,2026-01-22 12:15:42,NO
1769066400,2026-01-22 07:20:00,2026-01-22 04:20:00,Lascar,MODIS,0.0,0.0,RUTINA,NULO,No descargada,2026-01-22 06:50:42,2026-01-22 12:15:42,NO
1769064121,2026-01-22 06:42:01,2026-01-22 03:42:01,Nevados de Chillan,VIIRS375,0.0,0.0,RUTINA,NULO,No descargada,2026-01-22 07:35:40,2026-01-22 19:00:43,NO
1769064121,2026-01-22 06:42:01,2026-01-22 03:42:01,Chaiten,VIIRS375,0.0,0.0,RUTINA,NULO,No descargada,2026-01-22 07:35:40,2026-01-22 19:00:43,NO
1769064121,2026-01-22 06:42:01,2026-01-22 03:42:01,Villarrica,VIIRS,0.0,0.0,RUTINA,NULO,No descargada,2026-01-22 07:05:40,2026-01-22 18:00:44,NO
1769064121,2026-01-22 06:42:01,2026-01-22 03:42:01,Llaima,VIIRS375,0.0,0.0,RUTINA,NULO,No descargada,2026-01-22 07:35:40,2026-01-22 19:00:43,NO
1769064121,2026-01-22 06:42:01,2026-01-22 03:42:01,Villarrica,VIIRS375,0.0,0.0,RUTINA,NULO,No descargada,2026-01-22 07:35:40,2026-01-22 18:30:51,NO
1769064121,2026-01-22 06:42:01,2026-01-22 03:42:01,PlanchonPeteroa,VIIRS375,0.0,0.0,RUTINA,NULO,No descargada,2026-01-22 07:35:40,2026-01-22 19:00:43,NO
1769064121,2026-01-22 06:42:01,2026-01-22 03:42:01,Puyehue-Cordon Caulle,VIIRS375,0.0,0.0,RUTINA,NULO,No descargada,2026-01-22 07:35:40,2026-01-22 19:00:43,NO
1769064121,2026-01-22 06:42:01,2026-01-22 03:42:01,PlanchonPeteroa,VIIRS,0.0,0.0,RUTINA,NULO,No descargada,2026-01-22 07:05:40,2026-01-22 18:00:44,NO
1769064121,2026-01-22 06:42:01,2026-01-22 03:42:01,Chaiten,VIIRS,0.0,0.0,RUTINA,NULO,No descargada,2026-01-22 07:05:40,2026-01-22 18:00:44,NO
1769064121,2026-01-22 06:42:01,2026-01-22 03:42:01,Copahue,VIIRS,0.0,0.0,RUTINA,NULO,No descargada,2026-01-22 07:05:40,2026-01-22 18:00:44,NO
1769064121,2026-01-22 06:42:01,2026-01-22 03:42:01,Copahue,VIIRS375,0.0,0.0,RUTINA,NULO,No descargada,2026-01-22 07:35:40,2026-01-22 19:00:43,NO
1769064121,2026-01-22 06:42:01,2026-01-22 03:42:01,Llaima,VIIRS,0.0,0.0,RUTINA,NULO,No descargada,2026-01-22 07:05:40,2026-01-22 18:45:41,NO
1769064121,2026-01-22 06:42:01,2026-01-22 03:42:01,Nevados de Chillan,VIIRS,0.0,0.0,RUTINA,NULO,No descargada,2026-01-22 07:05:40,2026-01-22 18:00:44,NO
1769064121,2026-01-22 06:42:01,2026-01-22 03:42:01,Puyehue-Cordon Caulle,VIIRS,0.0,0.0,RUTINA,NULO,No descargada,2026-01-22 07:05:40,2026-01-22 18:00:44,NO
1769063761,2026-01-22 06:36:01,2026-01-22 03:36:01,Lascar,VIIRS,0.0,0.0,RUTINA,NULO,No descargada,2026-01-22 06:50:42,2026-01-22 17:00:43,NO
1769063761,2026-01-22 06:36:01,2026-01-22 03:36:01,Isluga,VIIRS,0.0,0.0,RUTINA,NULO,No descargada,2026-01-22 06:50:42,2026-01-22 17:00:43,NO
1769063761,2026-01-22 06:36:01,2026-01-22 03:36:01,Lastarria,VIIRS375,0.64,30.83,FALSO_POSITIVO,NULO,No descargada,2026-01-22 06:50:42,2026-01-22 17:45:50,NO
1769063761,2026-01-22 06:36:01,2026-01-22 03:36:01,Lastarria,VIIRS,0.0,0.0,RUTINA,NULO,No descargada,2026-01-22 06:50:42,2026-01-22 17:00:43,NO
1769063761,2026-01-22 06:36:01,2026-01-22 03:36:01,Isluga,VIIRS375,0.0,0.0,RUTINA,NULO,No descargada,2026-01-22 06:50:42,2026-01-22 17:45:50,NO
1769063761,2026-01-22 06:36:01,2026-01-22 03:36:01,Lascar,VIIRS375,0.0,0.0,RUTINA,NULO,No descargada,2026-01-22 06:50:42,2026-01-22 17:45:50,NO
1769062680,2026-01-22 06:18:00,2026-01-22 03:18:00,Copahue,VIIRS375,0.0,0.0,RUTINA,NULO,No descargada,2026-01-22 07:05:40,2026-01-22 07:30:42,NO
1769062680,2026-01-22 06:18:00,2026-01-22 03:18:00,PlanchonPeteroa,VIIRS,0.0,0.0,RUTINA,NULO,No descargada,2026-01-22 06:05:34,2026-01-22 07:00:44,NO
1769062680,2026-01-22 06:18:00,2026-01-22 03:18:00,Lastarria,VIIRS,0.0,0.0,RUTINA,NULO,No descargada,2026-01-22 06:05:34,2026-01-22 06:45:43,NO
1769062680,2026-01-22 06:18:00,2026-01-22 03:18:00,PlanchonPeteroa,VIIRS375,0.0,0.0,RUTINA,NULO,No descargada,2026-01-22 07:05:40,2026-01-22 07:30:42,NO
1769062680,2026-01-22 06:18:00,2026-01-22 03:18:00,Villarrica,VIIRS,0.0,0.0,RUTINA,NULO,No descargada,2026-01-22 06:05:34,2026-01-22 07:00:44,NO
1769062680,2026-01-22 06:18:00,2026-01-22 03:18:00,Llaima,VIIRS375,0.0,0.0,RUTINA,NULO,No descargada,2026-01-22 07:05:40,2026-01-22 07:30:42,NO
1769062680,2026-01-22 06:18:00,2026-01-22 03:18:00,Puyehue-Cordon Caulle,VIIRS375,0.09,2.25,ALERTA_TERMICA,Muy Bajo,imagenes_satelitales/Puyehue-Cordon Caulle/2026-01-22/06-18-00_Puyehue-Cordon Caulle_VIIRS375_Latest.png,2026-01-22 07:05:40,2026-01-22 07:30:42,NO
1769062680,2026-01-22 06:18:00,2026-01-22 03:18:00,Villarrica,VIIRS375,0.0,0.0,RUTINA,NULO,No descargada,2026-01-22 07:05:40,2026-01-22 07:30:42,NO
1769062680,2026-01-22 06:18:00,2026-01-22 03:18:00,Llaima,VIIRS,0.0,0.0,RUTINA,NULO,No descargada,2026-01-22 06:05:34,2026-01-22 07:00:44,NO
1769062680,2026-01-22 06:18:00,2026-01-22 03:18:00,Nevados de Chillan,VIIRS375,0.0,0.0,RUTINA,NULO,No descargada,2026-01-22 07:05:40,2026-01-22 07:30:42,NO
1769062680,2026-01-22 06:18:00,2026-01-22 03:18:00,Lascar,VIIRS,0.0,0.0,RUTINA,NULO,No descargada,2026-01-22 05:50:57,2026-01-22 06:45:43,NO
1769062680,2026-01-22 06:18:00,2026-01-22 03:18:00,Puyehue-Cordon Caulle,VIIRS,0.0,0.0,RUTINA,NULO,No descargada,2026-01-22 06:05:34,2026-01-22 07:00:44,NO
1769062680,2026-01-22 06:18:00,2026-01-22 03:18:00,Copahue,VIIRS,0.0,0.0,RUTINA,NULO,No descargada,2026-01-22 06:05:34,2026-01-22 07:00:44,NO
1769062680,2026-01-22 06:18:00,2026-01-22 03:18:00,Nevados de Chillan,VIIRS,0.0,0.0,RUTINA,NULO,No descargada,2026-01-22 06:05:34,2026-01-22 07:00:44,NO
1769058001,2026-01-22 05:00:01,2026-01-22 02:00:01,Villarrica,VIIRS,0.0,0.0,RUTINA,NULO,No descargada,2026-01-22 04:35:45,2026-01-22 06:00:43,NO
1769058001,2026-01-22 05:00:01,2026-01-22 02:00:01,Copahue,VIIRS375,0.0,0.0,RUTINA,NULO,No descargada,2026-01-22 05:05:39,2026-01-22 07:00:44,NO
1769058001,2026-01-22 05:00:01,2026-01-22 02:00:01,Nevados de Chillan,VIIRS,0.0,0.0,RUTINA,NULO,No descargada,2026-01-22 04:35:45,2026-01-22 06:00:43,NO
1769058001,2026-01-22 05:00:01,2026-01-22 02:00:01,Nevados de Chillan,VIIRS375,0.0,0.0,RUTINA,NULO,No descargada,2026-01-22 05:05:39,2026-01-22 07:00:44,NO
1769058001,2026-01-22 05:00:01,2026-01-22 02:00:01,Llaima,VIIRS375,0.0,0.0,RUTINA,NULO,No descargada,2026-01-22 05:05:39,2026-01-22 07:00:44,NO
1769058001,2026-01-22 05:00:01,2026-01-22 02:00:01,Villarrica,VIIRS375,0.0,0.0,RUTINA,NULO,No descargada,2026-01-22 05:05:39,2026-01-22 07:00:44,NO
1769058001,2026-01-22 05:00:01,2026-01-22 02:00:01,Chaiten,VIIRS,0.0,0.0,RUTINA,NULO,No descargada,2026-01-22 04:35:45,2026-01-22 07:00:44,NO
1769058001,2026-01-22 05:00:01,2026-01-22 02:00:01,Puyehue-Cordon Caulle,VIIRS,0.0,0.0,RUTINA,NULO,No descargada,2026-01-22 04:35:45,2026-01-22 06:00:43,NO
1769058001,2026-01-22 05:00:01,2026-01-22 02:00:01,PlanchonPeteroa,VIIRS375,0.0,0.0,RUTINA,NULO,No descargada,2026-01-22 05:05:39,2026-01-22 07:00:44,NO
1769058001,2026-01-22 05:00:01,2026-01-22 02:00:01,Copahue,VIIRS,0.0,0.0,RUTINA,NULO,No descargada,2026-01-22 04:35:45,2026-01-22 06:00:43,NO
1769058001,2026-01-22 05:00:01,2026-01-22 02:00:01,Llaima,VIIRS,0.0,0.0,RUTINA,NULO,No descargada,2026-01-22 04:35:45,2026-01-22 06:00:43,NO
1769058001,2026-01-22 05:00:01,2026-01-22 02:00:01,Chaiten,VIIRS375,0.0,0.0,RUTINA,NULO,No descargada,2026-01-22 05:20:39,2026-01-22 07:30:42,NO
1769058001,2026-01-22 05:00:01,2026-01-22 02:00:01,PlanchonPeteroa,VIIRS,0.0,0.0,RUTINA,NULO,No descargada,2026-01-22 04:35:45,2026-01-22 06:00:43,NO
1769058001,2026-01-22 05:00:01,2026-01-22 02:00:01,Puyehue-Cordon Caulle,VIIRS375,0.51,8.19,ALERTA_TERMICA,Muy Bajo,imagenes_satelitales/Puyehue-Cordon Caulle/2026-01-22/05-00-01_Puyehue-Cordon Caulle_VIIRS375_Latest.png,2026-01-22 05:05:39,2026-01-22 07:00:44,NO
1769057641,2026-01-22 04:54:01,2026-01-22 01:54:01,Isluga,VIIRS,0.0,0.0,RUTINA,NULO,No descargada,2026-01-22 04:20:40,2026-01-22 06:45:43,NO
1769057641,2026-01-22 04:54:01,2026-01-22 01:54:01,Lascar,VIIRS375,0.0,0.0,RUTINA,NULO,No descargada,2026-01-22 05:05:39,2026-01-22 06:45:43,NO
1769057641,2026-01-22 04:54:01,2026-01-22 01:54:01,Lastarria,VIIRS,0.0,0.0,RUTINA,NULO,No descargada,2026-01-22 04:35:45,2026-01-22 06:00:43,NO
1769057641,2026-01-22 04:54:01,2026-01-22 01:54:01,Lascar,VIIRS,0.0,0.0,RUTINA,NULO,No descargada,2026-01-22 04:35:45,2026-01-22 05:45:55,NO
1769057641,2026-01-22 04:54:01,2026-01-22 01:54:01,Lastarria,VIIRS375,0.0,0.0,RUTINA,NULO,No descargada,2026-01-22 05:05:39,2026-01-22 06:45:43,NO
1769057641,2026-01-22 04:54:01,2026-01-22 01:54:01,Isluga,VIIRS375,0.0,0.0,RUTINA,NULO,No descargada,2026-01-22 05:05:39,2026-01-22 06:45:43,NO
1769050500,2026-01-22 02:55:00,2026-01-21 23:55:00,Llaima,MODIS,0.0,0.0,RUTINA,NULO,No descargada,2026-01-22 02:05:42,2026-01-22 06:45:43,NO
1769050500,2026-01-22 02:55:00,2026-01-21 23:55:00,Chaiten,MODIS,0.0,0.0,RUTINA,NULO,No descargada,2026-01-22 02:05:42,2026-01-22 06:45:43,NO
1769050500,2026-01-22 02:55:00,2026-01-21 23:55:00,PlanchonPeteroa,MODIS,0.0,0.0,RUTINA,NULO,No descargada,2026-01-22 02:05:42,2026-01-22 06:45:43,NO
1769050500,2026-01-22 02:55:00,2026-01-21 23:55:00,Villarrica,MODIS,0.0,0.0,RUTINA,NULO,No descargada,2026-01-22 02:05:42,2026-01-22 06:45:43,NO
1769050500,2026-01-22 02:55:00,2026-01-21 23:55:00,Copahue,MODIS,0.0,0.0,RUTINA,NULO,No descargada,2026-01-22 02:05:42,2026-01-22 06:45:43,NO
1769050500,2026-01-22 02:55:00,2026-01-21 23:55:00,Nevados de Chillan,MODIS,0.0,0.0,RUTINA,NULO,No descargada,2026-01-22 02:05:42,2026-01-22 06:45:43,NO
1769050500,2026-01-22 02:55:00,2026-01-21 23:55:00,Puyehue-Cordon Caulle,MODIS,0.0,0.0,RUTINA,NULO,No descargada,2026-01-22 02:05:42,2026-01-22 06:45:43,NO
1769045100,2026-01-22 01:25:00,2026-01-21 22:25:00,Isluga,MODIS,0.0,0.0,RUTINA,NULO,No descargada,2026-01-22 01:05:38,2026-01-22 06:45:43,NO
1769045100,2026-01-22 01:25:00,2026-01-21 22:25:00,Lascar,MODIS,0.0,0.0,RUTINA,NULO,No descargada,2026-01-22 01:05:38,2026-01-22 06:45:43,NO
1769044800,2026-01-22 01:20:00,2026-01-21 22:20:00,Lastarria,MODIS,0.0,0.0,RUTINA,NULO,No descargada,2026-01-21 23:50:41,2026-01-22 06:45:43,NO
1769044800,2026-01-22 01:20:00,2026-01-21 22:20:00,Copahue,MODIS,0.0,0.0,RUTINA,NULO,No descargada,2026-01-21 23:50:41,2026-01-22 02:00:43,NO
1769044800,2026-01-22 01:20:00,2026-01-21 22:20:00,PlanchonPeteroa,MODIS,0.0,0.0,RUTINA,NULO,No descargada,2026-01-21 23:50:41,2026-01-22 02:00:43,NO
1769044800,2026-01-22 01:20:00,2026-01-21 22:20:00,Nevados de Chillan,MODIS,0.0,0.0,RUTINA,NULO,No descargada,2026-01-21 23:50:41,2026-01-22 02:00:43,NO
1769027100,2026-01-21 20:25:00,2026-01-21 17:25:00,Lascar,MODIS,0.0,0.0,RUTINA,NULO,No descargada,2026-01-21 18:35:40,2026-01-22 01:00:43,NO
1769027100,2026-01-21 20:25:00,2026-01-21 17:25:00,Lastarria,MODIS,0.0,0.0,RUTINA,NULO,No descargada,2026-01-21 18:35:40,2026-01-21 23:45:40,NO
1769027100,2026-01-21 20:25:00,2026-01-21 17:25:00,Isluga,MODIS,0.0,0.0,RUTINA,NULO,No descargada,2026-01-21 18:35:40,2026-01-22 01:00:43,NO
1769026800,2026-01-21 20:20:00,2026-01-21 17:20:00,Villarrica,MODIS,0.0,0.0,RUTINA,NULO,No descargada,2026-01-21 18:35:40,2026-01-22 02:00:43,NO
1769026800,2026-01-21 20:20:00,2026-01-21 17:20:00,PlanchonPeteroa,MODIS,0.0,0.0,RUTINA,NULO,No descargada,2026-01-21 18:35:40,2026-01-21 23:45:40,NO
1769026800,2026-01-21 20:20:00,2026-01-21 17:20:00,Copahue,MODIS,0.0,0.0,RUTINA,NULO,No descargada,2026-01-21 18:35:40,2026-01-21 23:45:40,NO
1769026800,2026-01-21 20:20:00,2026-01-21 17:20:00,Llaima,MODIS,0.0,0.0,RUTINA,NULO,No descargada,2026-01-21 18:35:40,2026-01-22 02:00:43,NO
1769026800,2026-01-21 20:20:00,2026-01-21 17:20:00,Chaiten,MODIS,0.0,0.0,RUTINA,NULO,No descargada,2026-01-21 18:35:40,2026-01-22 02:00:43,NO
1769026800,2026-01-21 20:20:00,2026-01-21 17:20:00,Nevados de Chillan,MODIS,0.0,0.0,RUTINA,NULO,No descargada,2026-01-21 18:35:40,2026-01-21 23:45:40,NO
1769026800,2026-01-21 20:20:00,2026-01-21 17:20:00,Puyehue-Cordon Caulle,MODIS,0.0,0.0,RUTINA,NULO,No descargada,2026-01-21 18:35:40,2026-01-22 02:00:43,NO
1769023081,2026-01-21 19:18:01,2026-01-21 16:18:01,Puyehue-Cordon Caulle,VIIRS,0.0,0.0,RUTINA,NULO,No descargada,2026-01-21 18:50:43,2026-01-22 04:30:43,NO
1769023081,2026-01-21 19:18:01,2026-01-21 16:18:01,PlanchonPeteroa,VIIRS375,0.0,0.0,RUTINA,NULO,No descargada,2026-01-21 19:50:52,2026-01-22 05:00:44,NO
1769023081,2026-01-21 19:18:01,2026-01-21 16:18:01,PlanchonPeteroa,VIIRS,0.0,0.0,RUTINA,NULO,No descargada,2026-01-21 18:50:43,2026-01-22 04:30:43,NO
1769023081,2026-01-21 19:18:01,2026-01-21 16:18:01,Llaima,VIIRS,0.0,0.0,RUTINA,NULO,No descargada,2026-01-21 18:50:43,2026-01-22 04:30:43,NO
1769023081,2026-01-21 19:18:01,2026-01-21 16:18:01,Chaiten,VIIRS375,0.0,0.0,RUTINA,NULO,No descargada,2026-01-21 19:50:52,2026-01-22 05:15:39,NO
1769023081,2026-01-21 19:18:01,2026-01-21 16:18:01,Puyehue-Cordon Caulle,VIIRS375,0.0,0.0,RUTINA,NULO,No descargada,2026-01-21 19:50:52,2026-01-22 05:00:44,NO
1769023081,2026-01-21 19:18:01,2026-01-21 16:18:01,Nevados de Chillan,VIIRS,0.0,0.0,RUTINA,NULO,No descargada,2026-01-21 18:50:43,2026-01-22 04:30:43,NO
1769023081,2026-01-21 19:18:01,2026-01-21 16:18:01,Chaiten,VIIRS,0.0,0.0,RUTINA,NULO,No descargada,2026-01-21 18:50:43,2026-01-22 04:30:43,NO
1769023081,2026-01-21 19:18:01,2026-01-21 16:18:01,Copahue,VIIRS375,0.0,0.0,RUTINA,NULO,No descargada,2026-01-21 19:50:52,2026-01-22 05:00:44,NO
1769023081,2026-01-21 19:18:01,2026-01-21 16:18:01,Llaima,VIIRS375,0.0,0.0,RUTINA,NULO,No descargada,2026-01-21 19:50:52,2026-01-22 05:00:44,NO
1769023081,2026-01-21 19:18:01,2026-01-21 16:18:01,Villarrica,VIIRS375,0.0,0.0,RUTINA,NULO,No descargada,2026-01-21 19:50:52,2026-01-22 05:00:44,NO
1769023081,2026-01-21 19:18:01,2026-01-21 16:18:01,Villarrica,VIIRS,0.0,0.0,RUTINA,NULO,No descargada,2026-01-21 18:50:43,2026-01-22 04:30:43,NO
1769023081,2026-01-21 19:18:01,2026-01-21 16:18:01,Nevados de Chillan,VIIRS375,0.0,0.0,RUTINA,NULO,No descargada,2026-01-21 19:50:52,2026-01-22 05:00:44,NO
1769023081,2026-01-21 19:18:01,2026-01-21 16:18:01,Copahue,VIIRS,0.0,0.0,RUTINA,NULO,No descargada,2026-01-21 18:50:43,2026-01-22 04:30:43,NO
1769022360,2026-01-21 19:06:00,2026-01-21 16:06:00,Isluga,VIIRS375,0.0,0.0,RUTINA,NULO,No descargada,2026-01-21 19:20:56,2026-01-22 05:00:44,NO
1769022360,2026-01-21 19:06:00,2026-01-21 16:06:00,Isluga,VIIRS,0.0,0.0,RUTINA,NULO,No descargada,2026-01-21 18:35:40,2026-01-22 04:15:38,NO
1769022000,2026-01-21 19:00:00,2026-01-21 16:00:00,Lastarria,VIIRS375,0.0,0.0,RUTINA,NULO,No descargada,2026-01-21 19:05:56,2026-01-22 05:00:44,NO
1769022000,2026-01-21 19:00:00,2026-01-21 16:00:00,Villarrica,VIIRS375,0.0,0.0,RUTINA,NULO,No descargada,2026-01-21 19:20:56,2026-01-21 19:46:08,NO
1769022000,2026-01-21 19:00:00,2026-01-21 16:00:00,Llaima,VIIRS375,0.0,0.0,RUTINA,NULO,No descargada,2026-01-21 19:20:56,2026-01-21 19:46:08,NO
1769022000,2026-01-21 19:00:00,2026-01-21 16:00:00,Nevados de Chillan,VIIRS,0.0,0.0,RUTINA,NULO,No descargada,2026-01-21 18:35:40,2026-01-21 18:46:04,NO
1769022000,2026-01-21 19:00:00,2026-01-21 16:00:00,Puyehue-Cordon Caulle,VIIRS,0.0,0.0,RUTINA,NULO,No descargada,2026-01-21 18:35:40,2026-01-21 18:46:04,NO
1769022000,2026-01-21 19:00:00,2026-01-21 16:00:00,Copahue,VIIRS375,0.0,0.0,RUTINA,NULO,No descargada,2026-01-21 19:20:56,2026-01-21 19:46:08,NO
1769022000,2026-01-21 19:00:00,2026-01-21 16:00:00,Copahue,VIIRS,0.0,0.0,RUTINA,NULO,No descargada,2026-01-21 18:35:40,2026-01-21 18:46:04,NO
1769022000,2026-01-21 19:00:00,2026-01-21 16:00:00,Lastarria,VIIRS,0.0,0.0,RUTINA,NULO,No descargada,2026-01-21 18:35:40,2026-01-22 04:30:43,NO
1769022000,2026-01-21 19:00:00,2026-01-21 16:00:00,Puyehue-Cordon Caulle,VIIRS375,0.0,0.0,RUTINA,NULO,No descargada,2026-01-21 19:20:56,2026-01-21 19:46:08,NO
1769022000,2026-01-21 19:00:00,2026-01-21 16:00:00,PlanchonPeteroa,VIIRS,0.0,0.0,RUTINA,NULO,No descargada,2026-01-21 18:35:40,2026-01-21 18:46:04,NO
1769022000,2026-01-21 19:00:00,2026-01-21 16:00:00,Lascar,VIIRS375,0.0,0.0,RUTINA,NULO,No descargada,2026-01-21 19:05:56,2026-01-22 05:00:44,NO
1769022000,2026-01-21 19:00:00,2026-01-21 16:00:00,Villarrica,VIIRS,0.0,0.0,RUTINA,NULO,No descargada,2026-01-21 18:35:40,2026-01-21 18:46:04,NO
1769022000,2026-01-21 19:00:00,2026-01-21 16:00:00,PlanchonPeteroa,VIIRS375,0.0,0.0,RUTINA,NULO,No descargada,2026-01-21 19:05:56,2026-01-21 19:46:08,NO
1769022000,2026-01-21 19:00:00,2026-01-21 16:00:00,Nevados de Chillan,VIIRS375,0.0,0.0,RUTINA,NULO,No descargada,2026-01-21 19:05:56,2026-01-21 19:46:08,NO
1769022000,2026-01-21 19:00:00,2026-01-21 16:00:00,Llaima,VIIRS,0.0,0.0,RUTINA,NULO,No descargada,2026-01-21 18:35:40,2026-01-21 18:46:04,NO
1769022000,2026-01-21 19:00:00,2026-01-21 16:00:00,Lascar,VIIRS,0.0,0.0,RUTINA,NULO,No descargada,2026-01-21 18:35:40,2026-01-22 04:30:43,NO
1769021640,2026-01-21 18:54:00,2026-01-21 15:54:00,Chaiten,VIIRS,0.0,0.0,RUTINA,NULO,No descargada,2026-01-21 18:35:40,2026-01-21 18:46:04,NO
1769021640,2026-01-21 18:54:00,2026-01-21 15:54:00,Chaiten,VIIRS375,0.0,0.0,RUTINA,NULO,No descargada,2026-01-21 19:05:56,2026-01-21 19:46:08,NO
1769017321,2026-01-21 17:42:01,2026-01-21 14:42:01,Lastarria,VIIRS375,0.0,0.0,RUTINA,NULO,No descargada,2026-01-21 18:35:40,2026-01-21 19:00:54,NO
1769017321,2026-01-21 17:42:01,2026-01-21 14:42:01,Lastarria,VIIRS,0.0,0.0,RUTINA,NULO,No descargada,2026-01-21 17:51:03,2026-01-21 18:31:12,NO
1769017321,2026-01-21 17:42:01,2026-01-21 14:42:01,Lascar,VIIRS375,0.0,0.0,RUTINA,NULO,No descargada,2026-01-21 18:35:40,2026-01-21 19:00:54,NO
1769017321,2026-01-21 17:42:01,2026-01-21 14:42:01,Isluga,VIIRS,0.0,0.0,RUTINA,NULO,No descargada,2026-01-21 17:51:03,2026-01-21 18:31:12,NO
1769017321,2026-01-21 17:42:01,2026-01-21 14:42:01,Lascar,VIIRS,0.0,0.0,RUTINA,NULO,No descargada,2026-01-21 17:51:03,2026-01-21 18:31:12,NO
1769017321,2026-01-21 17:42:01,2026-01-21 14:42:01,Isluga,VIIRS375,0.0,0.0,RUTINA,NULO,No descargada,2026-01-21 18:35:40,2026-01-21 19:15:41,NO
1769016961,2026-01-21 17:36:01,2026-01-21 14:36:01,Puyehue-Cordon Caulle,VIIRS375,0.0,0.0,RUTINA,NULO,No descargada,2026-01-21 18:35:40,2026-01-21 19:15:41,NO
1769016961,2026-01-21 17:36:01,2026-01-21 14:36:01,Villarrica,VIIRS,0.0,0.0,RUTINA,NULO,No descargada,2026-01-21 17:51:03,2026-01-21 18:31:12,NO
1769016961,2026-01-21 17:36:01,2026-01-21 14:36:01,Nevados de Chillan,VIIRS,0.0,0.0,RUTINA,NULO,No descargada,2026-01-21 17:51:03,2026-01-21 18:31:12,NO
1769016961,2026-01-21 17:36:01,2026-01-21 14:36:01,Nevados de Chillan,VIIRS375,0.0,0.0,RUTINA,NULO,No descargada,2026-01-21 18:35:40,2026-01-21 19:00:54,NO
1769016961,2026-01-21 17:36:01,2026-01-21 14:36:01,Villarrica,VIIRS375,0.0,0.0,RUTINA,NULO,No descargada,2026-01-21 18:35:40,2026-01-21 19:15:41,NO
1769016961,2026-01-21 17:36:01,2026-01-21 14:36:01,Llaima,VIIRS,0.0,0.0,RUTINA,NULO,No descargada,2026-01-21 17:51:03,2026-01-21 18:31:12,NO
1769016961,2026-01-21 17:36:01,2026-01-21 14:36:01,Copahue,VIIRS,0.0,0.0,RUTINA,NULO,No descargada,2026-01-21 17:51:03,2026-01-21 18:31:12,NO
1769016961,2026-01-21 17:36:01,2026-01-21 14:36:01,Chaiten,VIIRS375,0.0,0.0,RUTINA,NULO,No descargada,2026-01-21 18:35:40,2026-01-21 19:00:54,NO
1769016961,2026-01-21 17:36:01,2026-01-21 14:36:01,Llaima,VIIRS375,0.0,0.0,RUTINA,NULO,No descargada,2026-01-21 18:35:40,2026-01-21 19:15:41,NO
1769016961,2026-01-21 17:36:01,2026-01-21 14:36:01,PlanchonPeteroa,VIIRS,0.0,0.0,RUTINA,NULO,No descargada,2026-01-21 17:51:03,2026-01-21 18:31:12,NO
1769016961,2026-01-21 17:36:01,2026-01-21 14:36:01,Copahue,VIIRS375,0.0,0.0,RUTINA,NULO,No descargada,2026-01-21 18:35:40,2026-01-21 19:15:41,NO
1769016961,2026-01-21 17:36:01,2026-01-21 14:36:01,PlanchonPeteroa,VIIRS375,0.0,0.0,RUTINA,NULO,No descargada,2026-01-21 18:35:40,2026-01-21 19:00:54,NO
1769016961,2026-01-21 17:36:01,2026-01-21 14:36:01,Puyehue-Cordon Caulle,VIIRS,0.0,0.0,RUTINA,NULO,No descargada,2026-01-21 17:51:03,2026-01-21 18:31:12,NO
1769016961,2026-01-21 17:36:01,2026-01-21 14:36:01,Chaiten,VIIRS,0.0,0.0,RUTINA,NULO,No descargada,2026-01-21 17:51:03,2026-01-21 18:31:12,NO
1769016240,2026-01-21 17:24:00,2026-01-21 14:24:00,Isluga,VIIRS,0.0,0.0,RUTINA,NULO,No descargada,2026-01-21 17:21:06,2026-01-21 17:46:00,NO
1769016240,2026-01-21 17:24:00,2026-01-21 14:24:00,Lascar,VIIRS375,0.0,0.0,RUTINA,NULO,No descargada,2026-01-21 17:51:03,2026-01-21 18:31:12,NO
1769016240,2026-01-21 17:24:00,2026-01-21 14:24:00,Isluga,VIIRS375,0.0,0.0,RUTINA,NULO,No descargada,2026-01-21 17:51:03,2026-01-21 18:31:12,NO
1769016240,2026-01-21 17:24:00,2026-01-21 14:24:00,Lascar,VIIRS,0.0,0.0,RUTINA,NULO,No descargada,2026-01-21 17:21:06,2026-01-21 17:46:00,NO
1769015880,2026-01-21 17:18:00,2026-01-21 14:18:00,Lastarria,VIIRS375,0.0,0.0,RUTINA,NULO,No descargada,2026-01-21 17:51:03,2026-01-21 18:31:12,NO
1769015880,2026-01-21 17:18:00,2026-01-21 14:18:00,Lastarria,VIIRS,0.0,0.0,RUTINA,NULO,No descargada,2026-01-21 17:21:06,2026-01-21 17:46:00,NO
1769001600,2026-01-21 13:20:00,2026-01-21 10:20:00,Copahue,MODIS,0.0,0.0,RUTINA,NULO,No descargada,2026-01-21 12:05:42,2026-01-21 18:31:12,NO
1769001600,2026-01-21 13:20:00,2026-01-21 10:20:00,Villarrica,MODIS,0.0,0.0,RUTINA,NULO,No descargada,2026-01-21 12:05:42,2026-01-21 18:31:12,NO
1769001600,2026-01-21 13:20:00,2026-01-21 10:20:00,Chaiten,MODIS,0.0,0.0,RUTINA,NULO,No descargada,2026-01-21 12:05:42,2026-01-21 18:31:12,NO
1769001600,2026-01-21 13:20:00,2026-01-21 10:20:00,Nevados de Chillan,MODIS,0.0,0.0,RUTINA,NULO,No descargada,2026-01-21 12:05:42,2026-01-21 18:31:12,NO
1769001600,2026-01-21 13:20:00,2026-01-21 10:20:00,Puyehue-Cordon Caulle,MODIS,0.0,0.0,RUTINA,NULO,No descargada,2026-01-21 12:05:42,2026-01-21 18:31:12,NO
1769001600,2026-01-21 13:20:00,2026-01-21 10:20:00,Llaima,MODIS,0.0,0.0,RUTINA,NULO,No descargada,2026-01-21 12:05:42,2026-01-21 18:31:12,NO
1769001600,2026-01-21 13:20:00,2026-01-21 10:20:00,PlanchonPeteroa,MODIS,0.0,0.0,RUTINA,NULO,No descargada,2026-01-21 12:05:42,2026-01-21 18:31:12,NO
1769001300,2026-01-21 13:15:00,2026-01-21 10:15:00,Isluga,MODIS,0.0,0.0,RUTINA,NULO,No descargada,2026-01-21 12:05:42,2026-01-21 18:31:12,NO
1769001300,2026-01-21 13:15:00,2026-01-21 10:15:00,Lascar,MODIS,0.0,0.0,RUTINA,NULO,No descargada,2026-01-21 12:05:42,2026-01-21 18:31:12,NO
1769001300,2026-01-21 13:15:00,2026-01-21 10:15:00,Lastarria,MODIS,0.0,0.0,RUTINA,NULO,No descargada,2026-01-21 12:05:42,2026-01-21 18:31:12,NO
1768977900,2026-01-21 06:45:00,2026-01-21 03:45:00,Copahue,MODIS,0.0,0.0,RUTINA,NULO,No descargada,2026-01-21 06:05:37,2026-01-21 12:00:42,NO
1768977900,2026-01-21 06:45:00,2026-01-21 03:45:00,Villarrica,MODIS,0.0,0.0,RUTINA,NULO,No descargada,2026-01-21 06:05:37,2026-01-21 12:00:42,NO
1768977900,2026-01-21 06:45:00,2026-01-21 03:45:00,Nevados de Chillan,MODIS,0.0,0.0,RUTINA,NULO,No descargada,2026-01-21 06:05:37,2026-01-21 12:00:42,NO
1768977900,2026-01-21 06:45:00,2026-01-21 03:45:00,Chaiten,MODIS,0.0,0.0,RUTINA,NULO,No descargada,2026-01-21 06:05:37,2026-01-21 12:00:42,NO
1768977900,2026-01-21 06:45:00,2026-01-21 03:45:00,Llaima,MODIS,0.0,0.0,RUTINA,NULO,No descargada,2026-01-21 06:05:37,2026-01-21 12:00:42,NO
1768977900,2026-01-21 06:45:00,2026-01-21 03:45:00,Puyehue-Cordon Caulle,MODIS,0.0,0.0,RUTINA,NULO,No descargada,2026-01-21 06:05:37,2026-01-21 12:00:42,NO
1768977900,2026-01-21 06:45:00,2026-01-21 03:45:00,PlanchonPeteroa,MODIS,0.0,0.0,RUTINA,NULO,No descargada,2026-01-21 06:05:37,2026-01-21 12:00:42,NO
1768977720,2026-01-21 06:42:00,2026-01-21 03:42:00,Puyehue-Cordon Caulle,VIIRS,0.0,0.0,RUTINA,NULO,No descargada,2026-01-21 07:50:38,2026-01-21 17:46:00,NO
1768977720,2026-01-21 06:42:00,2026-01-21 03:42:00,Chaiten,VIIRS375,0.0,0.0,RUTINA,NULO,No descargada,2026-01-21 09:20:39,2026-01-21 18:31:12,NO
1768977720,2026-01-21 06:42:00,2026-01-21 03:42:00,Puyehue-Cordon Caulle,VIIRS375,0.38,7.65,ALERTA_TERMICA,Muy Bajo,imagenes_satelitales/Puyehue-Cordon Caulle/2026-01-21/06-42-00_Puyehue-Cordon Caulle_VIIRS375_Latest.png,2026-01-21 09:20:39,2026-01-21 18:31:12,NO
1768977720,2026-01-21 06:42:00,2026-01-21 03:42:00,Chaiten,VIIRS,0.0,0.0,RUTINA,NULO,No descargada,2026-01-21 07:50:38,2026-01-21 17:46:00,NO
1768977600,2026-01-21 06:40:00,2026-01-21 03:40:00,Lastarria,MODIS,0.0,0.0,RUTINA,NULO,No descargada,2026-01-21 06:05:37,2026-01-21 12:00:42,NO
1768977600,2026-01-21 06:40:00,2026-01-21 03:40:00,Lascar,MODIS,0.0,0.0,RUTINA,NULO,No descargada,2026-01-21 06:05:37,2026-01-21 12:00:42,NO
1768977360,2026-01-21 06:36:00,2026-01-21 03:36:00,Llaima,VIIRS375,0.0,0.0,RUTINA,NULO,No descargada,2026-01-21 09:20:39,2026-01-21 18:31:12,NO
1768977360,2026-01-21 06:36:00,2026-01-21 03:36:00,Lastarria,VIIRS,0.0,0.0,RUTINA,NULO,No descargada,2026-01-21 07:50:38,2026-01-21 17:16:02,NO
1768977360,2026-01-21 06:36:00,2026-01-21 03:36:00,Copahue,VIIRS375,0.0,0.0,RUTINA,NULO,No descargada,2026-01-21 09:20:39,2026-01-21 18:31:12,NO
1768977360,2026-01-21 06:36:00,2026-01-21 03:36:00,Nevados de Chillan,VIIRS,0.0,0.0,RUTINA,NULO,No descargada,2026-01-21 07:50:38,2026-01-21 17:46:00,NO
1768977360,2026-01-21 06:36:00,2026-01-21 03:36:00,Lascar,VIIRS375,0.75,11.86,FALSO_POSITIVO,NULO,No descargada,2026-01-21 09:20:39,2026-01-21 17:46:00,NO
1768977360,2026-01-21 06:36:00,2026-01-21 03:36:00,PlanchonPeteroa,VIIRS375,0.0,0.0,RUTINA,NULO,No descargada,2026-01-21 09:20:39,2026-01-21 18:31:12,NO
1768977360,2026-01-21 06:36:00,2026-01-21 03:36:00,Lascar,VIIRS,0.0,0.0,RUTINA,NULO,No descargada,2026-01-21 07:50:38,2026-01-21 17:16:02,NO
1768977360,2026-01-21 06:36:00,2026-01-21 03:36:00,Nevados de Chillan,VIIRS375,0.0,0.0,RUTINA,NULO,No descargada,2026-01-21 09:20:39,2026-01-21 18:31:12,NO
1768977360,2026-01-21 06:36:00,2026-01-21 03:36:00,PlanchonPeteroa,VIIRS,0.0,0.0,RUTINA,NULO,No descargada,2026-01-21 07:50:38,2026-01-21 17:46:00,NO
1768977360,2026-01-21 06:36:00,2026-01-21 03:36:00,Llaima,VIIRS,0.0,0.0,RUTINA,NULO,No descargada,2026-01-21 07:50:38,2026-01-21 17:46:00,NO
1768977360,2026-01-21 06:36:00,2026-01-21 03:36:00,Villarrica,VIIRS375,0.0,0.0,RUTINA,NULO,No descargada,2026-01-21 09:20:39,2026-01-21 18:31:12,NO
1768977360,2026-01-21 06:36:00,2026-01-21 03:36:00,Copahue,VIIRS,0.0,0.0,RUTINA,NULO,No descargada,2026-01-21 07:50:38,2026-01-21 17:46:00,NO
1768977360,2026-01-21 06:36:00,2026-01-21 03:36:00,Lastarria,VIIRS375,0.0,0.0,RUTINA,NULO,No descargada,2026-01-21 09:20:39,2026-01-21 17:46:00,NO
1768977360,2026-01-21 06:36:00,2026-01-21 03:36:00,Villarrica,VIIRS,0.0,0.0,RUTINA,NULO,No descargada,2026-01-21 07:50:38,2026-01-21 17:46:00,NO
1768977000,2026-01-21 06:30:00,2026-01-21 03:30:00,Isluga,VIIRS375,0.0,0.0,RUTINA,NULO,No descargada,2026-01-21 09:20:39,2026-01-21 17:46:00,NO
1768977000,2026-01-21 06:30:00,2026-01-21 03:30:00,Isluga,VIIRS,0.0,0.0,RUTINA,NULO,No descargada,2026-01-21 07:50:38,2026-01-21 17:16:02,NO
1768972681,2026-01-21 05:18:01,2026-01-21 02:18:01,PlanchonPeteroa,VIIRS,0.0,0.0,RUTINA,NULO,No descargada,2026-01-21 06:05:37,2026-01-21 07:45:38,NO
1768972681,2026-01-21 05:18:01,2026-01-21 02:18:01,Nevados de Chillan,VIIRS,0.0,0.0,RUTINA,NULO,No descargada,2026-01-21 06:05:37,2026-01-21 07:45:38,NO
1768972681,2026-01-21 05:18:01,2026-01-21 02:18:01,Copahue,VIIRS375,0.0,0.0,RUTINA,NULO,No descargada,2026-01-21 06:35:50,2026-01-21 09:15:40,NO
1768972681,2026-01-21 05:18:01,2026-01-21 02:18:01,Puyehue-Cordon Caulle,VIIRS375,0.9,8.1,ALERTA_TERMICA,Muy Bajo,imagenes_satelitales/Puyehue-Cordon Caulle/2026-01-21/05-18-01_Puyehue-Cordon Caulle_VIIRS375_Latest.png,2026-01-21 06:35:50,2026-01-21 09:15:40,NO
1768972681,2026-01-21 05:18:01,2026-01-21 02:18:01,Llaima,VIIRS375,0.0,0.0,RUTINA,NULO,No descargada,2026-01-21 06:35:50,2026-01-21 09:15:40,NO
1768972681,2026-01-21 05:18:01,2026-01-21 02:18:01,Chaiten,VIIRS,0.0,0.0,RUTINA,NULO,No descargada,2026-01-21 06:05:37,2026-01-21 07:45:38,NO
1768972681,2026-01-21 05:18:01,2026-01-21 02:18:01,Villarrica,VIIRS375,0.0,0.0,RUTINA,NULO,No descargada,2026-01-21 06:35:50,2026-01-21 09:15:40,NO
1768972681,2026-01-21 05:18:01,2026-01-21 02:18:01,PlanchonPeteroa,VIIRS375,0.0,0.0,RUTINA,NULO,No descargada,2026-01-21 06:35:50,2026-01-21 09:15:40,NO
1768972681,2026-01-21 05:18:01,2026-01-21 02:18:01,Nevados de Chillan,VIIRS375,0.0,0.0,RUTINA,NULO,No descargada,2026-01-21 06:35:50,2026-01-21 09:15:40,NO
1768972681,2026-01-21 05:18:01,2026-01-21 02:18:01,Llaima,VIIRS,0.0,0.0,RUTINA,NULO,No descargada,2026-01-21 06:05:37,2026-01-21 07:45:38,NO
1768972681,2026-01-21 05:18:01,2026-01-21 02:18:01,Villarrica,VIIRS,0.0,0.0,RUTINA,NULO,No descargada,2026-01-21 06:05:37,2026-01-21 07:45:38,NO
1768972681,2026-01-21 05:18:01,2026-01-21 02:18:01,Chaiten,VIIRS375,0.0,0.0,RUTINA,NULO,No descargada,2026-01-21 06:35:50,2026-01-21 09:15:40,NO
1768972681,2026-01-21 05:18:01,2026-01-21 02:18:01,Puyehue-Cordon Caulle,VIIRS,0.46,7.65,ALERTA_TERMICA,Muy Bajo,imagenes_satelitales/Puyehue-Cordon Caulle/2026-01-21/05-18-01_Puyehue-Cordon Caulle_VIIRS750_Latest.png,2026-01-21 06:05:37,2026-01-21 07:45:38,NO
1768972681,2026-01-21 05:18:01,2026-01-21 02:18:01,Copahue,VIIRS,0.0,0.0,RUTINA,NULO,No descargada,2026-01-21 06:05:37,2026-01-21 07:45:38,NO
1768972321,2026-01-21 05:12:01,2026-01-21 02:12:01,Lascar,VIIRS,0.0,0.0,RUTINA,NULO,No descargada,2026-01-21 04:50:40,2026-01-21 07:45:38,NO
1768972321,2026-01-21 05:12:01,2026-01-21 02:12:01,Isluga,VIIRS,0.0,0.0,RUTINA,NULO,No descargada,2026-01-21 04:50:40,2026-01-21 07:45:38,NO
1768972321,2026-01-21 05:12:01,2026-01-21 02:12:01,Lascar,VIIRS375,0.73,25.3,FALSO_POSITIVO,NULO,No descargada,2026-01-21 06:35:50,2026-01-21 09:15:40,NO
1768972321,2026-01-21 05:12:01,2026-01-21 02:12:01,Isluga,VIIRS375,0.09,19.36,FALSO_POSITIVO,NULO,No descargada,2026-01-21 06:35:50,2026-01-21 09:15:40,NO
1768972321,2026-01-21 05:12:01,2026-01-21 02:12:01,Lastarria,VIIRS375,0.07,2.4,ALERTA_TERMICA,Muy Bajo,imagenes_satelitales/Lastarria/2026-01-21/05-12-01_Lastarria_VIIRS375_Latest.png,2026-01-21 06:35:50,2026-01-21 09:15:40,NO
1768972321,2026-01-21 05:12:01,2026-01-21 02:12:01,Lastarria,VIIRS,0.0,0.0,RUTINA,NULO,No descargada,2026-01-21 05:05:38,2026-01-21 07:45:38,NO
1768962000,2026-01-21 02:20:00,2026-01-20 23:20:00,Isluga,MODIS,0.0,0.0,RUTINA,NULO,No descargada,2026-01-21 03:17:54,2026-01-21 12:00:42,NO
1768962000,2026-01-21 02:20:00,2026-01-20 23:20:00,Nevados de Chillan,MODIS,0.0,0.0,RUTINA,NULO,No descargada,2026-01-21 03:17:54,2026-01-21 06:00:43,NO
1768962000,2026-01-21 02:20:00,2026-01-20 23:20:00,Lastarria,MODIS,0.0,0.0,RUTINA,NULO,No descargada,2026-01-21 03:17:54,2026-01-21 06:00:43,NO
1768962000,2026-01-21 02:20:00,2026-01-20 23:20:00,PlanchonPeteroa,MODIS,0.0,0.0,RUTINA,NULO,No descargada,2026-01-21 03:17:54,2026-01-21 06:00:43,NO
1768962000,2026-01-21 02:20:00,2026-01-20 23:20:00,Lascar,MODIS,0.0,0.0,RUTINA,NULO,No descargada,2026-01-21 03:17:54,2026-01-21 06:00:43,NO
1768961700,2026-01-21 02:15:00,2026-01-20 23:15:00,Villarrica,MODIS,0.0,0.0,RUTINA,NULO,No descargada,2026-01-21 01:35:40,2026-01-21 06:00:43,NO
1768961700,2026-01-21 02:15:00,2026-01-20 23:15:00,Chaiten,MODIS,0.0,0.0,RUTINA,NULO,No descargada,2026-01-21 01:50:41,2026-01-21 06:00:43,NO
1768961700,2026-01-21 02:15:00,2026-01-20 23:15:00,Puyehue-Cordon Caulle,MODIS,0.0,0.0,RUTINA,NULO,No descargada,2026-01-21 01:50:41,2026-01-21 06:00:43,NO
1768961700,2026-01-21 02:15:00,2026-01-20 23:15:00,Llaima,MODIS,0.0,0.0,RUTINA,NULO,No descargada,2026-01-21 01:35:40,2026-01-21 06:00:43,NO
1768944000,2026-01-20 21:20:00,2026-01-20 18:20:00,Puyehue-Cordon Caulle,MODIS,0.0,0.0,RUTINA,NULO,No descargada,2026-01-20 20:05:35,2026-01-21 01:45:41,NO
1768944000,2026-01-20 21:20:00,2026-01-20 18:20:00,Chaiten,MODIS,0.0,0.0,RUTINA,NULO,No descargada,2026-01-20 20:05:35,2026-01-21 01:45:41,NO
1768938600,2026-01-20 19:50:00,2026-01-20 16:50:00,Isluga,MODIS,0.0,0.0,RUTINA,NULO,No descargada,2026-01-20 18:50:42,2026-01-21 03:15:39,NO
1768938300,2026-01-20 19:45:00,2026-01-20 16:45:00,Puyehue-Cordon Caulle,MODIS,0.0,0.0,RUTINA,NULO,No descargada,2026-01-20 18:50:42,2026-01-20 20:00:43,NO
1768938300,2026-01-20 19:45:00,2026-01-20 16:45:00,Nevados de Chillan,MODIS,0.0,0.0,RUTINA,NULO,No descargada,2026-01-20 18:50:42,2026-01-21 03:15:39,NO
1768938300,2026-01-20 19:45:00,2026-01-20 16:45:00,Lascar,MODIS,0.0,0.0,RUTINA,NULO,No descargada,2026-01-20 18:50:42,2026-01-21 03:15:39,NO
1768938300,2026-01-20 19:45:00,2026-01-20 16:45:00,Lastarria,MODIS,0.0,0.0,RUTINA,NULO,No descargada,2026-01-20 18:50:42,2026-01-21 03:15:39,NO
1768938300,2026-01-20 19:45:00,2026-01-20 16:45:00,Llaima,MODIS,0.0,0.0,RUTINA,NULO,No descargada,2026-01-20 18:50:42,2026-01-21 01:30:44,NO
1768938300,2026-01-20 19:45:00,2026-01-20 16:45:00,PlanchonPeteroa,MODIS,0.0,0.0,RUTINA,NULO,No descargada,2026-01-20 18:50:42,2026-01-21 03:15:39,NO
1768938300,2026-01-20 19:45:00,2026-01-20 16:45:00,Copahue,MODIS,0.0,0.0,RUTINA,NULO,No descargada,2026-01-20 18:50:42,2026-01-21 06:00:43,NO
1768938300,2026-01-20 19:45:00,2026-01-20 16:45:00,Villarrica,MODIS,0.0,0.0,RUTINA,NULO,No descargada,2026-01-20 18:50:42,2026-01-21 01:30:44,NO
1768938000,2026-01-20 19:40:00,2026-01-20 16:40:00,Chaiten,MODIS,0.0,0.0,RUTINA,NULO,No descargada,2026-01-20 19:05:41,2026-01-20 20:00:43,NO
1768937761,2026-01-20 19:36:01,2026-01-20 16:36:01,Copahue,VIIRS375,0.0,0.0,RUTINA,NULO,No descargada,2026-01-20 20:50:36,2026-01-21 06:30:40,NO
1768937761,2026-01-20 19:36:01,2026-01-20 16:36:01,Chaiten,VIIRS375,0.0,0.0,RUTINA,NULO,No descargada,2026-01-20 20:50:36,2026-01-21 06:30:40,NO
1768937761,2026-01-20 19:36:01,2026-01-20 16:36:01,PlanchonPeteroa,VIIRS,0.0,0.0,RUTINA,NULO,No descargada,2026-01-20 19:35:40,2026-01-21 06:00:43,NO
1768937761,2026-01-20 19:36:01,2026-01-20 16:36:01,Puyehue-Cordon Caulle,VIIRS375,0.0,0.0,RUTINA,NULO,No descargada,2026-01-20 20:50:36,2026-01-21 06:30:40,NO
1768937761,2026-01-20 19:36:01,2026-01-20 16:36:01,Nevados de Chillan,VIIRS375,0.0,0.0,RUTINA,NULO,No descargada,2026-01-20 20:50:36,2026-01-21 06:30:40,NO
1768937761,2026-01-20 19:36:01,2026-01-20 16:36:01,Villarrica,VIIRS,0.0,0.0,RUTINA,NULO,No descargada,2026-01-20 19:35:40,2026-01-21 06:00:43,NO
1768937761,2026-01-20 19:36:01,2026-01-20 16:36:01,Villarrica,VIIRS375,0.0,0.0,RUTINA,NULO,No descargada,2026-01-20 20:50:36,2026-01-21 06:30:40,NO
1768937761,2026-01-20 19:36:01,2026-01-20 16:36:01,Puyehue-Cordon Caulle,VIIRS,0.0,0.0,RUTINA,NULO,No descargada,2026-01-20 19:35:40,2026-01-21 06:00:43,NO
1768937761,2026-01-20 19:36:01,2026-01-20 16:36:01,Llaima,VIIRS,0.0,0.0,RUTINA,NULO,No descargada,2026-01-20 19:35:40,2026-01-21 06:00:43,NO
1768937761,2026-01-20 19:36:01,2026-01-20 16:36:01,PlanchonPeteroa,VIIRS375,0.0,0.0,RUTINA,NULO,No descargada,2026-01-20 20:50:36,2026-01-21 06:30:40,NO
1768937761,2026-01-20 19:36:01,2026-01-20 16:36:01,Copahue,VIIRS,0.0,0.0,RUTINA,NULO,No descargada,2026-01-20 19:35:40,2026-01-21 06:00:43,NO
1768937761,2026-01-20 19:36:01,2026-01-20 16:36:01,Llaima,VIIRS375,0.0,0.0,RUTINA,NULO,No descargada,2026-01-20 20:50:36,2026-01-21 06:30:40,NO
1768937761,2026-01-20 19:36:01,2026-01-20 16:36:01,Chaiten,VIIRS,0.0,0.0,RUTINA,NULO,No descargada,2026-01-20 19:35:40,2026-01-21 06:00:43,NO
1768937761,2026-01-20 19:36:01,2026-01-20 16:36:01,Nevados de Chillan,VIIRS,0.0,0.0,RUTINA,NULO,No descargada,2026-01-20 19:35:40,2026-01-21 06:00:43,NO
1768936680,2026-01-20 19:18:00,2026-01-20 16:18:00,Llaima,VIIRS375,0.0,0.0,RUTINA,NULO,No descargada,2026-01-20 20:20:39,2026-01-20 20:45:38,NO
1768936680,2026-01-20 19:18:00,2026-01-20 16:18:00,Puyehue-Cordon Caulle,VIIRS375,0.0,0.0,RUTINA,NULO,No descargada,2026-01-20 20:20:39,2026-01-20 20:45:38,NO
1768936680,2026-01-20 19:18:00,2026-01-20 16:18:00,Copahue,VIIRS,0.0,0.0,RUTINA,NULO,No descargada,2026-01-20 19:20:44,2026-01-20 19:30:40,NO
1768936680,2026-01-20 19:18:00,2026-01-20 16:18:00,Puyehue-Cordon Caulle,VIIRS,0.0,0.0,RUTINA,NULO,No descargada,2026-01-20 19:20:44,2026-01-20 19:30:40,NO
1768936680,2026-01-20 19:18:00,2026-01-20 16:18:00,Villarrica,VIIRS375,0.0,0.0,RUTINA,NULO,No descargada,2026-01-20 20:20:39,2026-01-20 20:45:38,NO
1768936680,2026-01-20 19:18:00,2026-01-20 16:18:00,Chaiten,VIIRS375,0.0,0.0,RUTINA,NULO,No descargada,2026-01-20 20:20:39,2026-01-20 20:45:38,NO
1768936680,2026-01-20 19:18:00,2026-01-20 16:18:00,Llaima,VIIRS,0.0,0.0,RUTINA,NULO,No descargada,2026-01-20 19:20:44,2026-01-20 19:30:40,NO
1768936680,2026-01-20 19:18:00,2026-01-20 16:18:00,Copahue,VIIRS375,0.0,0.0,RUTINA,NULO,No descargada,2026-01-20 20:20:39,2026-01-20 20:45:38,NO
1768936680,2026-01-20 19:18:00,2026-01-20 16:18:00,Lastarria,VIIRS375,0.0,0.0,RUTINA,NULO,No descargada,2026-01-21 04:40:41,2026-01-21 06:30:40,NO
1768936680,2026-01-20 19:18:00,2026-01-20 16:18:00,Nevados de Chillan,VIIRS375,0.0,0.0,RUTINA,NULO,No descargada,2026-01-20 20:20:39,2026-01-20 20:45:38,NO
1768936680,2026-01-20 19:18:00,2026-01-20 16:18:00,Villarrica,VIIRS,0.0,0.0,RUTINA,NULO,No descargada,2026-01-20 19:20:44,2026-01-20 19:30:40,NO
1768936680,2026-01-20 19:18:00,2026-01-20 16:18:00,PlanchonPeteroa,VIIRS375,0.0,0.0,RUTINA,NULO,No descargada,2026-01-20 20:20:39,2026-01-20 20:45:38,NO
1768936680,2026-01-20 19:18:00,2026-01-20 16:18:00,Lastarria,VIIRS,0.0,0.0,RUTINA,NULO,No descargada,2026-01-21 04:40:41,2026-01-21 05:00:43,NO
1768936680,2026-01-20 19:18:00,2026-01-20 16:18:00,Chaiten,VIIRS,0.0,0.0,RUTINA,NULO,No descargada,2026-01-20 19:20:44,2026-01-20 19:30:40,NO
1768932001,2026-01-20 18:00:01,2026-01-20 15:00:01,Lastarria,VIIRS,0.0,0.0,RUTINA,NULO,No descargada,2026-01-20 18:50:42,2026-01-20 19:00:43,NO
1768932001,2026-01-20 18:00:01,2026-01-20 15:00:01,Isluga,VIIRS375,0.0,0.0,RUTINA,NULO,No descargada,2026-01-20 19:20:44,2026-01-21 06:30:40,NO
1768932001,2026-01-20 18:00:01,2026-01-20 15:00:01,Lascar,VIIRS375,0.0,0.0,RUTINA,NULO,No descargada,2026-01-20 19:20:44,2026-01-21 06:30:40,NO
1768932001,2026-01-20 18:00:01,2026-01-20 15:00:01,Lascar,VIIRS,0.0,0.0,RUTINA,NULO,No descargada,2026-01-20 18:50:42,2026-01-21 04:45:40,NO
1768932001,2026-01-20 18:00:01,2026-01-20 15:00:01,Nevados de Chillan,VIIRS,0.0,0.0,RUTINA,NULO,No descargada,2026-01-20 18:50:42,2026-01-20 19:15:41,NO
1768932001,2026-01-20 18:00:01,2026-01-20 15:00:01,PlanchonPeteroa,VIIRS,0.0,0.0,RUTINA,NULO,No descargada,2026-01-20 18:50:42,2026-01-20 19:15:41,NO
1768932001,2026-01-20 18:00:01,2026-01-20 15:00:01,PlanchonPeteroa,VIIRS375,0.0,0.0,RUTINA,NULO,No descargada,2026-01-20 19:20:44,2026-01-20 20:15:41,NO
1768932001,2026-01-20 18:00:01,2026-01-20 15:00:01,Isluga,VIIRS,0.0,0.0,RUTINA,NULO,No descargada,2026-01-20 18:50:42,2026-01-21 04:45:40,NO
1768932001,2026-01-20 18:00:01,2026-01-20 15:00:01,Lastarria,VIIRS375,0.0,0.0,RUTINA,NULO,No descargada,2026-01-20 19:20:44,2026-01-20 20:15:41,NO
1768932001,2026-01-20 18:00:01,2026-01-20 15:00:01,Nevados de Chillan,VIIRS375,0.0,0.0,RUTINA,NULO,No descargada,2026-01-20 19:20:44,2026-01-20 20:15:41,NO
1768931641,2026-01-20 17:54:01,2026-01-20 14:54:01,Llaima,VIIRS375,0.0,0.0,RUTINA,NULO,No descargada,2026-01-20 19:20:44,2026-01-20 20:15:41,NO
1768931641,2026-01-20 17:54:01,2026-01-20 14:54:01,Villarrica,VIIRS,0.0,0.0,RUTINA,NULO,No descargada,2026-01-20 18:50:42,2026-01-20 19:15:41,NO
1768931641,2026-01-20 17:54:01,2026-01-20 14:54:01,Villarrica,VIIRS375,0.0,0.0,RUTINA,NULO,No descargada,2026-01-20 19:20:44,2026-01-20 20:15:41,NO
1768931641,2026-01-20 17:54:01,2026-01-20 14:54:01,Puyehue-Cordon Caulle,VIIRS375,0.0,0.0,RUTINA,NULO,No descargada,2026-01-20 19:20:44,2026-01-20 20:15:41,NO
1768931641,2026-01-20 17:54:01,2026-01-20 14:54:01,Puyehue-Cordon Caulle,VIIRS,0.0,0.0,RUTINA,NULO,No descargada,2026-01-20 18:50:42,2026-01-20 19:15:41,NO
1768931641,2026-01-20 17:54:01,2026-01-20 14:54:01,Chaiten,VIIRS,0.0,0.0,RUTINA,NULO,No descargada,2026-01-20 18:50:42,2026-01-20 19:15:41,NO
1768931641,2026-01-20 17:54:01,2026-01-20 14:54:01,Chaiten,VIIRS375,0.0,0.0,RUTINA,NULO,No descargada,2026-01-20 19:20:44,2026-01-20 20:15:41,NO
1768931641,2026-01-20 17:54:01,2026-01-20 14:54:01,Llaima,VIIRS,0.0,0.0,RUTINA,NULO,No descargada,2026-01-20 18:50:42,2026-01-20 19:15:41,NO
1768930920,2026-01-20 17:42:00,2026-01-20 14:42:00,Lascar,VIIRS,0.0,0.0,RUTINA,NULO,No descargada,2026-01-20 18:04:47,2026-01-20 18:45:40,NO
1768930920,2026-01-20 17:42:00,2026-01-20 14:42:00,Lastarria,VIIRS,0.0,0.0,RUTINA,NULO,No descargada,2026-01-20 18:04:47,2026-01-20 18:45:40,NO
1768930920,2026-01-20 17:42:00,2026-01-20 14:42:00,Isluga,VIIRS,0.0,0.0,RUTINA,NULO,No descargada,2026-01-20 18:04:47,2026-01-20 18:45:40,NO
1768930560,2026-01-20 17:36:00,2026-01-20 14:36:00,Nevados de Chillan,VIIRS,0.0,0.0,RUTINA,NULO,No descargada,2026-01-20 18:04:47,2026-01-20 18:45:40,NO
1768930560,2026-01-20 17:36:00,2026-01-20 14:36:00,Llaima,VIIRS375,0.0,0.0,RUTINA,NULO,No descargada,2026-01-20 18:50:42,2026-01-20 19:15:41,NO
1768930560,2026-01-20 17:36:00,2026-01-20 14:36:00,Llaima,VIIRS,0.0,0.0,RUTINA,NULO,No descargada,2026-01-20 18:04:47,2026-01-20 18:45:40,NO
1768930560,2026-01-20 17:36:00,2026-01-20 14:36:00,Villarrica,VIIRS375,0.0,0.0,RUTINA,NULO,No descargada,2026-01-20 18:50:42,2026-01-20 19:15:41,NO
1768930560,2026-01-20 17:36:00,2026-01-20 14:36:00,Chaiten,VIIRS,0.0,0.0,RUTINA,NULO,No descargada,2026-01-20 18:04:47,2026-01-20 18:45:40,NO
1768930560,2026-01-20 17:36:00,2026-01-20 14:36:00,Villarrica,VIIRS,0.0,0.0,RUTINA,NULO,No descargada,2026-01-20 18:04:47,2026-01-20 18:45:40,NO
1768930560,2026-01-20 17:36:00,2026-01-20 14:36:00,Copahue,VIIRS,0.0,0.0,RUTINA,NULO,No descargada,2026-01-20 18:04:47,2026-01-20 19:15:41,NO
1768930560,2026-01-20 17:36:00,2026-01-20 14:36:00,Nevados de Chillan,VIIRS375,0.0,0.0,RUTINA,NULO,No descargada,2026-01-20 18:50:42,2026-01-20 19:15:41,NO
1768930560,2026-01-20 17:36:00,2026-01-20 14:36:00,Puyehue-Cordon Caulle,VIIRS375,0.0,0.0,RUTINA,NULO,No descargada,2026-01-20 18:50:42,2026-01-20 19:15:41,NO
1768930560,2026-01-20 17:36:00,2026-01-20 14:36:00,PlanchonPeteroa,VIIRS375,0.0,0.0,RUTINA,NULO,No descargada,2026-01-20 18:50:42,2026-01-20 19:15:41,NO
1768930560,2026-01-20 17:36:00,2026-01-20 14:36:00,Copahue,VIIRS375,0.0,0.0,RUTINA,NULO,No descargada,2026-01-20 18:50:42,2026-01-20 20:15:41,NO
1768930560,2026-01-20 17:36:00,2026-01-20 14:36:00,Chaiten,VIIRS375,0.0,0.0,RUTINA,NULO,No descargada,2026-01-20 18:50:42,2026-01-20 19:15:41,NO
1768930560,2026-01-20 17:36:00,2026-01-20 14:36:00,Puyehue-Cordon Caulle,VIIRS,0.0,0.0,RUTINA,NULO,No descargada,2026-01-20 18:04:47,2026-01-20 18:45:40,NO
1768930560,2026-01-20 17:36:00,2026-01-20 14:36:00,PlanchonPeteroa,VIIRS,0.0,0.0,RUTINA,NULO,No descargada,2026-01-20 18:04:47,2026-01-20 18:45:40,NO
1768918800,2026-01-20 14:20:00,2026-01-20 11:20:00,Chaiten,MODIS,0.0,0.0,RUTINA,NULO,No descargada,2026-01-20 12:35:42,2026-01-20 19:00:43,NO
1768912800,2026-01-20 12:40:00,2026-01-20 09:40:00,Puyehue-Cordon Caulle,MODIS,0.0,0.0,RUTINA,NULO,No descargada,2026-01-20 11:15:36,2026-01-20 18:45:40,NO
1768912800,2026-01-20 12:40:00,2026-01-20 09:40:00,PlanchonPeteroa,MODIS,0.0,0.0,RUTINA,NULO,No descargada,2026-01-20 11:15:36,2026-01-20 18:45:40,NO
1768912800,2026-01-20 12:40:00,2026-01-20 09:40:00,Villarrica,MODIS,0.0,0.0,RUTINA,NULO,No descargada,2026-01-20 11:15:36,2026-01-20 18:45:40,NO
1768912800,2026-01-20 12:40:00,2026-01-20 09:40:00,Nevados de Chillan,MODIS,0.0,0.0,RUTINA,NULO,No descargada,2026-01-20 11:15:36,2026-01-20 18:45:40,NO
1768912800,2026-01-20 12:40:00,2026-01-20 09:40:00,Copahue,MODIS,0.0,0.0,RUTINA,NULO,No descargada,2026-01-20 11:15:36,2026-01-20 18:45:40,NO
1768912800,2026-01-20 12:40:00,2026-01-20 09:40:00,Chaiten,MODIS,0.0,0.0,RUTINA,NULO,No descargada,2026-01-20 11:15:36,2026-01-20 12:30:44,NO
1768912800,2026-01-20 12:40:00,2026-01-20 09:40:00,Llaima,MODIS,0.0,0.0,RUTINA,NULO,No descargada,2026-01-20 11:15:36,2026-01-20 18:45:40,NO
1768912500,2026-01-20 12:35:00,2026-01-20 09:35:00,Lastarria,MODIS,0.0,0.0,RUTINA,NULO,No descargada,2026-01-20 11:15:36,2026-01-20 18:45:40,NO
1768912500,2026-01-20 12:35:00,2026-01-20 09:35:00,Lascar,MODIS,0.0,0.0,RUTINA,NULO,No descargada,2026-01-20 11:15:36,2026-01-20 18:45:40,NO
1768895100,2026-01-20 07:45:00,2026-01-20 04:45:00,Chaiten,MODIS,0.0,0.0,RUTINA,NULO,No descargada,2026-01-20 07:15:39,2026-01-20 11:00:45,NO
1768895100,2026-01-20 07:45:00,2026-01-20 04:45:00,Villarrica,MODIS,0.0,0.0,RUTINA,NULO,No descargada,2026-01-20 07:15:39,2026-01-20 11:00:45,NO
1768895100,2026-01-20 07:45:00,2026-01-20 04:45:00,Puyehue-Cordon Caulle,MODIS,0.0,0.0,RUTINA,NULO,No descargada,2026-01-20 07:15:39,2026-01-20 11:00:45,NO
1768895100,2026-01-20 07:45:00,2026-01-20 04:45:00,Copahue,MODIS,0.0,0.0,RUTINA,NULO,No descargada,2026-01-20 07:15:39,2026-01-20 11:00:45,NO
1768895100,2026-01-20 07:45:00,2026-01-20 04:45:00,Nevados de Chillan,MODIS,0.0,0.0,RUTINA,NULO,No descargada,2026-01-20 07:15:39,2026-01-20 11:00:45,NO
1768895100,2026-01-20 07:45:00,2026-01-20 04:45:00,Llaima,MODIS,0.0,0.0,RUTINA,NULO,No descargada,2026-01-20 07:15:39,2026-01-20 11:00:45,NO
1768895100,2026-01-20 07:45:00,2026-01-20 04:45:00,PlanchonPeteroa,MODIS,0.0,0.0,RUTINA,NULO,No descargada,2026-01-20 07:15:39,2026-01-20 11:00:45,NO
1768894800,2026-01-20 07:40:00,2026-01-20 04:40:00,Isluga,MODIS,0.0,0.0,RUTINA,NULO,No descargada,2026-01-20 07:15:39,2026-01-20 18:45:40,NO
1768894800,2026-01-20 07:40:00,2026-01-20 04:40:00,Lascar,MODIS,0.0,0.0,RUTINA,NULO,No descargada,2026-01-20 07:15:39,2026-01-20 11:00:45,NO
1768894800,2026-01-20 07:40:00,2026-01-20 04:40:00,Lastarria,MODIS,0.0,0.0,RUTINA,NULO,No descargada,2026-01-20 07:15:39,2026-01-20 11:00:45,NO
1768892400,2026-01-20 07:00:00,2026-01-20 04:00:00,Llaima,VIIRS,0.0,0.0,RUTINA,NULO,No descargada,2026-01-20 07:30:39,2026-01-20 16:50:04,NO
1768892400,2026-01-20 07:00:00,2026-01-20 04:00:00,Chaiten,VIIRS375,0.0,0.0,RUTINA,NULO,No descargada,2026-01-20 08:45:37,2026-01-20 18:45:40,NO
1768892400,2026-01-20 07:00:00,2026-01-20 04:00:00,Puyehue-Cordon Caulle,VIIRS,0.0,0.0,RUTINA,NULO,No descargada,2026-01-20 07:30:39,2026-01-20 16:50:04,NO
1768892400,2026-01-20 07:00:00,2026-01-20 04:00:00,Llaima,VIIRS375,0.0,0.0,RUTINA,NULO,No descargada,2026-01-20 08:45:37,2026-01-20 18:45:40,NO
1768892400,2026-01-20 07:00:00,2026-01-20 04:00:00,Villarrica,VIIRS,0.0,0.0,RUTINA,NULO,No descargada,2026-01-20 07:30:39,2026-01-20 16:50:04,NO
1768892400,2026-01-20 07:00:00,2026-01-20 04:00:00,Villarrica,VIIRS375,0.0,0.0,RUTINA,NULO,No descargada,2026-01-20 08:45:37,2026-01-20 18:45:40,NO
1768892400,2026-01-20 07:00:00,2026-01-20 04:00:00,Puyehue-Cordon Caulle,VIIRS375,0.0,0.0,RUTINA,NULO,No descargada,2026-01-20 08:45:37,2026-01-20 18:45:40,NO
1768892400,2026-01-20 07:00:00,2026-01-20 04:00:00,Chaiten,VIIRS,0.0,0.0,RUTINA,NULO,No descargada,2026-01-20 07:30:39,2026-01-20 16:50:04,NO
1768887361,2026-01-20 05:36:01,2026-01-20 02:36:01,Villarrica,VIIRS375,0.0,0.0,RUTINA,NULO,No descargada,2026-01-20 06:15:34,2026-01-20 08:30:41,NO
1768887361,2026-01-20 05:36:01,2026-01-20 02:36:01,Nevados de Chillan,VIIRS375,0.0,0.0,RUTINA,NULO,No descargada,2026-01-20 06:15:34,2026-01-20 18:45:40,NO
1768887361,2026-01-20 05:36:01,2026-01-20 02:36:01,Llaima,VIIRS,0.0,0.0,RUTINA,NULO,No descargada,2026-01-20 05:45:38,2026-01-20 07:15:39,NO
1768887361,2026-01-20 05:36:01,2026-01-20 02:36:01,Lascar,VIIRS,0.0,0.0,RUTINA,NULO,No descargada,2026-01-20 05:30:34,2026-01-20 16:50:04,NO
1768887361,2026-01-20 05:36:01,2026-01-20 02:36:01,Llaima,VIIRS375,0.0,0.0,RUTINA,NULO,No descargada,2026-01-20 06:15:34,2026-01-20 08:30:41,NO
1768887361,2026-01-20 05:36:01,2026-01-20 02:36:01,Lascar,VIIRS375,0.0,0.0,RUTINA,NULO,No descargada,2026-01-20 06:15:34,2026-01-20 19:15:41,NO
1768887361,2026-01-20 05:36:01,2026-01-20 02:36:01,Copahue,VIIRS,0.0,0.0,RUTINA,NULO,No descargada,2026-01-20 05:45:38,2026-01-20 16:50:04,NO
1768887361,2026-01-20 05:36:01,2026-01-20 02:36:01,Chaiten,VIIRS375,0.26,0.38,ALERTA_TERMICA,Muy Bajo,imagenes_satelitales/Chaiten/2026-01-20/05-36-01_Chaiten_VIIRS375_Latest.png,2026-01-20 06:30:42,2026-01-20 08:30:41,NO
1768887361,2026-01-20 05:36:01,2026-01-20 02:36:01,PlanchonPeteroa,VIIRS375,0.14,2.02,ALERTA_TERMICA,Muy Bajo,imagenes_satelitales/PlanchonPeteroa/2026-01-20/05-36-01_PlanchonPeteroa_VIIRS375_Latest.png,2026-01-20 06:15:34,2026-01-20 18:45:40,NO
1768887361,2026-01-20 05:36:01,2026-01-20 02:36:01,Nevados de Chillan,VIIRS,0.0,0.0,RUTINA,NULO,No descargada,2026-01-20 05:45:38,2026-01-20 16:50:04,NO
1768887361,2026-01-20 05:36:01,2026-01-20 02:36:01,Lastarria,VIIRS,0.0,0.0,RUTINA,NULO,No descargada,2026-01-20 05:30:34,2026-01-20 16:50:04,NO
1768887361,2026-01-20 05:36:01,2026-01-20 02:36:01,Copahue,VIIRS375,3.81,26.21,FALSO_POSITIVO,NULO,No descargada,2026-01-20 06:15:34,2026-01-20 18:45:40,NO
1768887361,2026-01-20 05:36:01,2026-01-20 02:36:01,Chaiten,VIIRS,0.33,0.0,ALERTA_TERMICA,Muy Bajo,imagenes_satelitales/Chaiten/2026-01-20/05-36-01_Chaiten_VIIRS750_Latest.png,2026-01-20 05:45:38,2026-01-20 07:15:39,NO
1768887361,2026-01-20 05:36:01,2026-01-20 02:36:01,Villarrica,VIIRS,0.0,0.0,RUTINA,NULO,No descargada,2026-01-20 05:45:38,2026-01-20 07:15:39,NO
1768887361,2026-01-20 05:36:01,2026-01-20 02:36:01,Puyehue-Cordon Caulle,VIIRS,1.11,7.83,ALERTA_TERMICA,Bajo,imagenes_satelitales/Puyehue-Cordon Caulle/2026-01-20/05-36-01_Puyehue-Cordon Caulle_VIIRS750_Latest.png,2026-01-20 05:45:38,2026-01-20 07:15:39,NO
1768887361,2026-01-20 05:36:01,2026-01-20 02:36:01,PlanchonPeteroa,VIIRS,0.0,0.0,RUTINA,NULO,No descargada,2026-01-20 05:30:34,2026-01-20 16:50:04,NO
1768887361,2026-01-20 05:36:01,2026-01-20 02:36:01,Puyehue-Cordon Caulle,VIIRS375,0.98,8.1,ALERTA_TERMICA,Muy Bajo,imagenes_satelitales/Puyehue-Cordon Caulle/2026-01-20/05-36-01_Puyehue-Cordon Caulle_VIIRS375_Latest.png,2026-01-20 06:15:34,2026-01-20 08:30:41,NO
1768887361,2026-01-20 05:36:01,2026-01-20 02:36:01,Lastarria,VIIRS375,0.12,2.4,ALERTA_TERMICA,Muy Bajo,imagenes_satelitales/Lastarria/2026-01-20/05-36-01_Lastarria_VIIRS375_Latest.png,2026-01-20 06:15:34,2026-01-20 19:15:41,NO
1768887001,2026-01-20 05:30:01,2026-01-20 02:30:01,Isluga,VIIRS,0.0,0.0,RUTINA,NULO,No descargada,2026-01-20 05:30:34,2026-01-20 16:50:04,NO
1768887001,2026-01-20 05:30:01,2026-01-20 02:30:01,Isluga,VIIRS375,0.0,0.0,RUTINA,NULO,No descargada,2026-01-20 06:15:34,2026-01-20 16:50:04,NO
1768878900,2026-01-20 03:15:00,2026-01-20 00:15:00,Puyehue-Cordon Caulle,MODIS,0.0,0.0,RUTINA,NULO,No descargada,2026-01-20 02:30:40,2026-01-20 07:00:44,NO
1768878900,2026-01-20 03:15:00,2026-01-20 00:15:00,Chaiten,MODIS,0.0,0.0,RUTINA,NULO,No descargada,2026-01-20 02:30:40,2026-01-20 07:00:44,NO
1768873500,2026-01-20 01:45:00,2026-01-19 22:45:00,Isluga,MODIS,0.0,0.0,RUTINA,NULO,No descargada,2026-01-20 01:00:41,2026-01-20 07:00:44,NO
1768873200,2026-01-20 01:40:00,2026-01-19 22:40:00,Llaima,MODIS,0.0,0.0,RUTINA,NULO,No descargada,2026-01-20 00:45:37,2026-01-20 07:00:44,NO
1768873200,2026-01-20 01:40:00,2026-01-19 22:40:00,Copahue,MODIS,0.0,0.0,RUTINA,NULO,No descargada,2026-01-20 00:45:37,2026-01-20 07:00:44,NO
1768873200,2026-01-20 01:40:00,2026-01-19 22:40:00,Nevados de Chillan,MODIS,0.0,0.0,RUTINA,NULO,No descargada,2026-01-20 00:45:37,2026-01-20 07:00:44,NO
1768873200,2026-01-20 01:40:00,2026-01-19 22:40:00,PlanchonPeteroa,MODIS,0.0,0.0,RUTINA,NULO,No descargada,2026-01-20 00:45:37,2026-01-20 07:00:44,NO
1768873200,2026-01-20 01:40:00,2026-01-19 22:40:00,Lastarria,MODIS,0.0,0.0,RUTINA,NULO,No descargada,2026-01-20 00:45:37,2026-01-20 07:00:44,NO
1768873200,2026-01-20 01:40:00,2026-01-19 22:40:00,Lascar,MODIS,0.0,0.0,RUTINA,NULO,No descargada,2026-01-20 00:30:38,2026-01-20 07:00:44,NO
1768873200,2026-01-20 01:40:00,2026-01-19 22:40:00,Puyehue-Cordon Caulle,MODIS,0.0,0.0,RUTINA,NULO,No descargada,2026-01-20 00:45:37,2026-01-20 02:15:33,NO
1768873200,2026-01-20 01:40:00,2026-01-19 22:40:00,Villarrica,MODIS,0.0,0.0,RUTINA,NULO,No descargada,2026-01-20 00:45:37,2026-01-20 07:00:44,NO
1768872900,2026-01-20 01:35:00,2026-01-19 22:35:00,Chaiten,MODIS,0.0,0.0,RUTINA,NULO,No descargada,2026-01-20 00:45:37,2026-01-20 02:15:33,NO
1768855500,2026-01-19 20:45:00,2026-01-19 17:45:00,Nevados de Chillan,MODIS,0.0,0.0,RUTINA,NULO,No descargada,2026-01-19 19:30:44,2026-01-20 00:30:38,NO
1768855500,2026-01-19 20:45:00,2026-01-19 17:45:00,Copahue,MODIS,71.33,25.63,FALSO_POSITIVO,NULO,No descargada,2026-01-19 19:30:44,2026-01-20 00:30:38,NO
1768855500,2026-01-19 20:45:00,2026-01-19 17:45:00,PlanchonPeteroa,MODIS,0.0,0.0,RUTINA,NULO,No descargada,2026-01-19 19:30:44,2026-01-20 00:30:38,NO
1768855500,2026-01-19 20:45:00,2026-01-19 17:45:00,Llaima,MODIS,0.0,0.0,RUTINA,NULO,No descargada,2026-01-19 19:30:44,2026-01-20 00:30:38,NO
1768855200,2026-01-19 20:40:00,2026-01-19 17:40:00,Puyehue-Cordon Caulle,MODIS,0.0,0.0,RUTINA,NULO,No descargada,2026-01-19 19:30:44,2026-01-20 00:30:38,NO
1768852441,2026-01-19 19:54:01,2026-01-19 16:54:01,Villarrica,VIIRS,0.0,0.0,RUTINA,NULO,No descargada,2026-01-19 19:45:39,2026-01-20 05:30:34,NO
1768852441,2026-01-19 19:54:01,2026-01-19 16:54:01,Puyehue-Cordon Caulle,VIIRS375,0.0,0.0,RUTINA,NULO,No descargada,2026-01-19 20:00:41,2026-01-20 06:00:40,NO
1768852441,2026-01-19 19:54:01,2026-01-19 16:54:01,Puyehue-Cordon Caulle,VIIRS,0.0,0.0,RUTINA,NULO,No descargada,2026-01-19 19:45:39,2026-01-20 05:30:34,NO
1768852441,2026-01-19 19:54:01,2026-01-19 16:54:01,Villarrica,VIIRS375,0.0,0.0,RUTINA,NULO,No descargada,2026-01-19 19:45:39,2026-01-20 06:00:40,NO
1768852441,2026-01-19 19:54:01,2026-01-19 16:54:01,Chaiten,VIIRS375,0.0,0.0,RUTINA,NULO,No descargada,2026-01-19 20:00:41,2026-01-20 06:15:34,NO
1768852441,2026-01-19 19:54:01,2026-01-19 16:54:01,Chaiten,VIIRS,0.0,0.0,RUTINA,NULO,No descargada,2026-01-19 19:45:39,2026-01-20 05:30:34,NO
1768851360,2026-01-19 19:36:00,2026-01-19 16:36:00,Copahue,VIIRS375,16.31,26.21,FALSO_POSITIVO,NULO,No descargada,2026-01-19 20:00:41,2026-01-20 06:00:40,NO
1768851360,2026-01-19 19:36:00,2026-01-19 16:36:00,Llaima,VIIRS375,0.0,0.0,RUTINA,NULO,No descargada,2026-01-19 20:00:41,2026-01-20 06:00:40,NO
1768851360,2026-01-19 19:36:00,2026-01-19 16:36:00,Nevados de Chillan,VIIRS,0.0,0.0,RUTINA,NULO,No descargada,2026-01-19 19:30:44,2026-01-20 05:30:34,NO
1768851360,2026-01-19 19:36:00,2026-01-19 16:36:00,Llaima,VIIRS,0.0,0.0,RUTINA,NULO,No descargada,2026-01-19 19:30:44,2026-01-20 05:30:34,NO
1768851360,2026-01-19 19:36:00,2026-01-19 16:36:00,Puyehue-Cordon Caulle,VIIRS,0.0,0.0,RUTINA,NULO,No descargada,2026-01-19 19:30:44,2026-01-19 19:30:44,NO
1768851360,2026-01-19 19:36:00,2026-01-19 16:36:00,Copahue,VIIRS,0.0,0.0,RUTINA,NULO,No descargada,2026-01-19 19:30:44,2026-01-20 05:30:34,NO
1768851360,2026-01-19 19:36:00,2026-01-19 16:36:00,Villarrica,VIIRS,0.0,0.0,RUTINA,NULO,No descargada,2026-01-19 19:30:44,2026-01-19 19:30:44,NO
1768851360,2026-01-19 19:36:00,2026-01-19 16:36:00,Chaiten,VIIRS,0.0,0.0,RUTINA,NULO,No descargada,2026-01-19 19:30:44,2026-01-19 19:30:44,NO
1768851360,2026-01-19 19:36:00,2026-01-19 16:36:00,PlanchonPeteroa,VIIRS,0.0,0.0,RUTINA,NULO,No descargada,2026-01-19 19:30:44,2026-01-20 05:15:33,NO
1768851360,2026-01-19 19:36:00,2026-01-19 16:36:00,Nevados de Chillan,VIIRS375,0.0,0.0,RUTINA,NULO,No descargada,2026-01-19 20:00:41,2026-01-20 06:00:40,NO
1768851360,2026-01-19 19:36:00,2026-01-19 16:36:00,PlanchonPeteroa,VIIRS375,0.0,0.0,RUTINA,NULO,No descargada,2026-01-19 20:00:41,2026-01-20 06:00:40,NO
1768849800,2026-01-19 19:10:00,2026-01-19 16:10:00,Lascar,MODIS,0.0,0.0,RUTINA,NULO,No descargada,2026-01-19 17:45:38,2026-01-19 23:00:41,NO
1768849800,2026-01-19 19:10:00,2026-01-19 16:10:00,Isluga,MODIS,0.0,0.0,RUTINA,NULO,No descargada,2026-01-19 17:45:38,2026-01-20 00:45:37,NO
1768846681,2026-01-19 18:18:01,2026-01-19 15:18:01,Lascar,VIIRS375,0.0,0.0,RUTINA,NULO,No descargada,2026-01-19 18:45:35,2026-01-20 06:00:40,NO
1768846681,2026-01-19 18:18:01,2026-01-19 15:18:01,Lastarria,VIIRS375,0.0,0.0,RUTINA,NULO,No descargada,2026-01-19 18:45:35,2026-01-20 06:00:40,NO
1768846681,2026-01-19 18:18:01,2026-01-19 15:18:01,Lastarria,VIIRS,0.0,0.0,RUTINA,NULO,No descargada,2026-01-19 19:00:39,2026-01-20 05:15:33,NO
1768846681,2026-01-19 18:18:01,2026-01-19 15:18:01,Nevados de Chillan,VIIRS375,0.0,0.0,RUTINA,NULO,No descargada,2026-01-19 18:45:35,2026-01-19 19:45:39,NO
1768846681,2026-01-19 18:18:01,2026-01-19 15:18:01,Lascar,VIIRS,0.0,0.0,RUTINA,NULO,No descargada,2026-01-19 19:00:39,2026-01-20 05:15:33,NO
1768846681,2026-01-19 18:18:01,2026-01-19 15:18:01,Llaima,VIIRS,0.0,0.0,RUTINA,NULO,No descargada,2026-01-19 19:00:39,2026-01-19 19:15:41,NO
1768846681,2026-01-19 18:18:01,2026-01-19 15:18:01,Nevados de Chillan,VIIRS,0.0,0.0,RUTINA,NULO,No descargada,2026-01-19 19:00:39,2026-01-19 19:15:41,NO
1768846681,2026-01-19 18:18:01,2026-01-19 15:18:01,Copahue,VIIRS,0.0,0.0,RUTINA,NULO,No descargada,2026-01-19 19:00:39,2026-01-19 19:15:41,NO
1768846681,2026-01-19 18:18:01,2026-01-19 15:18:01,Copahue,VIIRS375,0.0,0.0,RUTINA,NULO,No descargada,2026-01-19 18:45:35,2026-01-19 19:45:39,NO
1768846681,2026-01-19 18:18:01,2026-01-19 15:18:01,PlanchonPeteroa,VIIRS375,0.0,0.0,RUTINA,NULO,No descargada,2026-01-19 18:45:35,2026-01-19 19:45:39,NO
1768846681,2026-01-19 18:18:01,2026-01-19 15:18:01,Villarrica,VIIRS375,0.0,0.0,RUTINA,NULO,No descargada,2026-01-19 18:45:35,2026-01-19 19:30:44,NO
1768846681,2026-01-19 18:18:01,2026-01-19 15:18:01,Villarrica,VIIRS,0.0,0.0,RUTINA,NULO,No descargada,2026-01-19 19:00:39,2026-01-19 19:15:41,NO
1768846681,2026-01-19 18:18:01,2026-01-19 15:18:01,PlanchonPeteroa,VIIRS,0.0,0.0,RUTINA,NULO,No descargada,2026-01-19 19:00:39,2026-01-19 19:15:41,NO
1768846681,2026-01-19 18:18:01,2026-01-19 15:18:01,Llaima,VIIRS375,0.0,0.0,RUTINA,NULO,No descargada,2026-01-19 18:45:35,2026-01-19 19:45:39,NO
1768846321,2026-01-19 18:12:01,2026-01-19 15:12:01,Chaiten,VIIRS,0.0,0.0,RUTINA,NULO,No descargada,2026-01-19 19:00:39,2026-01-19 19:15:41,NO
1768846321,2026-01-19 18:12:01,2026-01-19 15:12:01,Chaiten,VIIRS375,0.0,0.0,RUTINA,NULO,No descargada,2026-01-19 18:45:35,2026-01-19 19:45:39,NO
1768845600,2026-01-19 18:00:00,2026-01-19 15:00:00,Lastarria,VIIRS,0.0,0.0,RUTINA,NULO,No descargada,2026-01-19 18:30:39,2026-01-19 18:45:35,NO
1768845600,2026-01-19 18:00:00,2026-01-19 15:00:00,Isluga,VIIRS375,0.0,0.0,RUTINA,NULO,No descargada,2026-01-19 19:30:44,2026-01-20 06:00:40,NO
1768845600,2026-01-19 18:00:00,2026-01-19 15:00:00,Lascar,VIIRS,0.0,0.0,RUTINA,NULO,No descargada,2026-01-19 18:30:39,2026-01-19 18:45:35,NO
1768845600,2026-01-19 18:00:00,2026-01-19 15:00:00,Isluga,VIIRS,0.0,0.0,RUTINA,NULO,No descargada,2026-01-19 18:30:39,2026-01-20 05:15:33,NO
1768845240,2026-01-19 17:54:00,2026-01-19 14:54:00,Chaiten,VIIRS,0.0,0.0,RUTINA,NULO,No descargada,2026-01-19 18:30:39,2026-01-19 18:45:35,NO
1768845240,2026-01-19 17:54:00,2026-01-19 14:54:00,Puyehue-Cordon Caulle,VIIRS,0.0,0.0,RUTINA,NULO,No descargada,2026-01-19 18:30:39,2026-01-19 19:15:41,NO
1768845240,2026-01-19 17:54:00,2026-01-19 14:54:00,Nevados de Chillan,VIIRS375,11.24,7.51,FALSO_POSITIVO,NULO,No descargada,2026-01-19 18:00:43,2026-01-19 18:30:39,NO
1768845240,2026-01-19 17:54:00,2026-01-19 14:54:00,Copahue,VIIRS,0.0,0.0,RUTINA,NULO,No descargada,2026-01-19 18:30:39,2026-01-19 18:45:35,NO
1768845240,2026-01-19 17:54:00,2026-01-19 14:54:00,Chaiten,VIIRS375,0.0,0.0,RUTINA,NULO,No descargada,2026-01-19 18:00:43,2026-01-19 18:30:39,NO
1768845240,2026-01-19 17:54:00,2026-01-19 14:54:00,Puyehue-Cordon Caulle,VIIRS375,0.0,0.0,RUTINA,NULO,No descargada,2026-01-19 18:00:43,2026-01-19 19:45:39,NO
1768845240,2026-01-19 17:54:00,2026-01-19 14:54:00,Villarrica,VIIRS375,0.0,0.0,RUTINA,NULO,No descargada,2026-01-19 18:00:43,2026-01-19 18:30:39,NO
1768845240,2026-01-19 17:54:00,2026-01-19 14:54:00,Copahue,VIIRS375,0.0,0.0,RUTINA,NULO,No descargada,2026-01-19 18:00:43,2026-01-19 18:30:39,NO
1768845240,2026-01-19 17:54:00,2026-01-19 14:54:00,Llaima,VIIRS375,0.0,0.0,RUTINA,NULO,No descargada,2026-01-19 18:00:43,2026-01-19 18:30:39,NO
1768845240,2026-01-19 17:54:00,2026-01-19 14:54:00,Nevados de Chillan,VIIRS,9.7,7.5,FALSO_POSITIVO,NULO,No descargada,2026-01-19 18:30:39,2026-01-19 18:45:35,NO
1768845240,2026-01-19 17:54:00,2026-01-19 14:54:00,Villarrica,VIIRS,0.0,0.0,RUTINA,NULO,No descargada,2026-01-19 18:30:39,2026-01-19 18:45:35,NO
1768845240,2026-01-19 17:54:00,2026-01-19 14:54:00,Llaima,VIIRS,0.0,0.0,RUTINA,NULO,No descargada,2026-01-19 18:30:39,2026-01-19 18:45:35,NO
1768845240,2026-01-19 17:54:00,2026-01-19 14:54:00,PlanchonPeteroa,VIIRS375,0.0,0.0,RUTINA,NULO,No descargada,2026-01-19 18:00:43,2026-01-19 18:30:39,NO
1768845240,2026-01-19 17:54:00,2026-01-19 14:54:00,PlanchonPeteroa,VIIRS,0.0,0.0,RUTINA,NULO,No descargada,2026-01-19 18:30:39,2026-01-19 18:45:35,NO
1768830000,2026-01-19 13:40:00,2026-01-19 10:40:00,Nevados de Chillan,MODIS,0.0,0.0,RUTINA,NULO,No descargada,2026-01-19 12:02:45,2026-01-19 19:15:41,NO
1768830000,2026-01-19 13:40:00,2026-01-19 10:40:00,Villarrica,MODIS,0.0,0.0,RUTINA,NULO,No descargada,2026-01-19 12:02:45,2026-01-20 00:30:38,NO
1768830000,2026-01-19 13:40:00,2026-01-19 10:40:00,Puyehue-Cordon Caulle,MODIS,0.0,0.0,RUTINA,NULO,No descargada,2026-01-19 12:02:45,2026-01-19 19:15:41,NO
1768830000,2026-01-19 13:40:00,2026-01-19 10:40:00,Llaima,MODIS,0.0,0.0,RUTINA,NULO,No descargada,2026-01-19 12:02:45,2026-01-19 19:15:41,NO
1768830000,2026-01-19 13:40:00,2026-01-19 10:40:00,PlanchonPeteroa,MODIS,0.0,0.0,RUTINA,NULO,No descargada,2026-01-19 12:02:45,2026-01-19 19:15:41,NO
1768830000,2026-01-19 13:40:00,2026-01-19 10:40:00,Copahue,MODIS,0.0,0.0,RUTINA,NULO,No descargada,2026-01-19 12:02:45,2026-01-19 19:15:41,NO
1768830000,2026-01-19 13:40:00,2026-01-19 10:40:00,Chaiten,MODIS,0.0,0.0,RUTINA,NULO,No descargada,2026-01-19 12:02:45,2026-01-19 19:15:41,NO
1768829700,2026-01-19 13:35:00,2026-01-19 10:35:00,Isluga,MODIS,0.0,0.0,RUTINA,NULO,No descargada,2026-01-19 12:02:45,2026-01-19 17:30:38,NO
1768829700,2026-01-19 13:35:00,2026-01-19 10:35:00,Lastarria,MODIS,0.0,0.0,RUTINA,NULO,No descargada,2026-01-19 12:02:45,2026-01-20 00:30:38,NO
1768829700,2026-01-19 13:35:00,2026-01-19 10:35:00,Lascar,MODIS,0.0,0.0,RUTINA,NULO,No descargada,2026-01-19 12:02:45,2026-01-19 17:30:38,NO
1768806600,2026-01-19 07:10:00,2026-01-19 04:10:00,Chaiten,MODIS,0.0,0.0,RUTINA,NULO,No descargada,2026-01-19 06:17:34,2026-01-19 12:01:37,NO
1768806300,2026-01-19 07:05:00,2026-01-19 04:05:00,Puyehue-Cordon Caulle,MODIS,0.0,0.0,RUTINA,NULO,No descargada,2026-01-19 06:17:34,2026-01-19 12:01:37,NO
1768806300,2026-01-19 07:05:00,2026-01-19 04:05:00,Copahue,MODIS,0.0,0.0,RUTINA,NULO,No descargada,2026-01-19 06:17:34,2026-01-19 12:01:37,NO
1768806300,2026-01-19 07:05:00,2026-01-19 04:05:00,Llaima,MODIS,0.0,0.0,RUTINA,NULO,No descargada,2026-01-19 06:17:34,2026-01-19 12:01:37,NO
1768806300,2026-01-19 07:05:00,2026-01-19 04:05:00,Villarrica,MODIS,0.0,0.0,RUTINA,NULO,No descargada,2026-01-19 06:17:34,2026-01-19 12:01:37,NO
1768806300,2026-01-19 07:05:00,2026-01-19 04:05:00,PlanchonPeteroa,MODIS,0.0,0.0,RUTINA,NULO,No descargada,2026-01-19 06:17:34,2026-01-19 12:01:37,NO
1768806300,2026-01-19 07:05:00,2026-01-19 04:05:00,Nevados de Chillan,MODIS,0.0,0.0,RUTINA,NULO,No descargada,2026-01-19 06:17:34,2026-01-19 12:01:37,NO
1768806300,2026-01-19 07:05:00,2026-01-19 04:05:00,Lascar,MODIS,0.0,0.0,RUTINA,NULO,No descargada,2026-01-19 06:17:34,2026-01-19 12:01:37,NO
1768806300,2026-01-19 07:05:00,2026-01-19 04:05:00,Lastarria,MODIS,0.0,0.0,RUTINA,NULO,No descargada,2026-01-19 06:17:34,2026-01-19 12:01:37,NO
1768806000,2026-01-19 07:00:00,2026-01-19 04:00:00,Isluga,MODIS,0.0,0.0,RUTINA,NULO,No descargada,2026-01-19 06:17:34,2026-01-19 12:01:37,NO
1768802401,2026-01-19 06:00:01,2026-01-19 03:00:01,Chaiten,VIIRS,0.0,0.0,RUTINA,NULO,No descargada,2026-01-19 11:02:36,2026-01-19 18:15:35,NO
1768802401,2026-01-19 06:00:01,2026-01-19 03:00:01,Chaiten,VIIRS375,0.22,0.38,ALERTA_TERMICA,Muy Bajo,imagenes_satelitales/Chaiten/2026-01-19/06-00-01_Chaiten_VIIRS375_Latest.png,2026-01-19 06:32:37,2026-01-19 17:45:38,NO
1768802041,2026-01-19 05:54:01,2026-01-19 02:54:01,Lascar,VIIRS375,0.0,0.0,RUTINA,NULO,No descargada,2026-01-19 06:17:34,2026-01-19 18:30:39,NO
1768802041,2026-01-19 05:54:01,2026-01-19 02:54:01,Lastarria,VIIRS375,0.14,2.4,ALERTA_TERMICA,Muy Bajo,imagenes_satelitales/Lastarria/2026-01-19/05-54-01_Lastarria_VIIRS375_Latest.png,2026-01-19 06:17:34,2026-01-19 18:30:39,NO
1768802041,2026-01-19 05:54:01,2026-01-19 02:54:01,Villarrica,VIIRS,0.0,0.0,RUTINA,NULO,No descargada,2026-01-19 11:02:36,2026-01-19 18:15:35,NO
1768802041,2026-01-19 05:54:01,2026-01-19 02:54:01,Lascar,VIIRS,0.0,0.0,RUTINA,NULO,No descargada,2026-01-19 11:02:36,2026-01-19 18:15:35,NO
1768802041,2026-01-19 05:54:01,2026-01-19 02:54:01,Copahue,VIIRS375,8.83,26.34,FALSO_POSITIVO,NULO,No descargada,2026-01-19 06:17:34,2026-01-19 17:45:38,NO
1768802041,2026-01-19 05:54:01,2026-01-19 02:54:01,Lastarria,VIIRS,0.0,0.0,RUTINA,NULO,No descargada,2026-01-19 11:02:36,2026-01-19 18:15:35,NO
1768802041,2026-01-19 05:54:01,2026-01-19 02:54:01,Copahue,VIIRS,0.0,0.0,RUTINA,NULO,No descargada,2026-01-19 11:02:36,2026-01-19 18:15:35,NO
1768802041,2026-01-19 05:54:01,2026-01-19 02:54:01,Villarrica,VIIRS375,0.09,0.84,ALERTA_TERMICA,Muy Bajo,imagenes_satelitales/Villarrica/2026-01-19/05-54-01_Villarrica_VIIRS375_Latest.png,2026-01-19 06:32:37,2026-01-19 17:45:38,NO
1768802041,2026-01-19 05:54:01,2026-01-19 02:54:01,Nevados de Chillan,VIIRS375,2.68,7.88,FALSO_POSITIVO,NULO,No descargada,2026-01-19 06:17:34,2026-01-19 17:45:38,NO
1768802041,2026-01-19 05:54:01,2026-01-19 02:54:01,PlanchonPeteroa,VIIRS375,0.09,2.02,ALERTA_TERMICA,Muy Bajo,imagenes_satelitales/PlanchonPeteroa/2026-01-19/05-54-01_PlanchonPeteroa_VIIRS375_Latest.png,2026-01-19 06:17:34,2026-01-19 17:45:38,NO
1768802041,2026-01-19 05:54:01,2026-01-19 02:54:01,Llaima,VIIRS,0.0,0.0,RUTINA,NULO,No descargada,2026-01-19 11:02:36,2026-01-19 18:15:35,NO
1768802041,2026-01-19 05:54:01,2026-01-19 02:54:01,Nevados de Chillan,VIIRS,2.48,7.5,FALSO_POSITIVO,NULO,No descargada,2026-01-19 11:02:36,2026-01-19 18:15:35,NO
1768802041,2026-01-19 05:54:01,2026-01-19 02:54:01,Llaima,VIIRS375,0.0,0.0,RUTINA,NULO,No descargada,2026-01-19 06:17:34,2026-01-19 17:45:38,NO
1768801681,2026-01-19 05:48:01,2026-01-19 02:48:01,Isluga,VIIRS,0.0,0.0,RUTINA,NULO,No descargada,2026-01-19 11:02:36,2026-01-19 18:15:35,NO
1768801681,2026-01-19 05:48:01,2026-01-19 02:48:01,Isluga,VIIRS375,0.0,0.0,RUTINA,NULO,No descargada,2026-01-19 06:17:34,2026-01-19 18:30:39,NO
1768800960,2026-01-19 05:36:00,2026-01-19 02:36:00,Puyehue-Cordon Caulle,VIIRS,0.0,0.0,RUTINA,NULO,No descargada,2026-01-19 13:15:38,2026-01-19 18:15:35,NO
1768800960,2026-01-19 05:36:00,2026-01-19 02:36:00,Puyehue-Cordon Caulle,VIIRS375,0.48,7.73,ALERTA_TERMICA,Muy Bajo,imagenes_satelitales/Puyehue-Cordon Caulle/2026-01-19/05-36-00_Puyehue-Cordon Caulle_VIIRS375_Latest.png,2026-01-19 07:02:36,2026-01-19 17:30:38,NO
1768790400,2026-01-19 02:40:00,2026-01-18 23:40:00,PlanchonPeteroa,MODIS,0.0,0.0,RUTINA,NULO,No descargada,2026-01-19 06:02:30,2026-01-19 06:16:38,NO
1768790100,2026-01-19 02:35:00,2026-01-18 23:35:00,Nevados de Chillan,MODIS,0.0,0.0,RUTINA,NULO,No descargada,2026-01-19 06:02:30,2026-01-19 06:16:38,NO
1768790100,2026-01-19 02:35:00,2026-01-18 23:35:00,Villarrica,MODIS,0.0,0.0,RUTINA,NULO,No descargada,2026-01-19 06:02:30,2026-01-19 06:16:38,NO
1768790100,2026-01-19 02:35:00,2026-01-18 23:35:00,Puyehue-Cordon Caulle,MODIS,0.0,0.0,RUTINA,NULO,No descargada,2026-01-19 06:02:30,2026-01-19 06:16:38,NO
1768790100,2026-01-19 02:35:00,2026-01-18 23:35:00,Llaima,MODIS,0.0,0.0,RUTINA,NULO,No descargada,2026-01-19 06:02:30,2026-01-19 06:16:38,NO
1768790100,2026-01-19 02:35:00,2026-01-18 23:35:00,Chaiten,MODIS,0.0,0.0,RUTINA,NULO,No descargada,2026-01-19 06:02:30,2026-01-19 06:16:38,NO
1768790100,2026-01-19 02:35:00,2026-01-18 23:35:00,Copahue,MODIS,14.48,26.0,FALSO_POSITIVO,NULO,No descargada,2026-01-19 06:02:30,2026-01-19 06:16:38,NO
1768784700,2026-01-19 01:05:00,2026-01-18 22:05:00,Isluga,MODIS,0.0,0.0,RUTINA,NULO,No descargada,2026-01-19 06:02:30,2026-01-19 06:16:38,NO
1768784700,2026-01-19 01:05:00,2026-01-18 22:05:00,Lascar,MODIS,0.0,0.0,RUTINA,NULO,No descargada,2026-01-19 06:02:30,2026-01-19 06:16:38,NO
1768767000,2026-01-18 20:10:00,2026-01-18 17:10:00,Isluga,MODIS,0.0,0.0,RUTINA,NULO,No descargada,2026-01-19 05:03:30,2026-01-19 06:01:36,NO
1768767000,2026-01-18 20:10:00,2026-01-18 17:10:00,Lastarria,MODIS,0.0,0.0,RUTINA,NULO,No descargada,2026-01-19 05:03:30,2026-01-19 06:16:38,NO
1768767000,2026-01-18 20:10:00,2026-01-18 17:10:00,Lascar,MODIS,0.0,0.0,RUTINA,NULO,No descargada,2026-01-19 05:03:30,2026-01-19 06:01:36,NO
1768766700,2026-01-18 20:05:00,2026-01-18 17:05:00,Chaiten,MODIS,0.0,0.0,RUTINA,NULO,No descargada,2026-01-19 05:03:30,2026-01-19 06:01:36,NO
1768766700,2026-01-18 20:05:00,2026-01-18 17:05:00,Nevados de Chillan,MODIS,70.43,8.06,FALSO_POSITIVO,NULO,No descargada,2026-01-19 05:03:30,2026-01-19 06:01:36,NO
1768766040,2026-01-18 19:54:00,2026-01-18 16:54:00,Llaima,VIIRS375,0.0,0.0,RUTINA,NULO,No descargada,2026-01-18 21:17:35,2026-01-19 06:16:38,NO
1768766040,2026-01-18 19:54:00,2026-01-18 16:54:00,Copahue,VIIRS375,0.0,0.0,RUTINA,NULO,No descargada,2026-01-18 21:17:35,2026-01-19 06:16:38,NO
1768766040,2026-01-18 19:54:00,2026-01-18 16:54:00,Puyehue-Cordon Caulle,VIIRS,0.0,0.0,RUTINA,NULO,No descargada,2026-01-19 07:02:36,2026-01-19 13:00:40,NO
1768766040,2026-01-18 19:54:00,2026-01-18 16:54:00,Villarrica,VIIRS375,0.0,0.0,RUTINA,NULO,No descargada,2026-01-18 21:17:35,2026-01-19 06:31:36,NO
1768766040,2026-01-18 19:54:00,2026-01-18 16:54:00,Chaiten,VIIRS375,0.0,0.0,RUTINA,NULO,No descargada,2026-01-18 21:17:35,2026-01-19 06:31:36,NO
1768766040,2026-01-18 19:54:00,2026-01-18 16:54:00,Puyehue-Cordon Caulle,VIIRS375,0.0,0.0,RUTINA,NULO,No descargada,2026-01-18 21:17:35,2026-01-19 07:01:34,NO
1768766040,2026-01-18 19:54:00,2026-01-18 16:54:00,Copahue,VIIRS,0.0,0.0,RUTINA,NULO,No descargada,2026-01-19 07:02:36,2026-01-19 11:01:37,NO
1768766040,2026-01-18 19:54:00,2026-01-18 16:54:00,Villarrica,VIIRS,0.0,0.0,RUTINA,NULO,No descargada,2026-01-19 07:02:36,2026-01-19 11:01:37,NO
1768766040,2026-01-18 19:54:00,2026-01-18 16:54:00,Llaima,VIIRS,0.0,0.0,RUTINA,NULO,No descargada,2026-01-19 07:02:36,2026-01-19 11:01:37,NO
1768766040,2026-01-18 19:54:00,2026-01-18 16:54:00,Chaiten,VIIRS,0.0,0.0,RUTINA,NULO,No descargada,2026-01-19 07:02:36,2026-01-19 11:01:37,NO
1768761721,2026-01-18 18:42:01,2026-01-18 15:42:01,Isluga,VIIRS,0.0,0.0,RUTINA,NULO,No descargada,2026-01-19 05:03:30,2026-01-19 11:01:37,NO
1768761721,2026-01-18 18:42:01,2026-01-18 15:42:01,Isluga,VIIRS375,0.0,0.0,RUTINA,NULO,No descargada,2026-01-18 21:17:35,2026-01-19 06:16:38,NO
1768761361,2026-01-18 18:36:01,2026-01-18 15:36:01,Llaima,VIIRS,0.0,0.0,RUTINA,NULO,No descargada,2026-01-19 05:03:30,2026-01-19 07:01:34,NO
1768761361,2026-01-18 18:36:01,2026-01-18 15:36:01,Lascar,VIIRS375,0.0,0.0,RUTINA,NULO,No descargada,2026-01-18 21:17:35,2026-01-19 06:16:38,NO
1768761361,2026-01-18 18:36:01,2026-01-18 15:36:01,Nevados de Chillan,VIIRS,72.7,8.25,FALSO_POSITIVO,NULO,No descargada,2026-01-19 05:03:30,2026-01-19 11:01:37,NO
1768761361,2026-01-18 18:36:01,2026-01-18 15:36:01,PlanchonPeteroa,VIIRS375,0.0,0.0,RUTINA,NULO,No descargada,2026-01-18 21:17:35,2026-01-19 06:16:38,NO
1768761361,2026-01-18 18:36:01,2026-01-18 15:36:01,Nevados de Chillan,VIIRS375,0.0,0.0,RUTINA,NULO,No descargada,2026-01-18 21:17:35,2026-01-19 06:16:38,NO
1768761361,2026-01-18 18:36:01,2026-01-18 15:36:01,Copahue,VIIRS,0.0,0.0,RUTINA,NULO,No descargada,2026-01-19 05:03:30,2026-01-19 07:01:34,NO
1768761361,2026-01-18 18:36:01,2026-01-18 15:36:01,Lascar,VIIRS,0.0,0.0,RUTINA,NULO,No descargada,2026-01-19 05:03:30,2026-01-19 11:01:37,NO
1768761361,2026-01-18 18:36:01,2026-01-18 15:36:01,PlanchonPeteroa,VIIRS,0.0,0.0,RUTINA,NULO,No descargada,2026-01-19 05:03:30,2026-01-19 11:01:37,NO
1768761361,2026-01-18 18:36:01,2026-01-18 15:36:01,Chaiten,VIIRS,0.0,0.0,RUTINA,NULO,No descargada,2026-01-19 05:03:30,2026-01-19 07:01:34,NO
1768761361,2026-01-18 18:36:01,2026-01-18 15:36:01,Lastarria,VIIRS375,0.0,0.0,RUTINA,NULO,No descargada,2026-01-18 21:17:35,2026-01-19 06:16:38,NO
1768761361,2026-01-18 18:36:01,2026-01-18 15:36:01,Lastarria,VIIRS,0.0,0.0,RUTINA,NULO,No descargada,2026-01-19 05:03:30,2026-01-19 11:01:37,NO
1768761361,2026-01-18 18:36:01,2026-01-18 15:36:01,Villarrica,VIIRS,0.0,0.0,RUTINA,NULO,No descargada,2026-01-19 05:03:30,2026-01-19 07:01:34,NO
1768761361,2026-01-18 18:36:01,2026-01-18 15:36:01,Puyehue-Cordon Caulle,VIIRS,0.0,0.0,RUTINA,NULO,No descargada,2026-01-19 05:03:30,2026-01-19 07:01:34,NO
1768717800,2026-01-18 06:30:00,2026-01-18 03:30:00,Copahue,MODIS,0.0,0.0,RUTINA,NULO,No descargada,2026-01-18 20:39:33,2026-01-19 05:02:35,NO
1768717800,2026-01-18 06:30:00,2026-01-18 03:30:00,Puyehue-Cordon Caulle,MODIS,0.0,0.0,RUTINA,NULO,No descargada,2026-01-18 20:39:33,2026-01-19 05:02:35,NO
1768717800,2026-01-18 06:30:00,2026-01-18 03:30:00,Chaiten,MODIS,0.0,0.0,RUTINA,NULO,No descargada,2026-01-18 20:39:33,2026-01-19 05:02:35,NO
1768717800,2026-01-18 06:30:00,2026-01-18 03:30:00,Villarrica,MODIS,0.0,0.0,RUTINA,NULO,No descargada,2026-01-18 20:39:33,2026-01-19 05:02:35,NO
1768717081,2026-01-18 06:18:01,2026-01-18 03:18:01,Chaiten,VIIRS375,0.0,0.0,RUTINA,NULO,No descargada,2026-01-18 20:39:33,2026-01-18 21:16:33,NO
1768717081,2026-01-18 06:18:01,2026-01-18 03:18:01,Puyehue-Cordon Caulle,VIIRS375,0.25,7.73,ALERTA_TERMICA,Muy Bajo,imagenes_satelitales/Puyehue-Cordon Caulle/2026-01-18/06-18-01_Puyehue-Cordon Caulle_VIIRS375_Latest.png,2026-01-18 20:39:33,2026-01-18 21:16:33,NO
1768717081,2026-01-18 06:18:01,2026-01-18 03:18:01,Llaima,VIIRS375,0.0,0.0,RUTINA,NULO,No descargada,2026-01-18 20:39:33,2026-01-18 21:16:33,NO
1768717081,2026-01-18 06:18:01,2026-01-18 03:18:01,Villarrica,VIIRS375,0.0,0.0,RUTINA,NULO,No descargada,2026-01-18 20:39:33,2026-01-18 21:16:33,NO
1768716721,2026-01-18 06:12:01,2026-01-18 03:12:01,Isluga,VIIRS375,0.0,0.0,RUTINA,NULO,No descargada,2026-01-18 20:39:33,2026-01-18 21:16:33,NO
1768716721,2026-01-18 06:12:01,2026-01-18 03:12:01,Nevados de Chillan,VIIRS375,0.0,0.0,RUTINA,NULO,No descargada,2026-01-18 20:39:33,2026-01-18 21:16:33,NO
1768716721,2026-01-18 06:12:01,2026-01-18 03:12:01,Lascar,VIIRS375,0.4,23.03,FALSO_POSITIVO,NULO,No descargada,2026-01-18 20:39:33,2026-01-18 21:16:33,NO
1768716721,2026-01-18 06:12:01,2026-01-18 03:12:01,Lastarria,VIIRS375,0.07,1.55,ALERTA_TERMICA,Muy Bajo,imagenes_satelitales/Lastarria/2026-01-18/06-12-01_Lastarria_VIIRS375_Latest.png,2026-01-18 20:39:33,2026-01-18 21:16:33,NO
1768716721,2026-01-18 06:12:01,2026-01-18 03:12:01,PlanchonPeteroa,VIIRS375,0.0,0.0,RUTINA,NULO,No descargada,2026-01-18 20:39:33,2026-01-18 21:16:33,NO
1768715640,2026-01-18 05:54:00,2026-01-18 02:54:00,Copahue,VIIRS375,0.91,26.09,FALSO_POSITIVO,NULO,No descargada,2026-01-18 20:39:33,2026-01-18 21:16:33,NO
1768710961,2026-01-18 04:36:01,2026-01-18 01:36:01,Puyehue-Cordon Caulle,VIIRS,0.0,0.0,RUTINA,NULO,No descargada,2026-01-18 20:39:33,2026-01-19 05:02:35,NO
1768710961,2026-01-18 04:36:01,2026-01-18 01:36:01,Copahue,VIIRS,0.0,0.0,RUTINA,NULO,No descargada,2026-01-18 20:39:33,2026-01-19 05:02:35,NO
1768710961,2026-01-18 04:36:01,2026-01-18 01:36:01,Llaima,VIIRS,0.0,0.0,RUTINA,NULO,No descargada,2026-01-18 20:39:33,2026-01-19 05:02:35,NO
1768710961,2026-01-18 04:36:01,2026-01-18 01:36:01,Nevados de Chillan,VIIRS,0.0,0.0,RUTINA,NULO,No descargada,2026-01-18 20:39:33,2026-01-19 05:02:35,NO
1768710961,2026-01-18 04:36:01,2026-01-18 01:36:01,PlanchonPeteroa,VIIRS,0.0,0.0,RUTINA,NULO,No descargada,2026-01-18 20:39:33,2026-01-19 05:02:35,NO
1768710961,2026-01-18 04:36:01,2026-01-18 01:36:01,Villarrica,VIIRS,0.0,0.0,RUTINA,NULO,No descargada,2026-01-18 20:39:33,2026-01-19 05:02:35,NO
1768710961,2026-01-18 04:36:01,2026-01-18 01:36:01,Chaiten,VIIRS,0.0,0.0,RUTINA,NULO,No descargada,2026-01-18 20:39:33,2026-01-19 05:02:35,NO
1768701900,2026-01-18 02:05:00,2026-01-17 23:05:00,Isluga,MODIS,0.0,0.0,RUTINA,NULO,No descargada,2026-01-18 01:17:34,2026-01-19 05:02:35,NO
1768701600,2026-01-18 02:00:00,2026-01-17 23:00:00,Nevados de Chillan,MODIS,0.0,0.0,RUTINA,NULO,No descargada,2026-01-18 00:02:35,2026-01-19 05:02:35,NO
1768701600,2026-01-18 02:00:00,2026-01-17 23:00:00,Lascar,MODIS,0.0,0.0,RUTINA,NULO,No descargada,2026-01-18 00:02:35,2026-01-19 05:02:35,NO
1768701600,2026-01-18 02:00:00,2026-01-17 23:00:00,Villarrica,MODIS,0.0,0.0,RUTINA,NULO,No descargada,2026-01-18 00:02:35,2026-01-18 20:38:34,NO
1768701600,2026-01-18 02:00:00,2026-01-17 23:00:00,Copahue,MODIS,0.0,0.0,RUTINA,NULO,No descargada,2026-01-18 00:02:35,2026-01-18 20:38:34,NO
1768701600,2026-01-18 02:00:00,2026-01-17 23:00:00,PlanchonPeteroa,MODIS,0.0,0.0,RUTINA,NULO,No descargada,2026-01-18 00:02:35,2026-01-19 05:02:35,NO
1768701600,2026-01-18 02:00:00,2026-01-17 23:00:00,Lastarria,MODIS,0.0,0.0,RUTINA,NULO,No descargada,2026-01-18 00:02:35,2026-01-19 05:02:35,NO
1768701600,2026-01-18 02:00:00,2026-01-17 23:00:00,Llaima,MODIS,0.0,0.0,RUTINA,NULO,No descargada,2026-01-18 00:02:35,2026-01-19 05:02:35,NO
1768701300,2026-01-18 01:55:00,2026-01-17 22:55:00,Chaiten,MODIS,0.0,0.0,RUTINA,NULO,No descargada,2026-01-18 00:16:34,2026-01-18 20:38:34,NO
1768683900,2026-01-17 21:05:00,2026-01-17 18:05:00,Copahue,MODIS,0.0,0.0,RUTINA,NULO,No descargada,2026-01-17 19:32:34,2026-01-18 00:01:33,NO
1768683900,2026-01-17 21:05:00,2026-01-17 18:05:00,Puyehue-Cordon Caulle,MODIS,0.0,0.0,RUTINA,NULO,No descargada,2026-01-17 19:32:34,2026-01-18 20:38:34,NO
1768683900,2026-01-17 21:05:00,2026-01-17 18:05:00,Nevados de Chillan,MODIS,0.0,0.0,RUTINA,NULO,No descargada,2026-01-17 19:32:34,2026-01-18 00:01:33,NO
1768683900,2026-01-17 21:05:00,2026-01-17 18:05:00,Llaima,MODIS,0.0,0.0,RUTINA,NULO,No descargada,2026-01-17 19:32:34,2026-01-18 00:01:33,NO
1768683900,2026-01-17 21:05:00,2026-01-17 18:05:00,Villarrica,MODIS,0.0,0.0,RUTINA,NULO,No descargada,2026-01-17 19:32:34,2026-01-18 00:01:33,NO
1768680720,2026-01-17 20:12:00,2026-01-17 17:12:00,Chaiten,VIIRS,0.0,0.0,RUTINA,NULO,No descargada,2026-01-17 20:17:29,2026-01-18 20:38:34,NO
1768680720,2026-01-17 20:12:00,2026-01-17 17:12:00,Chaiten,VIIRS375,0.0,0.0,RUTINA,NULO,No descargada,2026-01-17 19:47:33,2026-01-18 20:38:34,NO
1768678200,2026-01-17 19:30:00,2026-01-17 16:30:00,Lastarria,MODIS,0.0,0.0,RUTINA,NULO,No descargada,2026-01-17 18:33:31,2026-01-18 00:01:33,NO
1768678200,2026-01-17 19:30:00,2026-01-17 16:30:00,Isluga,MODIS,0.0,0.0,RUTINA,NULO,No descargada,2026-01-17 18:33:31,2026-01-18 01:16:34,NO
1768678200,2026-01-17 19:30:00,2026-01-17 16:30:00,Lascar,MODIS,0.0,0.0,RUTINA,NULO,No descargada,2026-01-17 18:33:31,2026-01-18 00:01:33,NO
1768677900,2026-01-17 19:25:00,2026-01-17 16:25:00,Llaima,MODIS,0.0,0.0,RUTINA,NULO,No descargada,2026-01-17 18:33:31,2026-01-17 19:31:36,NO
1768677900,2026-01-17 19:25:00,2026-01-17 16:25:00,PlanchonPeteroa,MODIS,0.0,0.0,RUTINA,NULO,No descargada,2026-01-17 18:33:31,2026-01-17 19:31:36,NO
1768677900,2026-01-17 19:25:00,2026-01-17 16:25:00,Copahue,MODIS,0.0,0.0,RUTINA,NULO,No descargada,2026-01-17 18:33:31,2026-01-17 19:31:36,NO
1768677900,2026-01-17 19:25:00,2026-01-17 16:25:00,Nevados de Chillan,MODIS,0.0,0.0,RUTINA,NULO,No descargada,2026-01-17 18:33:31,2026-01-17 19:31:36,NO
1768676401,2026-01-17 19:00:01,2026-01-17 16:00:01,Lascar,VIIRS,0.0,0.0,RUTINA,NULO,No descargada,2026-01-17 19:32:34,2026-01-19 05:02:35,NO
1768676401,2026-01-17 19:00:01,2026-01-17 16:00:01,Isluga,VIIRS,0.0,0.0,RUTINA,NULO,No descargada,2026-01-17 19:32:34,2026-01-19 05:02:35,NO
1768676401,2026-01-17 19:00:01,2026-01-17 16:00:01,Lascar,VIIRS375,0.0,0.0,RUTINA,NULO,No descargada,2026-01-17 19:03:33,2026-01-18 20:38:34,NO
1768676401,2026-01-17 19:00:01,2026-01-17 16:00:01,Isluga,VIIRS375,0.0,0.0,RUTINA,NULO,No descargada,2026-01-17 19:03:33,2026-01-18 20:38:34,NO
1768676041,2026-01-17 18:54:01,2026-01-17 15:54:01,Nevados de Chillan,VIIRS375,0.0,0.0,RUTINA,NULO,No descargada,2026-01-17 19:03:33,2026-01-18 20:38:34,NO
1768676041,2026-01-17 18:54:01,2026-01-17 15:54:01,Puyehue-Cordon Caulle,VIIRS375,0.0,0.0,RUTINA,NULO,No descargada,2026-01-17 19:03:33,2026-01-18 20:38:34,NO
1768676041,2026-01-17 18:54:01,2026-01-17 15:54:01,Villarrica,VIIRS,0.0,0.0,RUTINA,NULO,No descargada,2026-01-17 19:32:34,2026-01-18 20:38:34,NO
1768676041,2026-01-17 18:54:01,2026-01-17 15:54:01,Nevados de Chillan,VIIRS,0.0,0.0,RUTINA,NULO,No descargada,2026-01-17 19:17:32,2026-01-18 20:38:34,NO
1768676041,2026-01-17 18:54:01,2026-01-17 15:54:01,Chaiten,VIIRS,0.0,0.0,RUTINA,NULO,No descargada,2026-01-17 19:32:34,2026-01-17 20:16:31,NO
1768676041,2026-01-17 18:54:01,2026-01-17 15:54:01,Lastarria,VIIRS,0.0,0.0,RUTINA,NULO,No descargada,2026-01-17 19:17:32,2026-01-19 05:02:35,NO
1768676041,2026-01-17 18:54:01,2026-01-17 15:54:01,Lastarria,VIIRS375,0.0,0.0,RUTINA,NULO,No descargada,2026-01-17 19:03:33,2026-01-18 20:38:34,NO
1768676041,2026-01-17 18:54:01,2026-01-17 15:54:01,Copahue,VIIRS,0.0,0.0,RUTINA,NULO,No descargada,2026-01-17 19:17:32,2026-01-18 20:38:34,NO
1768676041,2026-01-17 18:54:01,2026-01-17 15:54:01,Llaima,VIIRS,0.0,0.0,RUTINA,NULO,No descargada,2026-01-17 19:32:34,2026-01-18 20:38:34,NO
1768676041,2026-01-17 18:54:01,2026-01-17 15:54:01,Villarrica,VIIRS375,0.0,0.0,RUTINA,NULO,No descargada,2026-01-17 19:03:33,2026-01-18 20:38:34,NO
1768676041,2026-01-17 18:54:01,2026-01-17 15:54:01,Puyehue-Cordon Caulle,VIIRS,0.0,0.0,RUTINA,NULO,No descargada,2026-01-17 19:32:34,2026-01-18 20:38:34,NO
1768676041,2026-01-17 18:54:01,2026-01-17 15:54:01,Copahue,VIIRS375,0.0,0.0,RUTINA,NULO,No descargada,2026-01-17 19:03:33,2026-01-18 20:38:34,NO
1768676041,2026-01-17 18:54:01,2026-01-17 15:54:01,PlanchonPeteroa,VIIRS,0.0,0.0,RUTINA,NULO,No descargada,2026-01-17 19:17:32,2026-01-18 20:38:34,NO
1768676041,2026-01-17 18:54:01,2026-01-17 15:54:01,Llaima,VIIRS375,0.0,0.0,RUTINA,NULO,No descargada,2026-01-17 19:03:33,2026-01-18 20:38:34,NO
1768676041,2026-01-17 18:54:01,2026-01-17 15:54:01,PlanchonPeteroa,VIIRS375,0.0,0.0,RUTINA,NULO,No descargada,2026-01-17 19:03:33,2026-01-18 20:38:34,NO
1768676041,2026-01-17 18:54:01,2026-01-17 15:54:01,Chaiten,VIIRS375,0.0,0.0,RUTINA,NULO,No descargada,2026-01-17 19:03:33,2026-01-17 19:46:28,NO
1768674960,2026-01-17 18:36:00,2026-01-17 15:36:00,Lastarria,VIIRS375,0.37,22.5,FALSO_POSITIVO,NULO,No descargada,2026-01-17 18:33:31,2026-01-17 19:02:33,NO
1768674960,2026-01-17 18:36:00,2026-01-17 15:36:00,PlanchonPeteroa,VIIRS,0.0,0.0,RUTINA,NULO,No descargada,2026-01-17 18:33:31,2026-01-17 19:16:31,NO
1768674960,2026-01-17 18:36:00,2026-01-17 15:36:00,Lascar,VIIRS375,0.0,0.0,RUTINA,NULO,No descargada,2026-01-17 18:33:31,2026-01-17 19:02:33,NO
1768674960,2026-01-17 18:36:00,2026-01-17 15:36:00,PlanchonPeteroa,VIIRS375,0.0,0.0,RUTINA,NULO,No descargada,2026-01-17 18:33:31,2026-01-17 19:02:33,NO
1768674960,2026-01-17 18:36:00,2026-01-17 15:36:00,Lascar,VIIRS,0.0,0.0,RUTINA,NULO,No descargada,2026-01-17 18:33:31,2026-01-17 19:31:36,NO
1768674960,2026-01-17 18:36:00,2026-01-17 15:36:00,Isluga,VIIRS,0.0,0.0,RUTINA,NULO,No descargada,2026-01-17 18:33:31,2026-01-17 19:31:36,NO
1768674960,2026-01-17 18:36:00,2026-01-17 15:36:00,Isluga,VIIRS375,0.0,0.0,RUTINA,NULO,No descargada,2026-01-17 18:33:31,2026-01-17 19:02:33,NO
1768674960,2026-01-17 18:36:00,2026-01-17 15:36:00,Lastarria,VIIRS,0.0,0.0,RUTINA,NULO,No descargada,2026-01-17 18:33:31,2026-01-17 19:16:31,NO
1768674600,2026-01-17 18:30:00,2026-01-17 15:30:00,Chaiten,VIIRS,0.0,0.0,RUTINA,NULO,No descargada,2026-01-17 18:33:31,2026-01-17 19:31:36,NO
1768674600,2026-01-17 18:30:00,2026-01-17 15:30:00,Puyehue-Cordon Caulle,VIIRS,0.0,0.0,RUTINA,NULO,No descargada,2026-01-17 18:33:31,2026-01-17 19:31:36,NO
1768674600,2026-01-17 18:30:00,2026-01-17 15:30:00,Villarrica,VIIRS375,0.0,0.0,RUTINA,NULO,No descargada,2026-01-17 18:33:31,2026-01-17 19:02:33,NO
1768674600,2026-01-17 18:30:00,2026-01-17 15:30:00,Llaima,VIIRS375,0.0,0.0,RUTINA,NULO,No descargada,2026-01-17 18:33:31,2026-01-17 19:02:33,NO
1768674600,2026-01-17 18:30:00,2026-01-17 15:30:00,Copahue,VIIRS,0.0,0.0,RUTINA,NULO,No descargada,2026-01-17 18:33:31,2026-01-17 19:16:31,NO
1768674600,2026-01-17 18:30:00,2026-01-17 15:30:00,Chaiten,VIIRS375,0.0,0.0,RUTINA,NULO,No descargada,2026-01-17 18:33:31,2026-01-17 19:02:33,NO
1768674600,2026-01-17 18:30:00,2026-01-17 15:30:00,Copahue,VIIRS375,0.0,0.0,RUTINA,NULO,No descargada,2026-01-17 18:33:31,2026-01-17 19:02:33,NO
1768674600,2026-01-17 18:30:00,2026-01-17 15:30:00,Villarrica,VIIRS,0.0,0.0,RUTINA,NULO,No descargada,2026-01-17 18:33:31,2026-01-17 19:31:36,NO
1768674600,2026-01-17 18:30:00,2026-01-17 15:30:00,Puyehue-Cordon Caulle,VIIRS375,0.0,0.0,RUTINA,NULO,No descargada,2026-01-17 18:33:31,2026-01-17 19:02:33,NO
1768674600,2026-01-17 18:30:00,2026-01-17 15:30:00,Llaima,VIIRS,0.0,0.0,RUTINA,NULO,No descargada,2026-01-17 18:33:31,2026-01-17 19:31:36,NO
1768670281,2026-01-17 17:18:01,2026-01-17 14:18:01,Isluga,VIIRS,0.0,0.0,RUTINA,NULO,No descargada,2026-01-17 17:01:33,2026-01-17 18:32:33,NO
1768670281,2026-01-17 17:18:01,2026-01-17 14:18:01,Isluga,VIIRS375,0.0,0.0,RUTINA,NULO,No descargada,2026-01-17 16:47:33,2026-01-17 18:32:33,NO
1768670281,2026-01-17 17:18:01,2026-01-17 14:18:01,Lastarria,VIIRS,0.0,0.0,RUTINA,NULO,No descargada,2026-01-17 17:17:31,2026-01-17 18:32:33,NO
1768670281,2026-01-17 17:18:01,2026-01-17 14:18:01,Lascar,VIIRS,0.0,0.0,RUTINA,NULO,No descargada,2026-01-17 17:01:33,2026-01-17 18:32:33,NO
1768670281,2026-01-17 17:18:01,2026-01-17 14:18:01,Lascar,VIIRS375,0.0,0.0,RUTINA,NULO,No descargada,2026-01-17 16:47:33,2026-01-17 18:32:33,NO
1768670281,2026-01-17 17:18:01,2026-01-17 14:18:01,Lastarria,VIIRS375,0.0,0.0,RUTINA,NULO,No descargada,2026-01-17 16:47:33,2026-01-17 18:32:33,NO
1768658400,2026-01-17 14:00:00,2026-01-17 11:00:00,Chaiten,MODIS,0.0,0.0,RUTINA,NULO,No descargada,2026-01-17 12:31:34,2026-01-17 19:31:36,NO
1768658400,2026-01-17 14:00:00,2026-01-17 11:00:00,Llaima,MODIS,0.0,0.0,RUTINA,NULO,No descargada,2026-01-17 12:31:34,2026-01-17 18:32:33,NO
1768658400,2026-01-17 14:00:00,2026-01-17 11:00:00,Puyehue-Cordon Caulle,MODIS,0.0,0.0,RUTINA,NULO,No descargada,2026-01-17 12:31:34,2026-01-17 19:31:36,NO
1768658400,2026-01-17 14:00:00,2026-01-17 11:00:00,PlanchonPeteroa,MODIS,0.0,0.0,RUTINA,NULO,No descargada,2026-01-17 12:31:34,2026-01-17 18:32:33,NO
1768658400,2026-01-17 14:00:00,2026-01-17 11:00:00,Villarrica,MODIS,0.0,0.0,RUTINA,NULO,No descargada,2026-01-17 12:31:34,2026-01-17 19:31:36,NO
1768658400,2026-01-17 14:00:00,2026-01-17 11:00:00,Copahue,MODIS,0.0,0.0,RUTINA,NULO,No descargada,2026-01-17 12:31:34,2026-01-17 18:32:33,NO
1768658400,2026-01-17 14:00:00,2026-01-17 11:00:00,Nevados de Chillan,MODIS,0.0,0.0,RUTINA,NULO,No descargada,2026-01-17 12:31:34,2026-01-17 18:32:33,NO
1768658100,2026-01-17 13:55:00,2026-01-17 10:55:00,Isluga,MODIS,0.0,0.0,RUTINA,NULO,No descargada,2026-01-17 12:31:34,2026-01-17 18:32:33,NO
1768658100,2026-01-17 13:55:00,2026-01-17 10:55:00,Lastarria,MODIS,0.0,0.0,RUTINA,NULO,No descargada,2026-01-17 12:31:34,2026-01-17 18:32:33,NO
1768658100,2026-01-17 13:55:00,2026-01-17 10:55:00,Lascar,MODIS,0.0,0.0,RUTINA,NULO,No descargada,2026-01-17 12:31:34,2026-01-17 18:32:33,NO
1768652700,2026-01-17 12:25:00,2026-01-17 09:25:00,Chaiten,MODIS,0.0,0.0,RUTINA,NULO,No descargada,2026-01-17 10:32:31,2026-01-17 12:30:37,NO
1768635000,2026-01-17 07:30:00,2026-01-17 04:30:00,Puyehue-Cordon Caulle,MODIS,0.0,0.0,RUTINA,NULO,No descargada,2026-01-17 06:48:31,2026-01-17 12:30:37,NO
1768635000,2026-01-17 07:30:00,2026-01-17 04:30:00,Chaiten,MODIS,0.0,0.0,RUTINA,NULO,No descargada,2026-01-17 06:48:31,2026-01-17 10:31:34,NO
1768635000,2026-01-17 07:30:00,2026-01-17 04:30:00,Villarrica,MODIS,0.0,0.0,RUTINA,NULO,No descargada,2026-01-17 06:48:31,2026-01-17 12:30:37,NO
1768635000,2026-01-17 07:30:00,2026-01-17 04:30:00,Llaima,MODIS,0.0,0.0,RUTINA,NULO,No descargada,2026-01-17 06:48:31,2026-01-17 12:30:37,NO
1768635000,2026-01-17 07:30:00,2026-01-17 04:30:00,Copahue,MODIS,0.0,0.0,RUTINA,NULO,No descargada,2026-01-17 06:48:31,2026-01-17 12:30:37,NO
1768635000,2026-01-17 07:30:00,2026-01-17 04:30:00,Nevados de Chillan,MODIS,0.0,0.0,RUTINA,NULO,No descargada,2026-01-17 06:48:31,2026-01-17 12:30:37,NO
1768634700,2026-01-17 07:25:00,2026-01-17 04:25:00,Lascar,MODIS,0.0,0.0,RUTINA,NULO,No descargada,2026-01-17 06:48:31,2026-01-17 12:30:37,NO
1768634700,2026-01-17 07:25:00,2026-01-17 04:25:00,PlanchonPeteroa,MODIS,0.0,0.0,RUTINA,NULO,No descargada,2026-01-17 06:48:31,2026-01-17 12:30:37,NO
1768631761,2026-01-17 06:36:01,2026-01-17 03:36:01,Villarrica,VIIRS,0.0,0.0,RUTINA,NULO,No descargada,2026-01-17 07:17:33,2026-01-17 18:32:33,NO
1768631761,2026-01-17 06:36:01,2026-01-17 03:36:01,PlanchonPeteroa,VIIRS,0.0,0.0,RUTINA,NULO,No descargada,2026-01-17 07:17:33,2026-01-17 18:32:33,NO
1768631761,2026-01-17 06:36:01,2026-01-17 03:36:01,Copahue,VIIRS375,0.0,0.0,RUTINA,NULO,No descargada,2026-01-17 10:02:32,2026-01-17 18:32:33,NO
1768631761,2026-01-17 06:36:01,2026-01-17 03:36:01,Llaima,VIIRS375,0.0,0.0,RUTINA,NULO,No descargada,2026-01-17 10:02:32,2026-01-17 18:32:33,NO
1768631761,2026-01-17 06:36:01,2026-01-17 03:36:01,PlanchonPeteroa,VIIRS375,0.0,0.0,RUTINA,NULO,No descargada,2026-01-17 10:02:32,2026-01-17 18:32:33,NO
1768631761,2026-01-17 06:36:01,2026-01-17 03:36:01,Puyehue-Cordon Caulle,VIIRS,0.0,0.0,RUTINA,NULO,No descargada,2026-01-17 07:17:33,2026-01-17 18:32:33,NO
1768631761,2026-01-17 06:36:01,2026-01-17 03:36:01,Nevados de Chillan,VIIRS375,0.35,17.02,FALSO_POSITIVO,NULO,No descargada,2026-01-17 10:02:32,2026-01-17 19:02:33,NO
1768631761,2026-01-17 06:36:01,2026-01-17 03:36:01,Chaiten,VIIRS375,0.0,0.0,RUTINA,NULO,No descargada,2026-01-17 10:02:32,2026-01-17 18:32:33,NO
1768631761,2026-01-17 06:36:01,2026-01-17 03:36:01,Copahue,VIIRS,0.0,0.0,RUTINA,NULO,No descargada,2026-01-17 07:17:33,2026-01-17 18:32:33,NO
1768631761,2026-01-17 06:36:01,2026-01-17 03:36:01,Llaima,VIIRS,0.0,0.0,RUTINA,NULO,No descargada,2026-01-17 07:17:33,2026-01-17 18:32:33,NO
1768631761,2026-01-17 06:36:01,2026-01-17 03:36:01,Villarrica,VIIRS375,0.0,0.0,RUTINA,NULO,No descargada,2026-01-17 10:02:32,2026-01-17 18:32:33,NO
1768631761,2026-01-17 06:36:01,2026-01-17 03:36:01,Chaiten,VIIRS,0.0,0.0,RUTINA,NULO,No descargada,2026-01-17 07:17:33,2026-01-17 18:32:33,NO
1768631761,2026-01-17 06:36:01,2026-01-17 03:36:01,Puyehue-Cordon Caulle,VIIRS375,0.0,0.0,RUTINA,NULO,No descargada,2026-01-17 10:02:32,2026-01-17 18:32:33,NO
1768631761,2026-01-17 06:36:01,2026-01-17 03:36:01,Nevados de Chillan,VIIRS,0.0,0.0,RUTINA,NULO,No descargada,2026-01-17 07:17:33,2026-01-17 19:16:31,NO
1768631401,2026-01-17 06:30:01,2026-01-17 03:30:01,Lastarria,VIIRS375,0.0,0.0,RUTINA,NULO,No descargada,2026-01-17 10:02:32,2026-01-17 16:46:34,NO
1768631401,2026-01-17 06:30:01,2026-01-17 03:30:01,Isluga,VIIRS,0.0,0.0,RUTINA,NULO,No descargada,2026-01-17 07:02:33,2026-01-17 17:00:39,NO
1768631401,2026-01-17 06:30:01,2026-01-17 03:30:01,Lascar,VIIRS375,0.0,0.0,RUTINA,NULO,No descargada,2026-01-17 10:02:32,2026-01-17 16:46:34,NO
1768631401,2026-01-17 06:30:01,2026-01-17 03:30:01,Isluga,VIIRS375,0.0,0.0,RUTINA,NULO,No descargada,2026-01-17 10:02:32,2026-01-17 16:46:34,NO
1768631401,2026-01-17 06:30:01,2026-01-17 03:30:01,Lastarria,VIIRS,0.0,0.0,RUTINA,NULO,No descargada,2026-01-17 07:17:33,2026-01-17 17:16:34,NO
1768631401,2026-01-17 06:30:01,2026-01-17 03:30:01,Lascar,VIIRS,0.0,0.0,RUTINA,NULO,No descargada,2026-01-17 07:17:33,2026-01-17 17:00:39,NO
1768625641,2026-01-17 04:54:01,2026-01-17 01:54:01,Llaima,VIIRS375,0.0,0.0,RUTINA,NULO,No descargada,2026-01-17 07:17:33,2026-01-17 10:01:32,NO
1768625641,2026-01-17 04:54:01,2026-01-17 01:54:01,Nevados de Chillan,VIIRS,0.0,0.0,RUTINA,NULO,No descargada,2026-01-17 06:17:33,2026-01-17 07:16:36,NO
1768625641,2026-01-17 04:54:01,2026-01-17 01:54:01,Chaiten,VIIRS375,0.0,0.0,RUTINA,NULO,No descargada,2026-01-17 07:17:33,2026-01-17 10:01:32,NO
1768625641,2026-01-17 04:54:01,2026-01-17 01:54:01,Copahue,VIIRS375,0.0,0.0,RUTINA,NULO,No descargada,2026-01-17 07:17:33,2026-01-17 10:01:32,NO
1768625641,2026-01-17 04:54:01,2026-01-17 01:54:01,PlanchonPeteroa,VIIRS,0.0,0.0,RUTINA,NULO,No descargada,2026-01-17 06:17:33,2026-01-17 07:16:36,NO
1768625641,2026-01-17 04:54:01,2026-01-17 01:54:01,Puyehue-Cordon Caulle,VIIRS375,0.0,0.0,RUTINA,NULO,No descargada,2026-01-17 07:17:33,2026-01-17 10:01:32,NO
1768625641,2026-01-17 04:54:01,2026-01-17 01:54:01,Chaiten,VIIRS,0.0,0.0,RUTINA,NULO,No descargada,2026-01-17 06:17:33,2026-01-17 07:16:36,NO
1768625641,2026-01-17 04:54:01,2026-01-17 01:54:01,Llaima,VIIRS,0.0,0.0,RUTINA,NULO,No descargada,2026-01-17 06:17:33,2026-01-17 07:16:36,NO
1768625641,2026-01-17 04:54:01,2026-01-17 01:54:01,Villarrica,VIIRS,0.0,0.0,RUTINA,NULO,No descargada,2026-01-17 06:17:33,2026-01-17 07:16:36,NO
1768625641,2026-01-17 04:54:01,2026-01-17 01:54:01,Copahue,VIIRS,0.0,0.0,RUTINA,NULO,No descargada,2026-01-17 06:17:33,2026-01-17 07:16:36,NO
1768625641,2026-01-17 04:54:01,2026-01-17 01:54:01,Nevados de Chillan,VIIRS375,0.0,0.0,RUTINA,NULO,No descargada,2026-01-17 07:17:33,2026-01-17 10:01:32,NO
1768625641,2026-01-17 04:54:01,2026-01-17 01:54:01,PlanchonPeteroa,VIIRS375,0.0,0.0,RUTINA,NULO,No descargada,2026-01-17 07:17:33,2026-01-17 10:01:32,NO
1768625641,2026-01-17 04:54:01,2026-01-17 01:54:01,Puyehue-Cordon Caulle,VIIRS,0.0,0.0,RUTINA,NULO,No descargada,2026-01-17 06:17:33,2026-01-17 07:16:36,NO
1768625641,2026-01-17 04:54:01,2026-01-17 01:54:01,Villarrica,VIIRS375,0.0,0.0,RUTINA,NULO,No descargada,2026-01-17 07:17:33,2026-01-17 10:01:32,NO
1768625281,2026-01-17 04:48:01,2026-01-17 01:48:01,Isluga,VIIRS,0.0,0.0,RUTINA,NULO,No descargada,2026-01-17 06:17:33,2026-01-17 07:01:32,NO
1768625281,2026-01-17 04:48:01,2026-01-17 01:48:01,Lastarria,VIIRS,0.0,0.0,RUTINA,NULO,No descargada,2026-01-17 06:17:33,2026-01-17 07:16:36,NO
1768625281,2026-01-17 04:48:01,2026-01-17 01:48:01,Lascar,VIIRS375,0.0,0.0,RUTINA,NULO,No descargada,2026-01-17 07:17:33,2026-01-17 10:01:32,NO
1768625281,2026-01-17 04:48:01,2026-01-17 01:48:01,Isluga,VIIRS375,0.37,25.48,FALSO_POSITIVO,NULO,No descargada,2026-01-17 07:02:33,2026-01-17 10:01:32,NO
1768625281,2026-01-17 04:48:01,2026-01-17 01:48:01,Lascar,VIIRS,0.0,0.0,RUTINA,NULO,No descargada,2026-01-17 06:17:33,2026-01-17 07:16:36,NO
1768624200,2026-01-17 04:30:00,2026-01-17 01:30:00,PlanchonPeteroa,VIIRS,0.0,0.0,RUTINA,NULO,No descargada,2026-01-17 06:02:33,2026-01-17 06:16:32,NO
1768624200,2026-01-17 04:30:00,2026-01-17 01:30:00,Copahue,VIIRS,0.0,0.0,RUTINA,NULO,No descargada,2026-01-17 06:02:33,2026-01-17 06:16:32,NO
1768624200,2026-01-17 04:30:00,2026-01-17 01:30:00,Nevados de Chillan,VIIRS,0.0,0.0,RUTINA,NULO,No descargada,2026-01-17 06:02:33,2026-01-17 06:16:32,NO
1768618800,2026-01-17 03:00:00,2026-01-17 00:00:00,PlanchonPeteroa,MODIS,0.0,0.0,RUTINA,NULO,No descargada,2026-01-17 02:02:36,2026-01-17 06:47:35,NO
1768618500,2026-01-17 02:55:00,2026-01-16 23:55:00,Villarrica,MODIS,0.0,0.0,RUTINA,NULO,No descargada,2026-01-17 02:02:36,2026-01-17 06:47:35,NO
1768618500,2026-01-17 02:55:00,2026-01-16 23:55:00,Chaiten,MODIS,0.0,0.0,RUTINA,NULO,No descargada,2026-01-17 02:02:36,2026-01-17 06:47:35,NO
1768618500,2026-01-17 02:55:00,2026-01-16 23:55:00,Llaima,MODIS,0.0,0.0,RUTINA,NULO,No descargada,2026-01-17 02:02:36,2026-01-17 06:47:35,NO
1768618500,2026-01-17 02:55:00,2026-01-16 23:55:00,Copahue,MODIS,0.0,0.0,RUTINA,NULO,No descargada,2026-01-17 02:02:36,2026-01-17 06:47:35,NO
1768618500,2026-01-17 02:55:00,2026-01-16 23:55:00,Nevados de Chillan,MODIS,0.0,0.0,RUTINA,NULO,No descargada,2026-01-17 02:02:36,2026-01-17 06:47:35,NO
1768618500,2026-01-17 02:55:00,2026-01-16 23:55:00,Puyehue-Cordon Caulle,MODIS,0.0,0.0,RUTINA,NULO,No descargada,2026-01-17 02:02:36,2026-01-17 06:47:35,NO
1768613100,2026-01-17 01:25:00,2026-01-16 22:25:00,Lascar,MODIS,0.0,0.0,RUTINA,NULO,No descargada,2026-01-17 01:02:34,2026-01-17 06:47:35,NO
1768613100,2026-01-17 01:25:00,2026-01-16 22:25:00,Isluga,MODIS,0.0,0.0,RUTINA,NULO,No descargada,2026-01-17 01:02:34,2026-01-17 06:47:35,NO
1768613100,2026-01-17 01:25:00,2026-01-16 22:25:00,Lastarria,MODIS,0.0,0.0,RUTINA,NULO,No descargada,2026-01-17 01:02:34,2026-01-17 06:47:35,NO
1768612800,2026-01-17 01:20:00,2026-01-16 22:20:00,Lastarria,MODIS,0.0,0.0,RUTINA,NULO,No descargada,2026-01-16 23:47:33,2026-01-17 01:01:35,NO
1768612800,2026-01-17 01:20:00,2026-01-16 22:20:00,Nevados de Chillan,MODIS,0.0,0.0,RUTINA,NULO,No descargada,2026-01-16 23:47:33,2026-01-17 02:01:31,NO
1768612800,2026-01-17 01:20:00,2026-01-16 22:20:00,PlanchonPeteroa,MODIS,0.0,0.0,RUTINA,NULO,No descargada,2026-01-16 23:47:33,2026-01-17 02:01:31,NO
1768612800,2026-01-17 01:20:00,2026-01-16 22:20:00,Copahue,MODIS,0.0,0.0,RUTINA,NULO,No descargada,2026-01-16 23:47:33,2026-01-17 02:01:31,NO
1768595400,2026-01-16 20:30:00,2026-01-16 17:30:00,Lascar,MODIS,0.0,0.0,RUTINA,NULO,No descargada,2026-01-16 20:17:37,2026-01-17 01:01:35,NO
1768595400,2026-01-16 20:30:00,2026-01-16 17:30:00,Lastarria,MODIS,0.0,0.0,RUTINA,NULO,No descargada,2026-01-16 20:17:37,2026-01-16 23:46:35,NO
1768595400,2026-01-16 20:30:00,2026-01-16 17:30:00,Isluga,MODIS,0.0,0.0,RUTINA,NULO,No descargada,2026-01-16 20:17:37,2026-01-17 01:01:35,NO
1768595100,2026-01-16 20:25:00,2026-01-16 17:25:00,Llaima,MODIS,0.0,0.0,RUTINA,NULO,No descargada,2026-01-16 18:47:33,2026-01-17 02:01:31,NO
1768595100,2026-01-16 20:25:00,2026-01-16 17:25:00,Puyehue-Cordon Caulle,MODIS,0.0,0.0,RUTINA,NULO,No descargada,2026-01-16 18:47:33,2026-01-17 02:01:31,NO
1768595100,2026-01-16 20:25:00,2026-01-16 17:25:00,Villarrica,MODIS,0.0,0.0,RUTINA,NULO,No descargada,2026-01-16 18:47:33,2026-01-17 02:01:31,NO
1768595100,2026-01-16 20:25:00,2026-01-16 17:25:00,Nevados de Chillan,MODIS,0.0,0.0,RUTINA,NULO,No descargada,2026-01-16 18:47:33,2026-01-16 23:46:35,NO
1768595100,2026-01-16 20:25:00,2026-01-16 17:25:00,Chaiten,MODIS,0.0,0.0,RUTINA,NULO,No descargada,2026-01-16 18:47:33,2026-01-17 02:01:31,NO
1768595100,2026-01-16 20:25:00,2026-01-16 17:25:00,Copahue,MODIS,0.0,0.0,RUTINA,NULO,No descargada,2026-01-16 18:47:33,2026-01-16 23:46:35,NO
1768595100,2026-01-16 20:25:00,2026-01-16 17:25:00,PlanchonPeteroa,MODIS,0.0,0.0,RUTINA,NULO,No descargada,2026-01-16 18:47:33,2026-01-16 23:46:35,NO
1768591081,2026-01-16 19:18:01,2026-01-16 16:18:01,Lastarria,VIIRS375,0.0,0.0,RUTINA,NULO,No descargada,2026-01-16 23:32:32,2026-01-17 07:16:36,NO
1768591081,2026-01-16 19:18:01,2026-01-16 16:18:01,Lastarria,VIIRS,0.0,0.0,RUTINA,NULO,No descargada,2026-01-16 19:02:37,2026-01-17 06:16:32,NO
1768590721,2026-01-16 19:12:01,2026-01-16 16:12:01,Llaima,VIIRS375,0.0,0.0,RUTINA,NULO,No descargada,2026-01-16 23:32:32,2026-01-17 07:16:36,NO
1768590721,2026-01-16 19:12:01,2026-01-16 16:12:01,Chaiten,VIIRS375,0.0,0.0,RUTINA,NULO,No descargada,2026-01-16 23:32:32,2026-01-17 07:16:36,NO
1768590721,2026-01-16 19:12:01,2026-01-16 16:12:01,Copahue,VIIRS375,0.0,0.0,RUTINA,NULO,No descargada,2026-01-16 23:32:32,2026-01-17 07:16:36,NO
1768590721,2026-01-16 19:12:01,2026-01-16 16:12:01,Chaiten,VIIRS,0.0,0.0,RUTINA,NULO,No descargada,2026-01-16 19:02:37,2026-01-17 06:16:32,NO
1768590721,2026-01-16 19:12:01,2026-01-16 16:12:01,Llaima,VIIRS,0.0,0.0,RUTINA,NULO,No descargada,2026-01-16 18:47:33,2026-01-17 06:16:32,NO
1768590721,2026-01-16 19:12:01,2026-01-16 16:12:01,Puyehue-Cordon Caulle,VIIRS375,0.0,0.0,RUTINA,NULO,No descargada,2026-01-16 23:32:32,2026-01-17 07:16:36,NO
1768590721,2026-01-16 19:12:01,2026-01-16 16:12:01,Nevados de Chillan,VIIRS375,0.0,0.0,RUTINA,NULO,No descargada,2026-01-16 23:32:32,2026-01-17 07:16:36,NO
1768590721,2026-01-16 19:12:01,2026-01-16 16:12:01,Villarrica,VIIRS,0.0,0.0,RUTINA,NULO,No descargada,2026-01-16 19:02:37,2026-01-17 06:16:32,NO
1768590721,2026-01-16 19:12:01,2026-01-16 16:12:01,Puyehue-Cordon Caulle,VIIRS,0.0,0.0,RUTINA,NULO,No descargada,2026-01-16 19:02:37,2026-01-17 06:16:32,NO
1768590721,2026-01-16 19:12:01,2026-01-16 16:12:01,Nevados de Chillan,VIIRS,0.0,0.0,RUTINA,NULO,No descargada,2026-01-16 18:47:33,2026-01-17 06:01:32,NO
1768590721,2026-01-16 19:12:01,2026-01-16 16:12:01,PlanchonPeteroa,VIIRS,0.0,0.0,RUTINA,NULO,No descargada,2026-01-16 18:47:33,2026-01-17 06:01:32,NO
1768590721,2026-01-16 19:12:01,2026-01-16 16:12:01,PlanchonPeteroa,VIIRS375,0.0,0.0,RUTINA,NULO,No descargada,2026-01-16 23:32:32,2026-01-17 07:16:36,NO
1768590721,2026-01-16 19:12:01,2026-01-16 16:12:01,Copahue,VIIRS,0.0,0.0,RUTINA,NULO,No descargada,2026-01-16 18:47:33,2026-01-17 06:01:32,NO
1768590721,2026-01-16 19:12:01,2026-01-16 16:12:01,Villarrica,VIIRS375,0.0,0.0,RUTINA,NULO,No descargada,2026-01-16 23:32:32,2026-01-17 07:16:36,NO
1768589640,2026-01-16 18:54:00,2026-01-16 15:54:00,Lascar,VIIRS,0.0,0.0,RUTINA,NULO,No descargada,2026-01-16 20:02:34,2026-01-17 06:16:32,NO
1768589640,2026-01-16 18:54:00,2026-01-16 15:54:00,Isluga,VIIRS,0.0,0.0,RUTINA,NULO,No descargada,2026-01-16 20:02:34,2026-01-17 06:16:32,NO
1768589640,2026-01-16 18:54:00,2026-01-16 15:54:00,Lascar,VIIRS375,0.0,0.0,RUTINA,NULO,No descargada,2026-01-17 04:02:34,2026-01-17 07:16:36,NO
1768589640,2026-01-16 18:54:00,2026-01-16 15:54:00,Isluga,VIIRS375,0.0,0.0,RUTINA,NULO,No descargada,2026-01-17 04:02:34,2026-01-17 07:01:32,NO
1768584961,2026-01-16 17:36:01,2026-01-16 14:36:01,Isluga,VIIRS,0.0,0.0,RUTINA,NULO,No descargada,2026-01-16 17:32:36,2026-01-16 20:01:31,NO
1768584961,2026-01-16 17:36:01,2026-01-16 14:36:01,Lascar,VIIRS,0.0,0.0,RUTINA,NULO,No descargada,2026-01-16 17:32:36,2026-01-16 20:01:31,NO
1768584961,2026-01-16 17:36:01,2026-01-16 14:36:01,Lastarria,VIIRS375,0.0,0.0,RUTINA,NULO,No descargada,2026-01-16 23:02:33,2026-01-16 23:31:34,NO
1768584961,2026-01-16 17:36:01,2026-01-16 14:36:01,Isluga,VIIRS375,0.0,0.0,RUTINA,NULO,No descargada,2026-01-16 23:02:33,2026-01-17 04:01:32,NO
1768584961,2026-01-16 17:36:01,2026-01-16 14:36:01,Lascar,VIIRS375,0.0,0.0,RUTINA,NULO,No descargada,2026-01-16 23:02:33,2026-01-17 04:01:32,NO
1768584961,2026-01-16 17:36:01,2026-01-16 14:36:01,Lastarria,VIIRS,0.0,0.0,RUTINA,NULO,No descargada,2026-01-16 17:32:36,2026-01-16 19:01:32,NO
1768584601,2026-01-16 17:30:01,2026-01-16 14:30:01,Puyehue-Cordon Caulle,VIIRS,0.0,0.0,RUTINA,NULO,No descargada,2026-01-16 17:32:36,2026-01-16 19:01:32,NO
1768584601,2026-01-16 17:30:01,2026-01-16 14:30:01,Villarrica,VIIRS,0.0,0.0,RUTINA,NULO,No descargada,2026-01-16 17:32:36,2026-01-16 19:01:32,NO
1768584601,2026-01-16 17:30:01,2026-01-16 14:30:01,Nevados de Chillan,VIIRS,0.0,0.0,RUTINA,NULO,No descargada,2026-01-16 17:32:36,2026-01-16 18:46:33,NO
1768584601,2026-01-16 17:30:01,2026-01-16 14:30:01,Llaima,VIIRS,0.0,0.0,RUTINA,NULO,No descargada,2026-01-16 17:32:36,2026-01-16 18:46:33,NO
1768584601,2026-01-16 17:30:01,2026-01-16 14:30:01,PlanchonPeteroa,VIIRS,0.0,0.0,RUTINA,NULO,No descargada,2026-01-16 17:32:36,2026-01-16 18:46:33,NO
1768584601,2026-01-16 17:30:01,2026-01-16 14:30:01,PlanchonPeteroa,VIIRS375,0.0,0.0,RUTINA,NULO,No descargada,2026-01-16 22:47:34,2026-01-16 23:31:34,NO
1768584601,2026-01-16 17:30:01,2026-01-16 14:30:01,Villarrica,VIIRS375,0.0,0.0,RUTINA,NULO,No descargada,2026-01-16 22:47:34,2026-01-16 23:31:34,NO
1768584601,2026-01-16 17:30:01,2026-01-16 14:30:01,Chaiten,VIIRS375,0.0,0.0,RUTINA,NULO,No descargada,2026-01-16 22:47:34,2026-01-16 23:31:34,NO
1768584601,2026-01-16 17:30:01,2026-01-16 14:30:01,Llaima,VIIRS375,0.0,0.0,RUTINA,NULO,No descargada,2026-01-16 22:47:34,2026-01-16 23:31:34,NO
1768584601,2026-01-16 17:30:01,2026-01-16 14:30:01,Chaiten,VIIRS,0.0,0.0,RUTINA,NULO,No descargada,2026-01-16 17:32:36,2026-01-16 19:01:32,NO
1768584601,2026-01-16 17:30:01,2026-01-16 14:30:01,Puyehue-Cordon Caulle,VIIRS375,0.0,0.0,RUTINA,NULO,No descargada,2026-01-16 22:47:34,2026-01-16 23:31:34,NO
1768584601,2026-01-16 17:30:01,2026-01-16 14:30:01,Nevados de Chillan,VIIRS375,0.0,0.0,RUTINA,NULO,No descargada,2026-01-16 22:47:34,2026-01-16 23:31:34,NO
1768584601,2026-01-16 17:30:01,2026-01-16 14:30:01,Copahue,VIIRS,0.0,0.0,RUTINA,NULO,No descargada,2026-01-16 17:32:36,2026-01-16 18:46:33,NO
1768584601,2026-01-16 17:30:01,2026-01-16 14:30:01,Copahue,VIIRS375,0.0,0.0,RUTINA,NULO,No descargada,2026-01-16 22:47:34,2026-01-16 23:31:34,NO
1768569600,2026-01-16 13:20:00,2026-01-16 10:20:00,Copahue,MODIS,0.0,0.0,RUTINA,NULO,No descargada,2026-01-16 11:48:36,2026-01-16 18:46:33,NO
1768569600,2026-01-16 13:20:00,2026-01-16 10:20:00,Villarrica,MODIS,0.0,0.0,RUTINA,NULO,No descargada,2026-01-16 11:48:36,2026-01-16 18:46:33,NO
1768569600,2026-01-16 13:20:00,2026-01-16 10:20:00,Peteroa,MODIS,0.0,0.0,RUTINA,NULO,No descargada,2026-01-16 11:48:36,2026-01-16 16:14:37,NO
1768569600,2026-01-16 13:20:00,2026-01-16 10:20:00,Nevados de Chillan,MODIS,0.0,0.0,RUTINA,NULO,No descargada,2026-01-16 11:48:36,2026-01-16 18:46:33,NO
1768569600,2026-01-16 13:20:00,2026-01-16 10:20:00,Chaiten,MODIS,0.0,0.0,RUTINA,NULO,No descargada,2026-01-16 11:48:36,2026-01-16 18:46:33,NO
1768569600,2026-01-16 13:20:00,2026-01-16 10:20:00,PlanchonPeteroa,MODIS,0.0,0.0,RUTINA,NULO,No descargada,2026-01-16 16:16:34,2026-01-16 18:46:33,NO
1768569600,2026-01-16 13:20:00,2026-01-16 10:20:00,Llaima,MODIS,0.0,0.0,RUTINA,NULO,No descargada,2026-01-16 11:48:36,2026-01-16 18:46:33,NO
1768569600,2026-01-16 13:20:00,2026-01-16 10:20:00,Puyehue-Cordon Caulle,MODIS,0.0,0.0,RUTINA,NULO,No descargada,2026-01-16 11:48:36,2026-01-16 18:46:33,NO
1768569300,2026-01-16 13:15:00,2026-01-16 10:15:00,Lascar,MODIS,0.0,0.0,RUTINA,NULO,No descargada,2026-01-16 11:48:36,2026-01-16 20:16:32,NO
1768569300,2026-01-16 13:15:00,2026-01-16 10:15:00,Isluga,MODIS,0.0,0.0,RUTINA,NULO,No descargada,2026-01-16 11:48:36,2026-01-16 20:16:32,NO
1768569300,2026-01-16 13:15:00,2026-01-16 10:15:00,Lastarria,MODIS,0.0,0.0,RUTINA,NULO,No descargada,2026-01-16 11:48:36,2026-01-16 20:16:32,NO
1768546441,2026-01-16 06:54:01,2026-01-16 03:54:01,Llaima,VIIRS,0.0,0.0,RUTINA,NULO,No descargada,2026-01-16 07:32:31,2026-01-16 17:31:31,NO
1768546441,2026-01-16 06:54:01,2026-01-16 03:54:01,Puyehue-Cordon Caulle,VIIRS,0.0,0.0,RUTINA,NULO,No descargada,2026-01-16 07:32:31,2026-01-16 17:31:31,NO
1768546441,2026-01-16 06:54:01,2026-01-16 03:54:01,Chaiten,VIIRS375,0.0,0.0,RUTINA,NULO,No descargada,2026-01-16 15:02:34,2026-01-16 22:46:33,NO
1768546441,2026-01-16 06:54:01,2026-01-16 03:54:01,Villarrica,VIIRS,0.0,0.0,RUTINA,NULO,No descargada,2026-01-16 07:32:31,2026-01-16 17:31:31,NO
1768546441,2026-01-16 06:54:01,2026-01-16 03:54:01,Villarrica,VIIRS375,0.0,0.0,RUTINA,NULO,No descargada,2026-01-16 15:02:34,2026-01-16 22:46:33,NO
1768546441,2026-01-16 06:54:01,2026-01-16 03:54:01,Puyehue-Cordon Caulle,VIIRS375,0.0,0.0,RUTINA,NULO,No descargada,2026-01-16 15:02:34,2026-01-16 22:46:33,NO
1768546441,2026-01-16 06:54:01,2026-01-16 03:54:01,Llaima,VIIRS375,0.0,0.0,RUTINA,NULO,No descargada,2026-01-16 15:02:34,2026-01-16 22:46:33,NO
1768546441,2026-01-16 06:54:01,2026-01-16 03:54:01,Chaiten,VIIRS,0.0,0.0,RUTINA,NULO,No descargada,2026-01-16 07:32:31,2026-01-16 17:31:31,NO
1768546200,2026-01-16 06:50:00,2026-01-16 03:50:00,Chaiten,MODIS,0.0,0.0,RUTINA,NULO,No descargada,2026-01-16 06:18:35,2026-01-16 11:46:33,NO
1768546200,2026-01-16 06:50:00,2026-01-16 03:50:00,Peteroa,MODIS,0.0,0.0,RUTINA,NULO,No descargada,2026-01-16 06:18:35,2026-01-16 11:46:33,NO
1768546200,2026-01-16 06:50:00,2026-01-16 03:50:00,Copahue,MODIS,0.0,0.0,RUTINA,NULO,No descargada,2026-01-16 06:18:35,2026-01-16 11:46:33,NO
1768546200,2026-01-16 06:50:00,2026-01-16 03:50:00,Villarrica,MODIS,0.0,0.0,RUTINA,NULO,No descargada,2026-01-16 06:18:35,2026-01-16 11:46:33,NO
1768546200,2026-01-16 06:50:00,2026-01-16 03:50:00,Puyehue-Cordon Caulle,MODIS,0.0,0.0,RUTINA,NULO,No descargada,2026-01-16 06:18:35,2026-01-16 11:46:33,NO
1768546200,2026-01-16 06:50:00,2026-01-16 03:50:00,Nevados de Chillan,MODIS,0.0,0.0,RUTINA,NULO,No descargada,2026-01-16 06:18:35,2026-01-16 11:46:33,NO
1768546200,2026-01-16 06:50:00,2026-01-16 03:50:00,Llaima,MODIS,0.0,0.0,RUTINA,NULO,No descargada,2026-01-16 06:18:35,2026-01-16 11:46:33,NO
1768545900,2026-01-16 06:45:00,2026-01-16 03:45:00,Isluga,MODIS,0.0,0.0,RUTINA,NULO,No descargada,2026-01-16 06:18:35,2026-01-16 11:46:33,NO
1768545900,2026-01-16 06:45:00,2026-01-16 03:45:00,Lascar,MODIS,0.0,0.0,RUTINA,NULO,No descargada,2026-01-16 06:18:35,2026-01-16 11:46:33,NO
1768545900,2026-01-16 06:45:00,2026-01-16 03:45:00,Lastarria,MODIS,0.0,0.0,RUTINA,NULO,No descargada,2026-01-16 06:18:35,2026-01-16 11:46:33,NO
1768545000,2026-01-16 06:30:00,2026-01-16 03:30:00,Copahue,VIIRS,0.0,0.0,RUTINA,NULO,No descargada,2026-01-16 08:18:32,2026-01-16 17:31:31,NO
1768545000,2026-01-16 06:30:00,2026-01-16 03:30:00,PlanchonPeteroa,VIIRS,0.0,0.0,RUTINA,NULO,No descargada,2026-01-16 16:16:34,2026-01-16 17:31:31,NO
1768545000,2026-01-16 06:30:00,2026-01-16 03:30:00,Lascar,VIIRS,0.0,0.0,RUTINA,NULO,No descargada,2026-01-16 08:02:33,2026-01-16 17:31:31,NO
1768545000,2026-01-16 06:30:00,2026-01-16 03:30:00,Lastarria,VIIRS375,0.0,0.0,RUTINA,NULO,No descargada,2026-01-16 18:17:36,2026-01-16 23:01:32,NO
1768545000,2026-01-16 06:30:00,2026-01-16 03:30:00,PlanchonPeteroa,VIIRS375,0.0,0.0,RUTINA,NULO,No descargada,2026-01-16 18:17:36,2026-01-16 22:46:33,NO
1768545000,2026-01-16 06:30:00,2026-01-16 03:30:00,Peteroa,VIIRS,0.0,0.0,RUTINA,NULO,No descargada,2026-01-16 08:02:33,2026-01-16 16:14:37,NO
1768545000,2026-01-16 06:30:00,2026-01-16 03:30:00,Lascar,VIIRS375,0.0,0.0,RUTINA,NULO,No descargada,2026-01-16 18:17:36,2026-01-16 23:01:32,NO
1768545000,2026-01-16 06:30:00,2026-01-16 03:30:00,Nevados de Chillan,VIIRS375,0.0,0.0,RUTINA,NULO,No descargada,2026-01-16 18:17:36,2026-01-16 22:46:33,NO
1768545000,2026-01-16 06:30:00,2026-01-16 03:30:00,Nevados de Chillan,VIIRS,0.0,0.0,RUTINA,NULO,No descargada,2026-01-16 08:02:33,2026-01-16 17:31:31,NO
1768545000,2026-01-16 06:30:00,2026-01-16 03:30:00,Copahue,VIIRS375,0.0,0.0,RUTINA,NULO,No descargada,2026-01-16 18:17:36,2026-01-16 22:46:33,NO
1768545000,2026-01-16 06:30:00,2026-01-16 03:30:00,Lastarria,VIIRS,0.0,0.0,RUTINA,NULO,No descargada,2026-01-16 08:02:33,2026-01-16 17:31:31,NO
1768544640,2026-01-16 06:24:00,2026-01-16 03:24:00,Isluga,VIIRS,0.0,0.0,RUTINA,NULO,No descargada,2026-01-16 08:02:33,2026-01-16 17:31:31,NO
1768544640,2026-01-16 06:24:00,2026-01-16 03:24:00,Isluga,VIIRS375,0.0,0.0,RUTINA,NULO,No descargada,2026-01-16 18:17:36,2026-01-16 23:01:32,NO
1768540321,2026-01-16 05:12:01,2026-01-16 02:12:01,Puyehue-Cordon Caulle,VIIRS,0.58,8.55,ALERTA_TERMICA,Muy Bajo,imagenes_satelitales/Puyehue-Cordon Caulle/2026-01-16/05-12-01_Puyehue-Cordon Caulle_VIIRS750_Latest.png,2026-01-16 05:32:45,2026-01-16 07:30:37,NO
1768540321,2026-01-16 05:12:01,2026-01-16 02:12:01,Puyehue-Cordon Caulle,VIIRS375,0.32,8.19,ALERTA_TERMICA,Muy Bajo,imagenes_satelitales/Puyehue-Cordon Caulle/2026-01-16/05-12-01_Puyehue-Cordon Caulle_VIIRS375_Latest.png,2026-01-16 14:04:34,2026-01-16 15:00:35,NO
1768540321,2026-01-16 05:12:01,2026-01-16 02:12:01,Nevados de Chillan,VIIRS375,0.0,0.0,RUTINA,NULO,No descargada,2026-01-16 14:04:34,2026-01-16 18:16:34,NO
1768540321,2026-01-16 05:12:01,2026-01-16 02:12:01,Peteroa,VIIRS,0.0,0.0,RUTINA,NULO,No descargada,2026-01-16 05:32:45,2026-01-16 08:00:37,NO
1768540321,2026-01-16 05:12:01,2026-01-16 02:12:01,Llaima,VIIRS,0.0,0.0,RUTINA,NULO,No descargada,2026-01-16 05:32:45,2026-01-16 07:30:37,NO
1768540321,2026-01-16 05:12:01,2026-01-16 02:12:01,Peteroa,VIIRS375,0.0,0.0,RUTINA,NULO,No descargada,2026-01-16 14:04:34,2026-01-16 16:14:37,NO
1768540321,2026-01-16 05:12:01,2026-01-16 02:12:01,Chaiten,VIIRS,0.0,0.0,RUTINA,NULO,No descargada,2026-01-16 05:32:45,2026-01-16 07:30:37,NO
1768540321,2026-01-16 05:12:01,2026-01-16 02:12:01,Chaiten,VIIRS375,0.0,0.0,RUTINA,NULO,No descargada,2026-01-16 14:04:34,2026-01-16 15:00:35,NO
1768540321,2026-01-16 05:12:01,2026-01-16 02:12:01,Villarrica,VIIRS,0.0,0.0,RUTINA,NULO,No descargada,2026-01-16 05:32:45,2026-01-16 07:30:37,NO
1768540321,2026-01-16 05:12:01,2026-01-16 02:12:01,Copahue,VIIRS,0.0,0.0,RUTINA,NULO,No descargada,2026-01-16 05:32:45,2026-01-16 08:16:35,NO
1768540321,2026-01-16 05:12:01,2026-01-16 02:12:01,Copahue,VIIRS375,0.0,0.0,RUTINA,NULO,No descargada,2026-01-16 14:04:34,2026-01-16 18:16:34,NO
1768540321,2026-01-16 05:12:01,2026-01-16 02:12:01,PlanchonPeteroa,VIIRS375,0.0,0.0,RUTINA,NULO,No descargada,2026-01-16 16:16:34,2026-01-16 18:16:34,NO
1768540321,2026-01-16 05:12:01,2026-01-16 02:12:01,Nevados de Chillan,VIIRS,0.0,0.0,RUTINA,NULO,No descargada,2026-01-16 05:32:45,2026-01-16 08:00:37,NO
1768540321,2026-01-16 05:12:01,2026-01-16 02:12:01,Villarrica,VIIRS375,0.0,0.0,RUTINA,NULO,No descargada,2026-01-16 14:04:34,2026-01-16 15:00:35,NO
1768540321,2026-01-16 05:12:01,2026-01-16 02:12:01,Llaima,VIIRS375,0.0,0.0,RUTINA,NULO,No descargada,2026-01-16 14:04:34,2026-01-16 15:00:35,NO
1768539961,2026-01-16 05:06:01,2026-01-16 02:06:01,Lascar,VIIRS,0.0,0.0,RUTINA,NULO,No descargada,2026-01-16 05:32:45,2026-01-16 08:00:37,NO
1768539961,2026-01-16 05:06:01,2026-01-16 02:06:01,Lascar,VIIRS375,0.0,0.0,RUTINA,NULO,No descargada,2026-01-16 14:04:34,2026-01-16 18:16:34,NO
1768539961,2026-01-16 05:06:01,2026-01-16 02:06:01,Lastarria,VIIRS,0.0,0.0,RUTINA,NULO,No descargada,2026-01-16 05:32:45,2026-01-16 08:00:37,NO
1768539961,2026-01-16 05:06:01,2026-01-16 02:06:01,Isluga,VIIRS375,0.0,0.0,RUTINA,NULO,No descargada,2026-01-16 14:04:34,2026-01-16 18:16:34,NO
1768539961,2026-01-16 05:06:01,2026-01-16 02:06:01,Lastarria,VIIRS375,0.0,0.0,RUTINA,NULO,No descargada,2026-01-16 14:04:34,2026-01-16 18:16:34,NO
1768539961,2026-01-16 05:06:01,2026-01-16 02:06:01,Isluga,VIIRS,0.0,0.0,RUTINA,NULO,No descargada,2026-01-16 05:32:45,2026-01-16 08:00:37,NO
1768530300,2026-01-16 02:25:00,2026-01-15 23:25:00,Isluga,MODIS,0.0,0.0,RUTINA,NULO,No descargada,2026-01-16 02:35:33,2026-01-16 06:16:34,NO
1768530000,2026-01-16 02:20:00,2026-01-15 23:20:00,Nevados de Chillan,MODIS,0.0,0.0,RUTINA,NULO,No descargada,2026-01-16 01:17:10,2026-01-16 06:16:34,NO
1768530000,2026-01-16 02:20:00,2026-01-15 23:20:00,Peteroa,MODIS,0.0,0.0,RUTINA,NULO,No descargada,2026-01-16 01:17:10,2026-01-16 06:16:34,NO
1768530000,2026-01-16 02:20:00,2026-01-15 23:20:00,Lascar,MODIS,0.0,0.0,RUTINA,NULO,No descargada,2026-01-16 01:17:10,2026-01-16 06:16:34,NO
1768530000,2026-01-16 02:20:00,2026-01-15 23:20:00,Lastarria,MODIS,0.0,0.0,RUTINA,NULO,No descargada,2026-01-16 01:17:10,2026-01-16 06:16:34,NO
1768530000,2026-01-16 02:20:00,2026-01-15 23:20:00,Copahue,MODIS,0.0,0.0,RUTINA,NULO,No descargada,2026-01-16 01:17:10,2026-01-16 06:16:34,NO
1768530000,2026-01-16 02:20:00,2026-01-15 23:20:00,Llaima,MODIS,0.0,0.0,RUTINA,NULO,No descargada,2026-01-16 01:17:10,2026-01-16 06:16:34,NO
1768529700,2026-01-16 02:15:00,2026-01-15 23:15:00,Chaiten,MODIS,0.0,0.0,RUTINA,NULO,No descargada,2026-01-16 01:35:33,2026-01-16 06:16:34,NO
1768529700,2026-01-16 02:15:00,2026-01-15 23:15:00,Puyehue-Cordon Caulle,MODIS,0.0,0.0,RUTINA,NULO,No descargada,2026-01-16 01:35:33,2026-01-16 06:16:34,NO
1768512300,2026-01-15 21:25:00,2026-01-15 18:25:00,Chaiten,MODIS,0.0,0.0,RUTINA,NULO,No descargada,2026-01-15 19:49:25,2026-01-16 01:29:40,NO
1768506900,2026-01-15 19:55:00,2026-01-15 16:55:00,Isluga,MODIS,0.0,0.0,RUTINA,NULO,No descargada,2026-01-15 18:07:27,2026-01-16 02:28:35,NO
1768506600,2026-01-15 19:50:00,2026-01-15 16:50:00,Copahue,MODIS,0.0,0.0,RUTINA,NULO,No descargada,2026-01-15 18:35:30,2026-01-16 01:15:23,NO
1768506600,2026-01-15 19:50:00,2026-01-15 16:50:00,Peteroa,MODIS,0.0,0.0,RUTINA,NULO,No descargada,2026-01-15 18:35:30,2026-01-16 01:15:23,NO
1768506600,2026-01-15 19:50:00,2026-01-15 16:50:00,Llaima,MODIS,0.0,0.0,RUTINA,NULO,No descargada,2026-01-15 18:35:30,2026-01-16 01:15:23,NO
1768506600,2026-01-15 19:50:00,2026-01-15 16:50:00,Lastarria,MODIS,0.0,0.0,RUTINA,NULO,No descargada,2026-01-15 18:35:30,2026-01-16 01:15:23,NO
1768506600,2026-01-15 19:50:00,2026-01-15 16:50:00,Nevados de Chillan,MODIS,0.0,0.0,RUTINA,NULO,No descargada,2026-01-15 18:35:30,2026-01-16 01:15:23,NO
1768506600,2026-01-15 19:50:00,2026-01-15 16:50:00,Villarrica,MODIS,0.0,0.0,RUTINA,NULO,No descargada,2026-01-15 18:35:30,2026-01-16 06:16:34,NO
1768506600,2026-01-15 19:50:00,2026-01-15 16:50:00,Lascar,MODIS,0.0,0.0,RUTINA,NULO,No descargada,2026-01-15 18:35:30,2026-01-16 01:15:23,NO
1768506300,2026-01-15 19:45:00,2026-01-15 16:45:00,Puyehue-Cordon Caulle,MODIS,0.0,0.0,RUTINA,NULO,No descargada,2026-01-15 18:35:30,2026-01-16 01:29:40,NO
1768505401,2026-01-15 19:30:01,2026-01-15 16:30:01,Chaiten,VIIRS,0.0,0.0,RUTINA,NULO,No descargada,2026-01-15 19:07:29,2026-01-16 05:30:35,NO
1768505401,2026-01-15 19:30:01,2026-01-15 16:30:01,Villarrica,VIIRS,0.0,0.0,RUTINA,NULO,No descargada,2026-01-15 19:07:29,2026-01-16 05:30:35,NO
1768505401,2026-01-15 19:30:01,2026-01-15 16:30:01,Puyehue-Cordon Caulle,VIIRS,0.0,0.0,RUTINA,NULO,No descargada,2026-01-15 19:07:29,2026-01-16 05:30:35,NO
1768505401,2026-01-15 19:30:01,2026-01-15 16:30:01,Llaima,VIIRS375,0.0,0.0,RUTINA,NULO,imagenes_satelitales/Llaima/2026-01-15/19-30-01_Llaima_VIIRS375_Latest.png,2026-01-16 07:02:34,2026-01-16 14:02:35,NO
1768505401,2026-01-15 19:30:01,2026-01-15 16:30:01,Nevados de Chillan,VIIRS375,0.0,0.0,RUTINA,NULO,imagenes_satelitales/Nevados de Chillan/2026-01-15/19-30-01_Nevados de Chillan_VIIRS375_Latest.png,2026-01-16 07:02:34,2026-01-16 14:02:35,NO
1768505401,2026-01-15 19:30:01,2026-01-15 16:30:01,Villarrica,VIIRS375,0.0,0.0,RUTINA,NULO,No descargada,2026-01-16 07:02:34,2026-01-16 14:02:35,NO
1768505401,2026-01-15 19:30:01,2026-01-15 16:30:01,Nevados de Chillan,VIIRS,0.0,0.0,RUTINA,NULO,No descargada,2026-01-15 19:07:29,2026-01-16 05:30:35,NO
1768505401,2026-01-15 19:30:01,2026-01-15 16:30:01,Peteroa,VIIRS375,0.0,0.0,RUTINA,NULO,imagenes_satelitales/Peteroa/2026-01-15/19-30-01_Peteroa_VIIRS375_Latest.png,2026-01-16 07:02:34,2026-01-16 14:02:35,NO
1768505401,2026-01-15 19:30:01,2026-01-15 16:30:01,Puyehue-Cordon Caulle,VIIRS375,0.0,0.0,RUTINA,NULO,No descargada,2026-01-16 07:32:31,2026-01-16 14:02:35,NO
1768505401,2026-01-15 19:30:01,2026-01-15 16:30:01,Llaima,VIIRS,0.0,0.0,RUTINA,NULO,No descargada,2026-01-15 19:07:29,2026-01-16 05:30:35,NO
1768505401,2026-01-15 19:30:01,2026-01-15 16:30:01,Copahue,VIIRS375,0.0,0.0,RUTINA,NULO,imagenes_satelitales/Copahue/2026-01-15/19-30-01_Copahue_VIIRS375_Latest.png,2026-01-16 07:02:34,2026-01-16 14:02:35,NO
1768505401,2026-01-15 19:30:01,2026-01-15 16:30:01,Peteroa,VIIRS,0.0,0.0,RUTINA,NULO,No descargada,2026-01-15 19:07:29,2026-01-16 05:30:35,NO
1768505401,2026-01-15 19:30:01,2026-01-15 16:30:01,Chaiten,VIIRS375,0.0,0.0,RUTINA,NULO,imagenes_satelitales/Chaiten/2026-01-15/19-30-01_Chaiten_VIIRS375_Latest.png,2026-01-16 07:32:31,2026-01-16 14:02:35,NO
1768504320,2026-01-15 19:12:00,2026-01-15 16:12:00,Puyehue-Cordon Caulle,VIIRS,0.0,0.0,RUTINA,NULO,No descargada,2026-01-15 18:49:29,2026-01-15 19:00:30,NO
1768504320,2026-01-15 19:12:00,2026-01-15 16:12:00,Lascar,VIIRS,0.0,0.0,RUTINA,NULO,No descargada,2026-01-15 18:49:29,2026-01-16 05:30:35,NO
1768504320,2026-01-15 19:12:00,2026-01-15 16:12:00,Peteroa,VIIRS,0.0,0.0,RUTINA,NULO,No descargada,2026-01-15 18:49:29,2026-01-15 19:00:30,NO
1768504320,2026-01-15 19:12:00,2026-01-15 16:12:00,Villarrica,VIIRS,0.0,0.0,RUTINA,NULO,No descargada,2026-01-15 18:49:29,2026-01-15 19:00:30,NO
1768504320,2026-01-15 19:12:00,2026-01-15 16:12:00,Llaima,VIIRS,0.0,0.0,RUTINA,NULO,No descargada,2026-01-15 18:49:29,2026-01-15 19:00:30,NO
1768504320,2026-01-15 19:12:00,2026-01-15 16:12:00,Lascar,VIIRS375,0.0,0.0,RUTINA,NULO,No descargada,2026-01-16 10:02:34,2026-01-16 14:02:35,NO
1768504320,2026-01-15 19:12:00,2026-01-15 16:12:00,Lastarria,VIIRS375,0.0,0.0,RUTINA,NULO,No descargada,2026-01-16 10:02:34,2026-01-16 14:02:35,NO
1768504320,2026-01-15 19:12:00,2026-01-15 16:12:00,Nevados de Chillan,VIIRS,0.0,0.0,RUTINA,NULO,No descargada,2026-01-15 18:49:29,2026-01-15 19:00:30,NO
1768504320,2026-01-15 19:12:00,2026-01-15 16:12:00,Lastarria,VIIRS,0.0,0.0,RUTINA,NULO,No descargada,2026-01-15 18:49:29,2026-01-16 05:30:35,NO
1768504320,2026-01-15 19:12:00,2026-01-15 16:12:00,Copahue,VIIRS,0.0,0.0,RUTINA,NULO,No descargada,2026-01-15 18:49:29,2026-01-15 19:00:30,NO
1768499641,2026-01-15 17:54:01,2026-01-15 14:54:01,Lastarria,VIIRS375,0.0,0.0,RUTINA,NULO,No descargada,2026-01-16 06:48:33,2026-01-16 10:00:38,NO
1768499641,2026-01-15 17:54:01,2026-01-15 14:54:01,Lastarria,VIIRS,0.0,0.0,RUTINA,NULO,No descargada,2026-01-15 18:07:27,2026-01-15 18:42:24,NO
1768499641,2026-01-15 17:54:01,2026-01-15 14:54:01,Isluga,VIIRS,0.0,0.0,RUTINA,NULO,No descargada,2026-01-15 18:07:27,2026-01-16 05:30:35,NO
1768499641,2026-01-15 17:54:01,2026-01-15 14:54:01,Isluga,VIIRS375,0.0,0.0,RUTINA,NULO,No descargada,2026-01-16 06:48:33,2026-01-16 14:02:35,NO
1768499641,2026-01-15 17:54:01,2026-01-15 14:54:01,Lascar,VIIRS,0.0,0.0,RUTINA,NULO,No descargada,2026-01-15 18:07:27,2026-01-15 18:42:24,NO
1768499641,2026-01-15 17:54:01,2026-01-15 14:54:01,Lascar,VIIRS375,0.51,19.93,FALSO_POSITIVO,NULO,No descargada,2026-01-16 06:48:33,2026-01-16 10:00:38,NO
1768499641,2026-01-15 17:54:01,2026-01-15 14:54:01,Peteroa,VIIRS375,0.0,0.0,RUTINA,NULO,No descargada,2026-01-16 06:48:33,2026-01-16 07:00:39,NO
1768499281,2026-01-15 17:48:01,2026-01-15 14:48:01,Villarrica,VIIRS375,0.0,0.0,RUTINA,NULO,No descargada,2026-01-16 06:48:33,2026-01-16 07:00:39,NO
1768499281,2026-01-15 17:48:01,2026-01-15 14:48:01,Copahue,VIIRS,0.0,0.0,RUTINA,NULO,No descargada,2026-01-15 17:48:15,2026-01-15 18:42:24,NO
1768499281,2026-01-15 17:48:01,2026-01-15 14:48:01,Puyehue-Cordon Caulle,VIIRS,0.0,0.0,RUTINA,NULO,No descargada,2026-01-15 17:48:15,2026-01-15 18:42:24,NO
1768499281,2026-01-15 17:48:01,2026-01-15 14:48:01,Nevados de Chillan,VIIRS375,0.0,0.0,RUTINA,NULO,No descargada,2026-01-16 06:32:34,2026-01-16 07:00:39,NO
1768499281,2026-01-15 17:48:01,2026-01-15 14:48:01,Villarrica,VIIRS,0.0,0.0,RUTINA,NULO,No descargada,2026-01-15 17:48:15,2026-01-15 18:42:24,NO
1768499281,2026-01-15 17:48:01,2026-01-15 14:48:01,Chaiten,VIIRS375,0.0,0.0,RUTINA,NULO,No descargada,2026-01-16 06:48:33,2026-01-16 07:30:37,NO
1768499281,2026-01-15 17:48:01,2026-01-15 14:48:01,Copahue,VIIRS375,0.0,0.0,RUTINA,NULO,No descargada,2026-01-16 06:48:33,2026-01-16 07:00:39,NO
1768499281,2026-01-15 17:48:01,2026-01-15 14:48:01,Llaima,VIIRS375,0.0,0.0,RUTINA,NULO,No descargada,2026-01-16 06:48:33,2026-01-16 07:00:39,NO
1768499281,2026-01-15 17:48:01,2026-01-15 14:48:01,Puyehue-Cordon Caulle,VIIRS375,0.0,0.0,RUTINA,NULO,No descargada,2026-01-16 06:48:33,2026-01-16 07:30:37,NO
1768499281,2026-01-15 17:48:01,2026-01-15 14:48:01,Chaiten,VIIRS,0.0,0.0,RUTINA,NULO,No descargada,2026-01-15 17:48:15,2026-01-15 19:00:30,NO
1768499281,2026-01-15 17:48:01,2026-01-15 14:48:01,Nevados de Chillan,VIIRS,0.0,0.0,RUTINA,NULO,No descargada,2026-01-15 17:48:15,2026-01-15 18:42:24,NO
1768499281,2026-01-15 17:48:01,2026-01-15 14:48:01,Llaima,VIIRS,0.0,0.0,RUTINA,NULO,No descargada,2026-01-15 17:48:15,2026-01-15 18:42:24,NO
1768498560,2026-01-15 17:36:00,2026-01-15 14:36:00,Lascar,VIIRS,0.0,0.0,RUTINA,NULO,No descargada,2026-01-15 17:33:22,2026-01-15 18:00:33,NO
1768498560,2026-01-15 17:36:00,2026-01-15 14:36:00,Isluga,VIIRS,0.0,0.0,RUTINA,NULO,No descargada,2026-01-15 17:33:22,2026-01-15 18:00:33,NO
1768498560,2026-01-15 17:36:00,2026-01-15 14:36:00,Lastarria,VIIRS,0.0,0.0,RUTINA,NULO,No descargada,2026-01-15 17:33:22,2026-01-15 18:00:33,NO
1768498200,2026-01-15 17:30:00,2026-01-15 14:30:00,Nevados de Chillan,VIIRS,0.0,0.0,RUTINA,NULO,No descargada,2026-01-15 17:33:22,2026-01-15 17:42:25,NO
1768498200,2026-01-15 17:30:00,2026-01-15 14:30:00,Copahue,VIIRS,0.0,0.0,RUTINA,NULO,No descargada,2026-01-15 17:33:22,2026-01-15 17:42:25,NO
1768498200,2026-01-15 17:30:00,2026-01-15 14:30:00,Llaima,VIIRS,0.0,0.0,RUTINA,NULO,No descargada,2026-01-15 17:33:22,2026-01-15 17:42:25,NO
1768498200,2026-01-15 17:30:00,2026-01-15 14:30:00,Peteroa,VIIRS,0.0,0.0,RUTINA,NULO,No descargada,2026-01-15 17:33:22,2026-01-15 18:00:33,NO
1768486800,2026-01-15 14:20:00,2026-01-15 11:20:00,Chaiten,MODIS,0.0,0.0,RUTINA,NULO,No descargada,2026-01-15 12:36:29,2026-01-15 18:28:26,NO
1768481100,2026-01-15 12:45:00,2026-01-15 09:45:00,Chaiten,MODIS,0.0,0.0,RUTINA,NULO,No descargada,2026-01-15 12:22:02,2026-01-15 12:22:02,NO
1768480800,2026-01-15 12:40:00,2026-01-15 09:40:00,Villarrica,MODIS,0.0,0.0,RUTINA,NULO,No descargada,2026-01-15 11:07:26,2026-01-15 18:28:26,NO
1768480800,2026-01-15 12:40:00,2026-01-15 09:40:00,Copahue,MODIS,0.0,0.0,RUTINA,NULO,No descargada,2026-01-15 11:07:26,2026-01-15 18:28:26,NO
1768480800,2026-01-15 12:40:00,2026-01-15 09:40:00,Puyehue-Cordon Caulle,MODIS,0.0,0.0,RUTINA,NULO,No descargada,2026-01-15 11:07:26,2026-01-15 18:28:26,NO
1768480800,2026-01-15 12:40:00,2026-01-15 09:40:00,Nevados de Chillan,MODIS,0.0,0.0,RUTINA,NULO,No descargada,2026-01-15 11:07:26,2026-01-15 18:28:26,NO
1768480800,2026-01-15 12:40:00,2026-01-15 09:40:00,Peteroa,MODIS,0.0,0.0,RUTINA,NULO,No descargada,2026-01-15 11:07:26,2026-01-15 18:28:26,NO
1768480800,2026-01-15 12:40:00,2026-01-15 09:40:00,Llaima,MODIS,0.0,0.0,RUTINA,NULO,No descargada,2026-01-15 11:07:26,2026-01-15 18:28:26,NO
1768480800,2026-01-15 12:40:00,2026-01-15 09:40:00,Lastarria,MODIS,0.0,0.0,RUTINA,NULO,No descargada,2026-01-15 11:07:26,2026-01-15 18:28:26,NO
1768480500,2026-01-15 12:35:00,2026-01-15 09:35:00,Lascar,MODIS,0.0,0.0,RUTINA,NULO,No descargada,2026-01-15 11:07:26,2026-01-15 18:28:26,NO
1768463400,2026-01-15 07:50:00,2026-01-15 04:50:00,Chaiten,MODIS,0.0,0.0,RUTINA,NULO,No descargada,2026-01-15 07:07:27,2026-01-15 11:14:06,NO
1768463400,2026-01-15 07:50:00,2026-01-15 04:50:00,Llaima,MODIS,0.0,0.0,RUTINA,NULO,No descargada,2026-01-15 07:07:27,2026-01-15 11:00:35,NO
1768463400,2026-01-15 07:50:00,2026-01-15 04:50:00,Peteroa,MODIS,0.0,0.0,RUTINA,NULO,No descargada,2026-01-15 07:07:27,2026-01-15 11:00:35,NO
1768463400,2026-01-15 07:50:00,2026-01-15 04:50:00,Puyehue-Cordon Caulle,MODIS,0.0,0.0,RUTINA,NULO,No descargada,2026-01-15 07:07:27,2026-01-15 11:00:35,NO
1768463400,2026-01-15 07:50:00,2026-01-15 04:50:00,Copahue,MODIS,0.0,0.0,RUTINA,NULO,No descargada,2026-01-15 07:07:27,2026-01-15 11:00:35,NO
1768463400,2026-01-15 07:50:00,2026-01-15 04:50:00,Nevados de Chillan,MODIS,0.0,0.0,RUTINA,NULO,No descargada,2026-01-15 07:07:27,2026-01-15 11:00:35,NO
1768463400,2026-01-15 07:50:00,2026-01-15 04:50:00,Villarrica,MODIS,0.0,0.0,RUTINA,NULO,No descargada,2026-01-15 07:07:27,2026-01-15 11:00:35,NO
1768463100,2026-01-15 07:45:00,2026-01-15 04:45:00,Lascar,MODIS,0.0,0.0,RUTINA,NULO,No descargada,2026-01-15 07:07:27,2026-01-15 11:00:35,NO
1768463100,2026-01-15 07:45:00,2026-01-15 04:45:00,Lastarria,MODIS,0.0,0.0,RUTINA,NULO,No descargada,2026-01-15 07:07:27,2026-01-15 11:00:35,NO
1768463100,2026-01-15 07:45:00,2026-01-15 04:45:00,Isluga,MODIS,0.0,0.0,RUTINA,NULO,No descargada,2026-01-15 07:07:27,2026-01-15 18:00:33,NO
1768460040,2026-01-15 06:54:00,2026-01-15 03:54:00,Puyehue-Cordon Caulle,VIIRS375,0.0,0.0,RUTINA,NULO,No descargada,2026-01-15 08:35:23,2026-01-16 06:46:34,NO
1768460040,2026-01-15 06:54:00,2026-01-15 03:54:00,Llaima,VIIRS,0.0,0.0,RUTINA,NULO,No descargada,2026-01-15 07:49:19,2026-01-15 17:28:19,NO
1768460040,2026-01-15 06:54:00,2026-01-15 03:54:00,Villarrica,VIIRS,0.0,0.0,RUTINA,NULO,No descargada,2026-01-15 08:07:21,2026-01-15 17:42:25,NO
1768460040,2026-01-15 06:54:00,2026-01-15 03:54:00,Chaiten,VIIRS375,0.0,0.0,RUTINA,NULO,No descargada,2026-01-15 08:35:23,2026-01-16 06:46:34,NO
1768460040,2026-01-15 06:54:00,2026-01-15 03:54:00,Puyehue-Cordon Caulle,VIIRS,0.0,0.0,RUTINA,NULO,No descargada,2026-01-15 08:07:21,2026-01-15 17:42:25,NO
1768460040,2026-01-15 06:54:00,2026-01-15 03:54:00,Villarrica,VIIRS375,0.0,0.0,RUTINA,NULO,No descargada,2026-01-15 08:35:23,2026-01-16 06:46:34,NO
1768460040,2026-01-15 06:54:00,2026-01-15 03:54:00,Llaima,VIIRS375,0.0,0.0,RUTINA,NULO,No descargada,2026-01-15 08:35:23,2026-01-16 06:46:34,NO
1768459680,2026-01-15 06:48:00,2026-01-15 03:48:00,Nevados de Chillan,VIIRS,0.0,0.0,RUTINA,NULO,No descargada,2026-01-15 07:49:19,2026-01-15 17:28:19,NO
1768459680,2026-01-15 06:48:00,2026-01-15 03:48:00,Copahue,VIIRS375,0.0,0.0,RUTINA,NULO,No descargada,2026-01-15 08:35:23,2026-01-16 06:46:34,NO
1768459680,2026-01-15 06:48:00,2026-01-15 03:48:00,Peteroa,VIIRS375,0.0,0.0,RUTINA,NULO,No descargada,2026-01-15 08:35:23,2026-01-16 06:46:34,NO
1768459680,2026-01-15 06:48:00,2026-01-15 03:48:00,Isluga,VIIRS375,0.0,0.0,RUTINA,NULO,No descargada,2026-01-15 08:35:23,2026-01-16 06:46:34,NO
1768459680,2026-01-15 06:48:00,2026-01-15 03:48:00,Lastarria,VIIRS375,0.0,0.0,RUTINA,NULO,No descargada,2026-01-15 08:35:23,2026-01-16 06:46:34,NO
1768459680,2026-01-15 06:48:00,2026-01-15 03:48:00,Nevados de Chillan,VIIRS375,0.0,0.0,RUTINA,NULO,No descargada,2026-01-15 08:35:23,2026-01-16 06:30:35,NO
1768459680,2026-01-15 06:48:00,2026-01-15 03:48:00,Copahue,VIIRS,0.0,0.0,RUTINA,NULO,No descargada,2026-01-15 07:49:19,2026-01-15 17:28:19,NO
1768459680,2026-01-15 06:48:00,2026-01-15 03:48:00,Lastarria,VIIRS,0.0,0.0,RUTINA,NULO,No descargada,2026-01-15 07:49:19,2026-01-15 17:28:19,NO
1768459680,2026-01-15 06:48:00,2026-01-15 03:48:00,Isluga,VIIRS,0.0,0.0,RUTINA,NULO,No descargada,2026-01-15 07:49:19,2026-01-15 17:28:19,NO
1768459680,2026-01-15 06:48:00,2026-01-15 03:48:00,Peteroa,VIIRS,0.0,0.0,RUTINA,NULO,No descargada,2026-01-15 07:49:19,2026-01-15 17:28:19,NO
1768455001,2026-01-15 05:30:01,2026-01-15 02:30:01,Chaiten,VIIRS375,0.0,0.0,RUTINA,NULO,No descargada,2026-01-15 06:07:26,2026-01-15 08:28:21,NO
1768455001,2026-01-15 05:30:01,2026-01-15 02:30:01,Llaima,VIIRS375,0.0,0.0,RUTINA,NULO,No descargada,2026-01-15 06:07:26,2026-01-15 08:28:21,NO
1768455001,2026-01-15 05:30:01,2026-01-15 02:30:01,Villarrica,VIIRS375,0.0,0.0,RUTINA,NULO,No descargada,2026-01-15 06:07:26,2026-01-15 08:28:21,NO
1768455001,2026-01-15 05:30:01,2026-01-15 02:30:01,Villarrica,VIIRS,0.0,0.0,RUTINA,NULO,No descargada,2026-01-15 05:35:40,2026-01-15 08:00:26,NO
1768455001,2026-01-15 05:30:01,2026-01-15 02:30:01,Peteroa,VIIRS375,0.0,0.0,RUTINA,NULO,No descargada,2026-01-15 06:07:26,2026-01-15 08:28:21,NO
1768455001,2026-01-15 05:30:01,2026-01-15 02:30:01,Lastarria,VIIRS,0.0,0.0,RUTINA,NULO,No descargada,2026-01-15 05:35:40,2026-01-15 07:42:22,NO
1768455001,2026-01-15 05:30:01,2026-01-15 02:30:01,Lastarria,VIIRS375,0.0,0.0,RUTINA,NULO,No descargada,2026-01-15 06:07:26,2026-01-15 08:28:21,NO
1768455001,2026-01-15 05:30:01,2026-01-15 02:30:01,Nevados de Chillan,VIIRS,0.0,0.0,RUTINA,NULO,No descargada,2026-01-15 05:35:40,2026-01-15 07:42:22,NO
1768455001,2026-01-15 05:30:01,2026-01-15 02:30:01,Nevados de Chillan,VIIRS375,0.0,0.0,RUTINA,NULO,No descargada,2026-01-15 06:07:26,2026-01-15 08:28:21,NO
1768455001,2026-01-15 05:30:01,2026-01-15 02:30:01,Peteroa,VIIRS,0.0,0.0,RUTINA,NULO,No descargada,2026-01-15 05:35:40,2026-01-15 07:42:22,NO
1768455001,2026-01-15 05:30:01,2026-01-15 02:30:01,Puyehue-Cordon Caulle,VIIRS,0.0,0.0,RUTINA,NULO,No descargada,2026-01-15 05:35:40,2026-01-15 08:00:26,NO
1768455001,2026-01-15 05:30:01,2026-01-15 02:30:01,Copahue,VIIRS375,0.0,0.0,RUTINA,NULO,No descargada,2026-01-15 06:07:26,2026-01-15 08:28:21,NO
1768455001,2026-01-15 05:30:01,2026-01-15 02:30:01,Copahue,VIIRS,0.0,0.0,RUTINA,NULO,No descargada,2026-01-15 05:35:40,2026-01-15 07:42:22,NO
1768455001,2026-01-15 05:30:01,2026-01-15 02:30:01,Chaiten,VIIRS,0.0,0.0,RUTINA,NULO,No descargada,2026-01-15 05:35:40,2026-01-15 08:00:26,NO
1768455001,2026-01-15 05:30:01,2026-01-15 02:30:01,Llaima,VIIRS,0.0,0.0,RUTINA,NULO,No descargada,2026-01-15 05:35:40,2026-01-15 07:42:22,NO
1768455001,2026-01-15 05:30:01,2026-01-15 02:30:01,Puyehue-Cordon Caulle,VIIRS375,0.0,0.0,RUTINA,NULO,No descargada,2026-01-15 06:07:26,2026-01-15 08:28:21,NO
1768454641,2026-01-15 05:24:01,2026-01-15 02:24:01,Lascar,VIIRS,1.31,1.68,ALERTA_TERMICA,Bajo,imagenes_satelitales/Lascar/2026-01-15/05-24-01_Lascar_VIIRS750_Latest.png,2026-01-15 05:35:40,2026-01-15 17:28:19,NO
1768454641,2026-01-15 05:24:01,2026-01-15 02:24:01,Isluga,VIIRS,0.0,0.0,RUTINA,NULO,No descargada,2026-01-15 05:35:40,2026-01-15 07:42:22,NO
1768454641,2026-01-15 05:24:01,2026-01-15 02:24:01,Isluga,VIIRS375,0.0,0.0,RUTINA,NULO,No descargada,2026-01-15 05:49:20,2026-01-15 08:28:21,NO
1768454641,2026-01-15 05:24:01,2026-01-15 02:24:01,Lascar,VIIRS375,0.85,1.19,ALERTA_TERMICA,Muy Bajo,imagenes_satelitales/Lascar/2026-01-15/05-24-01_Lascar_VIIRS375_Latest.png,2026-01-15 06:07:26,2026-01-16 06:30:35,NO
1768446900,2026-01-15 03:15:00,2026-01-15 00:15:00,Puyehue-Cordon Caulle,MODIS,0.0,0.0,RUTINA,NULO,No descargada,2026-01-15 02:49:19,2026-01-15 07:00:26,NO
1768446900,2026-01-15 03:15:00,2026-01-15 00:15:00,Chaiten,MODIS,0.0,0.0,RUTINA,NULO,No descargada,2026-01-15 02:49:19,2026-01-15 07:00:26,NO
1768441500,2026-01-15 01:45:00,2026-01-14 22:45:00,Isluga,MODIS,0.0,0.0,RUTINA,NULO,No descargada,2026-01-15 01:07:33,2026-01-15 07:00:26,NO
1768441500,2026-01-15 01:45:00,2026-01-14 22:45:00,Lascar,MODIS,0.89,1.0,ALERTA_TERMICA,Bajo,imagenes_satelitales/Lascar/2026-01-15/01-45-00_Lascar_MODIS_Latest.png,2026-01-15 01:07:33,2026-01-15 07:00:26,NO
1768441200,2026-01-15 01:40:00,2026-01-14 22:40:00,Lastarria,MODIS,0.0,0.0,RUTINA,NULO,No descargada,2026-01-15 01:49:20,2026-01-15 07:00:26,NO
1768441200,2026-01-15 01:40:00,2026-01-14 22:40:00,Puyehue-Cordon Caulle,MODIS,0.0,0.0,RUTINA,NULO,No descargada,2026-01-15 01:49:20,2026-01-15 02:42:19,NO
1768441200,2026-01-15 01:40:00,2026-01-14 22:40:00,Llaima,MODIS,0.0,0.0,RUTINA,NULO,No descargada,2026-01-15 01:49:20,2026-01-15 07:00:26,NO
1768441200,2026-01-15 01:40:00,2026-01-14 22:40:00,Peteroa,MODIS,0.0,0.0,RUTINA,NULO,No descargada,2026-01-15 01:49:20,2026-01-15 07:00:26,NO
1768441200,2026-01-15 01:40:00,2026-01-14 22:40:00,Nevados de Chillan,MODIS,0.0,0.0,RUTINA,NULO,No descargada,2026-01-15 01:49:20,2026-01-15 07:00:26,NO
1768441200,2026-01-15 01:40:00,2026-01-14 22:40:00,Villarrica,MODIS,0.0,0.0,RUTINA,NULO,No descargada,2026-01-15 01:49:20,2026-01-15 07:00:26,NO
1768441200,2026-01-15 01:40:00,2026-01-14 22:40:00,Copahue,MODIS,0.0,0.0,RUTINA,NULO,No descargada,2026-01-15 01:49:20,2026-01-15 07:00:26,NO
1768423800,2026-01-14 20:50:00,2026-01-14 17:50:00,Nevados de Chillan,MODIS,0.0,0.0,RUTINA,NULO,No descargada,2026-01-14 19:21:23,2026-01-15 01:42:25,NO
1768423800,2026-01-14 20:50:00,2026-01-14 17:50:00,Peteroa,MODIS,0.0,0.0,RUTINA,NULO,No descargada,2026-01-14 19:21:23,2026-01-15 01:42:25,NO
1768423800,2026-01-14 20:50:00,2026-01-14 17:50:00,Copahue,MODIS,0.0,0.0,RUTINA,NULO,No descargada,2026-01-14 19:21:23,2026-01-15 01:42:25,NO
1768423500,2026-01-14 20:45:00,2026-01-14 17:45:00,Chaiten,MODIS,0.0,0.0,RUTINA,NULO,No descargada,2026-01-14 19:35:23,2026-01-15 02:42:19,NO
1768423500,2026-01-14 20:45:00,2026-01-14 17:45:00,Puyehue-Cordon Caulle,MODIS,0.0,0.0,RUTINA,NULO,No descargada,2026-01-14 19:35:23,2026-01-15 01:42:25,NO
1768423500,2026-01-14 20:45:00,2026-01-14 17:45:00,Villarrica,MODIS,0.0,0.0,RUTINA,NULO,No descargada,2026-01-14 19:35:23,2026-01-15 01:42:25,NO
1768423500,2026-01-14 20:45:00,2026-01-14 17:45:00,Llaima,MODIS,0.0,0.0,RUTINA,NULO,No descargada,2026-01-14 19:35:23,2026-01-15 01:42:25,NO
1768420081,2026-01-14 19:48:01,2026-01-14 16:48:01,Puyehue-Cordon Caulle,VIIRS,0.0,0.0,RUTINA,NULO,No descargada,2026-01-14 19:49:20,2026-01-15 05:28:25,NO
1768420081,2026-01-14 19:48:01,2026-01-14 16:48:01,Chaiten,VIIRS,0.0,0.0,RUTINA,NULO,No descargada,2026-01-14 20:07:25,2026-01-15 05:28:25,NO
1768420081,2026-01-14 19:48:01,2026-01-14 16:48:01,Copahue,VIIRS,0.0,0.0,RUTINA,NULO,No descargada,2026-01-14 19:49:20,2026-01-15 05:28:25,NO
1768420081,2026-01-14 19:48:01,2026-01-14 16:48:01,Villarrica,VIIRS,0.0,0.0,RUTINA,NULO,No descargada,2026-01-14 19:49:20,2026-01-15 05:28:25,NO
1768419000,2026-01-14 19:30:00,2026-01-14 16:30:00,Llaima,VIIRS375,0.0,0.0,RUTINA,NULO,imagenes_satelitales/Llaima/2026-01-14/19-30-00_Llaima_VIIRS375_Latest.png,2026-01-14 19:49:20,2026-01-15 06:00:24,NO
1768419000,2026-01-14 19:30:00,2026-01-14 16:30:00,Chaiten,VIIRS,0.0,0.0,RUTINA,NULO,No descargada,2026-01-14 19:35:23,2026-01-14 20:00:31,NO
1768419000,2026-01-14 19:30:00,2026-01-14 16:30:00,Nevados de Chillan,VIIRS,0.0,0.0,RUTINA,NULO,No descargada,2026-01-14 19:35:23,2026-01-15 05:28:25,NO
1768419000,2026-01-14 19:30:00,2026-01-14 16:30:00,Villarrica,VIIRS375,0.0,0.0,RUTINA,NULO,No descargada,2026-01-14 19:49:20,2026-01-15 06:00:24,NO
1768419000,2026-01-14 19:30:00,2026-01-14 16:30:00,Copahue,VIIRS375,0.0,0.0,RUTINA,NULO,imagenes_satelitales/Copahue/2026-01-14/19-30-00_Copahue_VIIRS375_Latest.png,2026-01-14 19:49:20,2026-01-15 06:00:24,NO
1768419000,2026-01-14 19:30:00,2026-01-14 16:30:00,Puyehue-Cordon Caulle,VIIRS,0.0,0.0,RUTINA,NULO,No descargada,2026-01-14 19:35:23,2026-01-14 19:42:19,NO
1768419000,2026-01-14 19:30:00,2026-01-14 16:30:00,Puyehue-Cordon Caulle,VIIRS375,0.0,0.0,RUTINA,NULO,No descargada,2026-01-14 19:49:20,2026-01-15 06:00:24,NO
1768419000,2026-01-14 19:30:00,2026-01-14 16:30:00,Peteroa,VIIRS375,0.0,0.0,RUTINA,NULO,No descargada,2026-01-14 19:35:23,2026-01-15 06:00:24,NO
1768419000,2026-01-14 19:30:00,2026-01-14 16:30:00,Chaiten,VIIRS375,0.0,0.0,RUTINA,NULO,imagenes_satelitales/Chaiten/2026-01-14/19-30-00_Chaiten_VIIRS375_Latest.png,2026-01-14 19:49:20,2026-01-15 06:00:24,NO
1768419000,2026-01-14 19:30:00,2026-01-14 16:30:00,Llaima,VIIRS,0.0,0.0,RUTINA,NULO,No descargada,2026-01-14 19:35:23,2026-01-14 19:42:19,NO
1768419000,2026-01-14 19:30:00,2026-01-14 16:30:00,Peteroa,VIIRS,0.0,0.0,RUTINA,NULO,No descargada,2026-01-14 19:35:23,2026-01-15 05:28:25,NO
1768419000,2026-01-14 19:30:00,2026-01-14 16:30:00,Nevados de Chillan,VIIRS375,0.0,0.0,RUTINA,NULO,imagenes_satelitales/Nevados de Chillan/2026-01-14/19-30-00_Nevados de Chillan_VIIRS375_Latest.png,2026-01-14 19:35:23,2026-01-15 06:00:24,NO
1768419000,2026-01-14 19:30:00,2026-01-14 16:30:00,Villarrica,VIIRS,0.0,0.0,RUTINA,NULO,No descargada,2026-01-14 19:35:23,2026-01-14 19:42:19,NO
1768419000,2026-01-14 19:30:00,2026-01-14 16:30:00,Copahue,VIIRS,0.0,0.0,RUTINA,NULO,No descargada,2026-01-14 19:35:23,2026-01-14 19:42:19,NO
1768418100,2026-01-14 19:15:00,2026-01-14 16:15:00,Lastarria,MODIS,0.0,0.0,RUTINA,NULO,No descargada,2026-01-14 18:14:26,2026-01-15 01:42:25,NO
1768418100,2026-01-14 19:15:00,2026-01-14 16:15:00,Lascar,MODIS,0.0,0.0,RUTINA,NULO,No descargada,2026-01-14 18:14:26,2026-01-15 01:00:26,NO
1768414321,2026-01-14 18:12:01,2026-01-14 15:12:01,Lascar,VIIRS,0.0,0.0,RUTINA,NULO,No descargada,2026-01-14 18:49:19,2026-01-15 05:28:25,NO
1768414321,2026-01-14 18:12:01,2026-01-14 15:12:01,Llaima,VIIRS375,0.0,0.0,RUTINA,NULO,imagenes_satelitales/Llaima/2026-01-14/18-12-01_Llaima_VIIRS375_Latest.png,2026-01-14 18:49:19,2026-01-14 19:42:19,NO
1768414321,2026-01-14 18:12:01,2026-01-14 15:12:01,Nevados de Chillan,VIIRS375,0.0,0.0,RUTINA,NULO,imagenes_satelitales/Nevados de Chillan/2026-01-14/18-12-01_Nevados de Chillan_VIIRS375_Latest.png,2026-01-14 18:49:19,2026-01-14 19:28:22,NO
1768414321,2026-01-14 18:12:01,2026-01-14 15:12:01,Isluga,VIIRS375,0.0,0.0,RUTINA,NULO,No descargada,2026-01-14 18:49:19,2026-01-15 05:42:20,NO
1768414321,2026-01-14 18:12:01,2026-01-14 15:12:01,Lastarria,VIIRS,0.0,0.0,RUTINA,NULO,No descargada,2026-01-14 18:49:19,2026-01-15 05:28:25,NO
1768414321,2026-01-14 18:12:01,2026-01-14 15:12:01,Llaima,VIIRS,0.0,0.0,RUTINA,NULO,No descargada,2026-01-14 18:49:19,2026-01-14 19:28:22,NO
1768414321,2026-01-14 18:12:01,2026-01-14 15:12:01,Peteroa,VIIRS,0.0,0.0,RUTINA,NULO,No descargada,2026-01-14 18:49:19,2026-01-14 19:28:22,NO
1768414321,2026-01-14 18:12:01,2026-01-14 15:12:01,Lascar,VIIRS375,0.0,0.0,RUTINA,NULO,No descargada,2026-01-14 18:49:19,2026-01-15 06:00:24,NO
1768414321,2026-01-14 18:12:01,2026-01-14 15:12:01,Copahue,VIIRS,0.0,0.0,RUTINA,NULO,No descargada,2026-01-14 18:49:19,2026-01-14 19:28:22,NO
1768414321,2026-01-14 18:12:01,2026-01-14 15:12:01,Peteroa,VIIRS375,0.0,0.0,RUTINA,NULO,No descargada,2026-01-14 18:49:19,2026-01-14 19:28:22,NO
1768414321,2026-01-14 18:12:01,2026-01-14 15:12:01,Lastarria,VIIRS375,0.0,0.0,RUTINA,NULO,No descargada,2026-01-14 18:49:19,2026-01-15 06:00:24,NO
1768414321,2026-01-14 18:12:01,2026-01-14 15:12:01,Isluga,VIIRS,0.0,0.0,RUTINA,NULO,No descargada,2026-01-14 18:49:19,2026-01-15 05:28:25,NO
1768414321,2026-01-14 18:12:01,2026-01-14 15:12:01,Nevados de Chillan,VIIRS,0.0,0.0,RUTINA,NULO,No descargada,2026-01-14 18:49:19,2026-01-14 19:28:22,NO
1768414321,2026-01-14 18:12:01,2026-01-14 15:12:01,Copahue,VIIRS375,0.0,0.0,RUTINA,NULO,imagenes_satelitales/Copahue/2026-01-14/18-12-01_Copahue_VIIRS375_Latest.png,2026-01-14 18:49:19,2026-01-14 19:42:19,NO
1768413961,2026-01-14 18:06:01,2026-01-14 15:06:01,Puyehue-Cordon Caulle,VIIRS,0.0,0.0,RUTINA,NULO,No descargada,2026-01-14 18:49:19,2026-01-14 19:28:22,NO
1768413961,2026-01-14 18:06:01,2026-01-14 15:06:01,Puyehue-Cordon Caulle,VIIRS375,0.0,0.0,RUTINA,NULO,No descargada,2026-01-14 18:49:19,2026-01-14 19:42:19,NO
1768413961,2026-01-14 18:06:01,2026-01-14 15:06:01,Chaiten,VIIRS,0.0,0.0,RUTINA,NULO,No descargada,2026-01-14 18:49:19,2026-01-14 19:28:22,NO
1768413961,2026-01-14 18:06:01,2026-01-14 15:06:01,Chaiten,VIIRS375,0.0,0.0,RUTINA,NULO,imagenes_satelitales/Chaiten/2026-01-14/18-06-01_Chaiten_VIIRS375_Latest.png,2026-01-14 18:49:19,2026-01-14 19:42:19,NO
1768413240,2026-01-14 17:54:00,2026-01-14 14:54:00,Lascar,VIIRS375,0.76,22.84,RUTINA,NULO,No descargada,2026-01-14 18:14:26,2026-01-14 18:42:26,NO
1768413240,2026-01-14 17:54:00,2026-01-14 14:54:00,Isluga,VIIRS,0.0,0.0,RUTINA,NULO,No descargada,2026-01-14 18:21:23,2026-01-14 18:42:26,NO
1768413240,2026-01-14 17:54:00,2026-01-14 14:54:00,Lastarria,VIIRS,0.0,0.0,RUTINA,NULO,No descargada,2026-01-14 18:21:23,2026-01-14 18:42:26,NO
1768413240,2026-01-14 17:54:00,2026-01-14 14:54:00,Lastarria,VIIRS375,0.96,10.3,RUTINA,NULO,No descargada,2026-01-14 18:14:26,2026-01-14 18:42:26,NO
1768413240,2026-01-14 17:54:00,2026-01-14 14:54:00,Isluga,VIIRS375,0.0,0.0,RUTINA,NULO,No descargada,2026-01-14 18:14:26,2026-01-14 18:42:26,NO
1768413240,2026-01-14 17:54:00,2026-01-14 14:54:00,Lascar,VIIRS,0.0,0.0,RUTINA,NULO,No descargada,2026-01-14 18:21:23,2026-01-14 18:42:26,NO
1768412880,2026-01-14 17:48:00,2026-01-14 14:48:00,Llaima,VIIRS,0.0,0.0,RUTINA,NULO,No descargada,2026-01-14 18:14:26,2026-01-14 18:42:26,NO
1768412880,2026-01-14 17:48:00,2026-01-14 14:48:00,Puyehue-Cordon Caulle,VIIRS375,0.0,0.0,RUTINA,NULO,No descargada,2026-01-14 18:14:26,2026-01-14 18:42:26,NO
1768412880,2026-01-14 17:48:00,2026-01-14 14:48:00,Copahue,VIIRS,0.0,0.0,RUTINA,NULO,No descargada,2026-01-14 18:14:26,2026-01-14 18:42:26,NO
1768412880,2026-01-14 17:48:00,2026-01-14 14:48:00,Villarrica,VIIRS,0.0,0.0,RUTINA,NULO,No descargada,2026-01-14 18:14:26,2026-01-14 19:28:22,NO
1768412880,2026-01-14 17:48:00,2026-01-14 14:48:00,Llaima,VIIRS375,0.0,0.0,RUTINA,NULO,No descargada,2026-01-14 18:14:26,2026-01-14 18:42:26,NO
1768412880,2026-01-14 17:48:00,2026-01-14 14:48:00,Villarrica,VIIRS375,0.0,0.0,RUTINA,NULO,No descargada,2026-01-14 18:14:26,2026-01-14 19:42:19,NO
1768412880,2026-01-14 17:48:00,2026-01-14 14:48:00,Chaiten,VIIRS,0.0,0.0,RUTINA,NULO,No descargada,2026-01-14 18:14:26,2026-01-14 18:42:26,NO
1768412880,2026-01-14 17:48:00,2026-01-14 14:48:00,Chaiten,VIIRS375,0.0,0.0,RUTINA,NULO,No descargada,2026-01-14 18:14:26,2026-01-14 18:42:26,NO
1768412880,2026-01-14 17:48:00,2026-01-14 14:48:00,Peteroa,VIIRS,0.0,0.0,RUTINA,NULO,No descargada,2026-01-14 18:14:26,2026-01-14 18:42:26,NO
1768412880,2026-01-14 17:48:00,2026-01-14 14:48:00,Nevados de Chillan,VIIRS,0.0,0.0,RUTINA,NULO,No descargada,2026-01-14 18:14:26,2026-01-14 18:42:26,NO
1768412880,2026-01-14 17:48:00,2026-01-14 14:48:00,Copahue,VIIRS375,0.0,0.0,RUTINA,NULO,No descargada,2026-01-14 18:14:26,2026-01-14 18:42:26,NO
1768412880,2026-01-14 17:48:00,2026-01-14 14:48:00,Puyehue-Cordon Caulle,VIIRS,0.0,0.0,RUTINA,NULO,No descargada,2026-01-14 18:14:26,2026-01-14 18:42:26,NO
1768412880,2026-01-14 17:48:00,2026-01-14 14:48:00,Peteroa,VIIRS375,0.0,0.0,RUTINA,NULO,No descargada,2026-01-14 18:14:26,2026-01-14 18:42:26,NO
1768412880,2026-01-14 17:48:00,2026-01-14 14:48:00,Nevados de Chillan,VIIRS375,0.0,0.0,RUTINA,NULO,No descargada,2026-01-14 18:14:26,2026-01-14 18:42:26,NO
1768398000,2026-01-14 13:40:00,2026-01-14 10:40:00,Peteroa,MODIS,0.0,0.0,RUTINA,NULO,No descargada,2026-01-14 18:14:26,2026-01-14 19:14:21,NO
1768398000,2026-01-14 13:40:00,2026-01-14 10:40:00,Nevados de Chillan,MODIS,0.0,0.0,RUTINA,NULO,No descargada,2026-01-14 18:14:26,2026-01-14 19:14:21,NO
1768398000,2026-01-14 13:40:00,2026-01-14 10:40:00,Llaima,MODIS,0.0,0.0,RUTINA,NULO,No descargada,2026-01-14 18:14:26,2026-01-14 19:28:22,NO
1768398000,2026-01-14 13:40:00,2026-01-14 10:40:00,Puyehue-Cordon Caulle,MODIS,0.0,0.0,RUTINA,NULO,No descargada,2026-01-14 18:14:26,2026-01-14 19:28:22,NO
1768398000,2026-01-14 13:40:00,2026-01-14 10:40:00,Villarrica,MODIS,0.0,0.0,RUTINA,NULO,No descargada,2026-01-14 18:14:26,2026-01-14 19:28:22,NO
1768398000,2026-01-14 13:40:00,2026-01-14 10:40:00,Chaiten,MODIS,0.0,0.0,RUTINA,NULO,No descargada,2026-01-14 18:14:26,2026-01-14 19:28:22,NO
1768398000,2026-01-14 13:40:00,2026-01-14 10:40:00,Copahue,MODIS,0.0,0.0,RUTINA,NULO,No descargada,2026-01-14 18:14:26,2026-01-14 19:14:21,NO
1768397700,2026-01-14 13:35:00,2026-01-14 10:35:00,Lascar,MODIS,0.0,0.0,RUTINA,NULO,No descargada,2026-01-14 18:00:31,2026-01-14 18:00:31,NO
1768397700,2026-01-14 13:35:00,2026-01-14 10:35:00,Lastarria,MODIS,0.0,0.0,RUTINA,NULO,No descargada,2026-01-14 18:00:31,2026-01-14 18:00:31,NO
1768397700,2026-01-14 13:35:00,2026-01-14 10:35:00,Isluga,MODIS,0.0,0.0,RUTINA,NULO,No descargada,2026-01-14 18:00:31,2026-01-14 18:00:31,NO
1768374900,2026-01-14 07:15:00,2026-01-14 04:15:00,Chaiten,MODIS,0.0,0.0,RUTINA,NULO,No descargada,2026-01-14 12:00:26,2026-01-14 12:00:26,NO
1768374600,2026-01-14 07:10:00,2026-01-14 04:10:00,Copahue,MODIS,0.0,0.0,RUTINA,NULO,No descargada,2026-01-14 12:00:26,2026-01-14 12:00:26,NO
1768374600,2026-01-14 07:10:00,2026-01-14 04:10:00,Villarrica,MODIS,0.0,0.0,RUTINA,NULO,No descargada,2026-01-14 12:00:26,2026-01-14 12:00:26,NO
1768374600,2026-01-14 07:10:00,2026-01-14 04:10:00,Llaima,MODIS,0.0,0.0,RUTINA,NULO,No descargada,2026-01-14 12:00:26,2026-01-14 12:00:26,NO
1768374600,2026-01-14 07:10:00,2026-01-14 04:10:00,Peteroa,MODIS,0.0,0.0,RUTINA,NULO,No descargada,2026-01-14 12:00:26,2026-01-14 12:00:26,NO
1768374600,2026-01-14 07:10:00,2026-01-14 04:10:00,Puyehue-Cordon Caulle,MODIS,0.0,0.0,RUTINA,NULO,No descargada,2026-01-14 12:00:26,2026-01-14 12:00:26,NO
1768374600,2026-01-14 07:10:00,2026-01-14 04:10:00,Lastarria,MODIS,0.0,0.0,RUTINA,NULO,No descargada,2026-01-14 12:00:26,2026-01-14 12:00:26,NO
1768374600,2026-01-14 07:10:00,2026-01-14 04:10:00,Nevados de Chillan,MODIS,0.0,0.0,RUTINA,NULO,No descargada,2026-01-14 12:00:26,2026-01-14 12:00:26,NO
1768374300,2026-01-14 07:05:00,2026-01-14 04:05:00,Lascar,MODIS,0.0,0.0,RUTINA,NULO,No descargada,2026-01-14 12:00:26,2026-01-14 12:00:26,NO
1768374300,2026-01-14 07:05:00,2026-01-14 04:05:00,Isluga,MODIS,0.0,0.0,RUTINA,NULO,No descargada,2026-01-14 12:00:26,2026-01-14 12:00:26,NO
1768370041,2026-01-14 05:54:01,2026-01-14 02:54:01,Chaiten,VIIRS375,0.0,0.0,RUTINA,NULO,No descargada,2026-01-14 18:00:31,2026-01-14 18:00:31,NO
1768370041,2026-01-14 05:54:01,2026-01-14 02:54:01,Chaiten,VIIRS,0.0,0.0,RUTINA,NULO,No descargada,2026-01-14 18:00:31,2026-01-14 18:00:31,NO
1768369681,2026-01-14 05:48:01,2026-01-14 02:48:01,Lascar,VIIRS375,1.01,19.18,RUTINA,NULO,No descargada,2026-01-14 18:00:31,2026-01-14 18:00:31,NO
1768369681,2026-01-14 05:48:01,2026-01-14 02:48:01,Lascar,VIIRS,1.21,1.68,ALERTA_TERMICA,Bajo,imagenes_satelitales/Lascar/2026-01-14/05-48-01_Lascar_VIIRS750_Latest.png,2026-01-14 18:14:26,2026-01-14 18:14:26,NO
1768369681,2026-01-14 05:48:01,2026-01-14 02:48:01,Puyehue-Cordon Caulle,VIIRS375,0.62,8.1,ALERTA_TERMICA,Bajo,imagenes_satelitales/Puyehue-Cordon Caulle/2026-01-14/05-48-01_Puyehue-Cordon Caulle_VIIRS375_Latest.png,2026-01-14 18:00:31,2026-01-14 18:00:31,NO
1768369681,2026-01-14 05:48:01,2026-01-14 02:48:01,Lastarria,VIIRS375,0.07,2.4,ALERTA_TERMICA,Bajo,imagenes_satelitales/Lastarria/2026-01-14/05-48-01_Lastarria_VIIRS375_Latest.png,2026-01-14 18:00:31,2026-01-14 18:00:31,NO
1768369681,2026-01-14 05:48:01,2026-01-14 02:48:01,Lastarria,VIIRS,0.0,0.0,RUTINA,NULO,No descargada,2026-01-14 18:14:26,2026-01-14 18:14:26,NO
1768369681,2026-01-14 05:48:01,2026-01-14 02:48:01,Peteroa,VIIRS,0.0,0.0,RUTINA,NULO,No descargada,2026-01-14 18:00:31,2026-01-14 18:00:31,NO
1768369681,2026-01-14 05:48:01,2026-01-14 02:48:01,Puyehue-Cordon Caulle,VIIRS,0.0,0.0,RUTINA,NULO,No descargada,2026-01-14 18:00:31,2026-01-14 18:00:31,NO
1768369681,2026-01-14 05:48:01,2026-01-14 02:48:01,Villarrica,VIIRS375,0.07,0.84,ALERTA_TERMICA,Bajo,imagenes_satelitales/Villarrica/2026-01-14/05-48-01_Villarrica_VIIRS375_Latest.png,2026-01-14 18:00:31,2026-01-14 18:00:31,NO
1768369681,2026-01-14 05:48:01,2026-01-14 02:48:01,Nevados de Chillan,VIIRS375,0.89,17.08,RUTINA,NULO,No descargada,2026-01-14 18:00:31,2026-01-14 18:00:31,NO
1768369681,2026-01-14 05:48:01,2026-01-14 02:48:01,Peteroa,VIIRS375,0.0,0.0,RUTINA,NULO,No descargada,2026-01-14 18:00:31,2026-01-14 18:00:31,NO
1768369681,2026-01-14 05:48:01,2026-01-14 02:48:01,Nevados de Chillan,VIIRS,0.0,0.0,RUTINA,NULO,No descargada,2026-01-14 18:00:31,2026-01-14 18:00:31,NO
1768369681,2026-01-14 05:48:01,2026-01-14 02:48:01,Copahue,VIIRS,0.0,0.0,RUTINA,NULO,No descargada,2026-01-14 18:00:31,2026-01-14 18:00:31,NO
1768369681,2026-01-14 05:48:01,2026-01-14 02:48:01,Llaima,VIIRS375,0.43,8.11,RUTINA,NULO,No descargada,2026-01-14 18:00:31,2026-01-14 18:00:31,NO
1768369681,2026-01-14 05:48:01,2026-01-14 02:48:01,Copahue,VIIRS375,0.0,0.0,RUTINA,NULO,No descargada,2026-01-14 18:00:31,2026-01-14 18:00:31,NO
1768369321,2026-01-14 05:42:01,2026-01-14 02:42:01,Isluga,VIIRS375,0.0,0.0,RUTINA,NULO,No descargada,2026-01-14 18:00:31,2026-01-14 18:00:31,NO
1768369321,2026-01-14 05:42:01,2026-01-14 02:42:01,Isluga,VIIRS,0.0,0.0,RUTINA,NULO,No descargada,2026-01-14 18:14:26,2026-01-14 18:14:26,NO
1768358400,2026-01-14 02:40:00,2026-01-13 23:40:00,Nevados de Chillan,MODIS,0.0,0.0,RUTINA,NULO,No descargada,2026-01-14 06:28:21,2026-01-14 06:28:21,NO
1768358400,2026-01-14 02:40:00,2026-01-13 23:40:00,Peteroa,MODIS,0.0,0.0,RUTINA,NULO,No descargada,2026-01-14 06:28:21,2026-01-14 06:28:21,NO
1768358100,2026-01-14 02:35:00,2026-01-13 23:35:00,Chaiten,MODIS,0.0,0.0,RUTINA,NULO,No descargada,2026-01-14 06:28:21,2026-01-14 06:28:21,NO
1768358100,2026-01-14 02:35:00,2026-01-13 23:35:00,Puyehue-Cordon Caulle,MODIS,0.0,0.0,RUTINA,NULO,No descargada,2026-01-14 06:28:21,2026-01-14 06:28:21,NO
1768358100,2026-01-14 02:35:00,2026-01-13 23:35:00,Villarrica,MODIS,0.0,0.0,RUTINA,NULO,No descargada,2026-01-14 06:28:21,2026-01-14 06:28:21,NO
1768358100,2026-01-14 02:35:00,2026-01-13 23:35:00,Llaima,MODIS,0.0,0.0,RUTINA,NULO,No descargada,2026-01-14 06:28:21,2026-01-14 06:28:21,NO
1768352700,2026-01-14 01:05:00,2026-01-13 22:05:00,Lascar,MODIS,0.0,0.0,RUTINA,NULO,No descargada,2026-01-14 06:28:21,2026-01-14 06:28:21,NO
1768352700,2026-01-14 01:05:00,2026-01-13 22:05:00,Isluga,MODIS,0.0,0.0,RUTINA,NULO,No descargada,2026-01-14 06:28:21,2026-01-14 06:28:21,NO
1768335300,2026-01-13 20:15:00,2026-01-13 17:15:00,Lastarria,MODIS,0.0,0.0,RUTINA,NULO,No descargada,2026-01-14 06:28:21,2026-01-14 06:28:21,NO
1768335300,2026-01-13 20:15:00,2026-01-13 17:15:00,Lascar,MODIS,0.0,0.0,RUTINA,NULO,No descargada,2026-01-13 21:40:26,2026-01-14 00:10:24,NO
1768335300,2026-01-13 20:15:00,2026-01-13 17:15:00,Isluga,MODIS,0.0,0.0,RUTINA,NULO,No descargada,2026-01-13 21:40:26,2026-01-14 00:10:24,NO
1768335000,2026-01-13 20:10:00,2026-01-13 17:10:00,Chaiten,MODIS,0.0,0.0,RUTINA,NULO,No descargada,2026-01-13 20:50:24,2026-01-14 01:00:33,NO
1768334761,2026-01-13 20:06:01,2026-01-13 17:06:01,Chaiten,VIIRS375,0.0,0.0,RUTINA,NULO,imagenes_satelitales/Chaiten/2026-01-13/20-06-01_Chaiten_VIIRS375_Latest.png,2026-01-14 06:28:21,2026-01-14 06:28:21,NO
1768334761,2026-01-13 20:06:01,2026-01-13 17:06:01,Chaiten,VIIRS,0.0,0.0,RUTINA,NULO,No descargada,2026-01-14 06:28:21,2026-01-14 06:28:21,NO
1768333680,2026-01-13 19:48:00,2026-01-13 16:48:00,Puyehue-Cordon Caulle,VIIRS375,0.0,0.0,RUTINA,NULO,No descargada,2026-01-14 06:28:21,2026-01-14 06:28:21,NO
1768333680,2026-01-13 19:48:00,2026-01-13 16:48:00,Nevados de Chillan,VIIRS375,0.0,0.0,RUTINA,NULO,No descargada,2026-01-14 06:28:21,2026-01-14 06:28:21,NO
1768333680,2026-01-13 19:48:00,2026-01-13 16:48:00,Llaima,VIIRS,0.0,0.0,RUTINA,NULO,No descargada,2026-01-14 06:28:21,2026-01-14 06:28:21,NO
1768333680,2026-01-13 19:48:00,2026-01-13 16:48:00,Chaiten,VIIRS375,0.0,0.0,RUTINA,NULO,imagenes_satelitales/Chaiten/2026-01-13/19-48-00_Chaiten_VIIRS375_Latest.png,2026-01-13 20:20:25,2026-01-13 20:30:24,NO
1768333680,2026-01-13 19:48:00,2026-01-13 16:48:00,Chaiten,VIIRS,0.0,0.0,RUTINA,NULO,No descargada,2026-01-13 19:50:25,2026-01-13 20:10:22,NO
1768333680,2026-01-13 19:48:00,2026-01-13 16:48:00,Nevados de Chillan,VIIRS,0.0,0.0,RUTINA,NULO,No descargada,2026-01-14 06:28:21,2026-01-14 06:28:21,NO
1768333680,2026-01-13 19:48:00,2026-01-13 16:48:00,Llaima,VIIRS375,0.0,0.0,RUTINA,NULO,imagenes_satelitales/Llaima/2026-01-13/19-48-00_Llaima_VIIRS375_Latest.png,2026-01-14 06:28:21,2026-01-14 06:28:21,NO
1768333680,2026-01-13 19:48:00,2026-01-13 16:48:00,Villarrica,VIIRS,0.0,0.0,RUTINA,NULO,No descargada,2026-01-14 06:28:21,2026-01-14 06:28:21,NO
1768333680,2026-01-13 19:48:00,2026-01-13 16:48:00,Copahue,VIIRS,0.0,0.0,RUTINA,NULO,No descargada,2026-01-14 06:28:21,2026-01-14 06:28:21,NO
1768333680,2026-01-13 19:48:00,2026-01-13 16:48:00,Puyehue-Cordon Caulle,VIIRS,0.0,0.0,RUTINA,NULO,No descargada,2026-01-14 06:28:21,2026-01-14 06:28:21,NO
1768333680,2026-01-13 19:48:00,2026-01-13 16:48:00,Copahue,VIIRS375,0.0,0.0,RUTINA,NULO,imagenes_satelitales/Copahue/2026-01-13/19-48-00_Copahue_VIIRS375_Latest.png,2026-01-14 06:28:21,2026-01-14 06:28:21,NO
1768333680,2026-01-13 19:48:00,2026-01-13 16:48:00,Villarrica,VIIRS375,0.0,0.0,RUTINA,NULO,imagenes_satelitales/Villarrica/2026-01-13/19-48-00_Villarrica_VIIRS375_Latest.png,2026-01-14 06:28:21,2026-01-14 06:28:21,NO
1768329361,2026-01-13 18:36:01,2026-01-13 15:36:01,Isluga,VIIRS375,0.0,0.0,RUTINA,NULO,imagenes_satelitales/Isluga/2026-01-13/18-36-01_Isluga_VIIRS375_Latest.png,2026-01-14 06:28:21,2026-01-14 06:28:21,NO
1768329361,2026-01-13 18:36:01,2026-01-13 15:36:01,Isluga,VIIRS,0.0,0.0,RUTINA,NULO,No descargada,2026-01-14 06:28:21,2026-01-14 06:28:21,NO
1768329001,2026-01-13 18:30:01,2026-01-13 15:30:01,Lastarria,VIIRS,0.0,0.0,RUTINA,NULO,No descargada,2026-01-14 06:28:21,2026-01-14 06:28:21,NO
1768329001,2026-01-13 18:30:01,2026-01-13 15:30:01,Villarrica,VIIRS375,0.0,0.0,RUTINA,NULO,imagenes_satelitales/Villarrica/2026-01-13/18-30-01_Villarrica_VIIRS375_Latest.png,2026-01-13 19:50:25,2026-01-13 20:10:22,NO
1768329001,2026-01-13 18:30:01,2026-01-13 15:30:01,Villarrica,VIIRS,0.0,0.0,RUTINA,NULO,No descargada,2026-01-13 18:50:23,2026-01-13 19:40:22,NO
1768329001,2026-01-13 18:30:01,2026-01-13 15:30:01,Copahue,VIIRS375,0.0,0.0,RUTINA,NULO,imagenes_satelitales/Copahue/2026-01-13/18-30-01_Copahue_VIIRS375_Latest.png,2026-01-13 19:50:25,2026-01-13 20:10:22,NO
1768329001,2026-01-13 18:30:01,2026-01-13 15:30:01,Copahue,VIIRS,0.0,0.0,RUTINA,NULO,No descargada,2026-01-13 18:50:23,2026-01-13 19:40:22,NO
1768329001,2026-01-13 18:30:01,2026-01-13 15:30:01,Peteroa,VIIRS,0.0,0.0,RUTINA,NULO,No descargada,2026-01-14 06:28:21,2026-01-14 06:28:21,NO
1768329001,2026-01-13 18:30:01,2026-01-13 15:30:01,Llaima,VIIRS375,0.0,0.0,RUTINA,NULO,imagenes_satelitales/Llaima/2026-01-13/18-30-01_Llaima_VIIRS375_Latest.png,2026-01-13 19:50:25,2026-01-13 20:10:22,NO
1768329001,2026-01-13 18:30:01,2026-01-13 15:30:01,Lascar,VIIRS,0.0,0.0,RUTINA,NULO,No descargada,2026-01-14 06:28:21,2026-01-14 06:28:21,NO
1768329001,2026-01-13 18:30:01,2026-01-13 15:30:01,Nevados de Chillan,VIIRS,0.0,0.0,RUTINA,NULO,No descargada,2026-01-13 18:50:23,2026-01-13 19:40:22,NO
1768329001,2026-01-13 18:30:01,2026-01-13 15:30:01,Peteroa,VIIRS375,0.0,0.0,RUTINA,NULO,No descargada,2026-01-14 06:28:21,2026-01-14 06:28:21,NO
1768329001,2026-01-13 18:30:01,2026-01-13 15:30:01,Llaima,VIIRS,0.0,0.0,RUTINA,NULO,No descargada,2026-01-13 18:50:23,2026-01-13 19:40:22,NO
1768329001,2026-01-13 18:30:01,2026-01-13 15:30:01,Puyehue-Cordon Caulle,VIIRS,0.0,0.0,RUTINA,NULO,No descargada,2026-01-13 19:10:21,2026-01-13 19:40:22,NO
1768329001,2026-01-13 18:30:01,2026-01-13 15:30:01,Lastarria,VIIRS375,0.0,0.0,RUTINA,NULO,imagenes_satelitales/Lastarria/2026-01-13/18-30-01_Lastarria_VIIRS375_Latest.png,2026-01-14 06:28:21,2026-01-14 06:28:21,NO
1768329001,2026-01-13 18:30:01,2026-01-13 15:30:01,Lascar,VIIRS375,0.0,0.0,RUTINA,NULO,imagenes_satelitales/Lascar/2026-01-13/18-30-01_Lascar_VIIRS375_Latest.png,2026-01-14 06:28:21,2026-01-14 06:28:21,NO
1768329001,2026-01-13 18:30:01,2026-01-13 15:30:01,Puyehue-Cordon Caulle,VIIRS375,0.0,0.0,RUTINA,NULO,No descargada,2026-01-13 19:50:25,2026-01-13 20:10:22,NO
1768329001,2026-01-13 18:30:01,2026-01-13 15:30:01,Nevados de Chillan,VIIRS375,0.0,0.0,RUTINA,NULO,No descargada,2026-01-13 19:50:25,2026-01-13 20:10:22,NO
1768327920,2026-01-13 18:12:00,2026-01-13 15:12:00,Lascar,VIIRS375,0.0,0.0,RUTINA,NULO,imagenes_satelitales/Lascar/2026-01-13/18-12-00_Lascar_VIIRS375_Latest.png,2026-01-13 18:40:24,2026-01-13 19:40:22,NO
1768327920,2026-01-13 18:12:00,2026-01-13 15:12:00,Isluga,VIIRS375,0.23,2.52,ALERTA_TERMICA,Bajo,imagenes_satelitales/Isluga/2026-01-13/18-12-00_Isluga_VIIRS375_Latest.png,2026-01-13 18:40:24,2026-01-13 19:40:22,NO
1768327920,2026-01-13 18:12:00,2026-01-13 15:12:00,Isluga,VIIRS,0.0,0.0,RUTINA,NULO,No descargada,2026-01-13 18:40:24,2026-01-13 19:40:22,NO
1768327920,2026-01-13 18:12:00,2026-01-13 15:12:00,Lastarria,VIIRS375,0.0,0.0,RUTINA,NULO,imagenes_satelitales/Lastarria/2026-01-13/18-12-00_Lastarria_VIIRS375_Latest.png,2026-01-13 18:40:24,2026-01-13 19:40:22,NO
1768327920,2026-01-13 18:12:00,2026-01-13 15:12:00,Lastarria,VIIRS,0.0,0.0,RUTINA,NULO,No descargada,2026-01-13 18:40:24,2026-01-13 18:40:24,NO
1768327920,2026-01-13 18:12:00,2026-01-13 15:12:00,Lascar,VIIRS,0.0,0.0,RUTINA,NULO,No descargada,2026-01-13 18:40:24,2026-01-13 18:40:24,NO
1768327560,2026-01-13 18:06:00,2026-01-13 15:06:00,Puyehue-Cordon Caulle,VIIRS375,0.0,0.0,RUTINA,NULO,No descargada,2026-01-13 18:40:24,2026-01-13 19:40:22,NO
1768327560,2026-01-13 18:06:00,2026-01-13 15:06:00,Chaiten,VIIRS,0.0,0.0,RUTINA,NULO,No descargada,2026-01-13 18:40:24,2026-01-13 19:40:22,NO
1768327560,2026-01-13 18:06:00,2026-01-13 15:06:00,Villarrica,VIIRS,0.0,0.0,RUTINA,NULO,No descargada,2026-01-13 18:40:24,2026-01-13 18:40:24,NO
1768327560,2026-01-13 18:06:00,2026-01-13 15:06:00,Llaima,VIIRS,0.0,0.0,RUTINA,NULO,No descargada,2026-01-13 18:40:24,2026-01-13 18:40:24,NO
1768327560,2026-01-13 18:06:00,2026-01-13 15:06:00,Villarrica,VIIRS375,0.0,0.0,RUTINA,NULO,imagenes_satelitales/Villarrica/2026-01-13/18-06-00_Villarrica_VIIRS375_Latest.png,2026-01-13 18:40:24,2026-01-13 19:40:22,NO
1768327560,2026-01-13 18:06:00,2026-01-13 15:06:00,Copahue,VIIRS,0.0,0.0,RUTINA,NULO,No descargada,2026-01-13 18:40:24,2026-01-13 18:40:24,NO
1768327560,2026-01-13 18:06:00,2026-01-13 15:06:00,Llaima,VIIRS375,0.0,0.0,RUTINA,NULO,imagenes_satelitales/Llaima/2026-01-13/18-06-00_Llaima_VIIRS375_Latest.png,2026-01-13 18:40:24,2026-01-13 19:40:22,NO
1768327560,2026-01-13 18:06:00,2026-01-13 15:06:00,Copahue,VIIRS375,0.0,0.0,RUTINA,NULO,imagenes_satelitales/Copahue/2026-01-13/18-06-00_Copahue_VIIRS375_Latest.png,2026-01-13 18:40:24,2026-01-13 19:40:22,NO
1768327560,2026-01-13 18:06:00,2026-01-13 15:06:00,Peteroa,VIIRS,0.0,0.0,RUTINA,NULO,No descargada,2026-01-13 18:40:24,2026-01-13 18:40:24,NO
1768327560,2026-01-13 18:06:00,2026-01-13 15:06:00,Puyehue-Cordon Caulle,VIIRS,0.0,0.0,RUTINA,NULO,No descargada,2026-01-13 18:40:24,2026-01-13 19:00:26,NO
1768327560,2026-01-13 18:06:00,2026-01-13 15:06:00,Chaiten,VIIRS375,0.0,0.0,RUTINA,NULO,imagenes_satelitales/Chaiten/2026-01-13/18-06-00_Chaiten_VIIRS375_Latest.png,2026-01-13 18:40:24,2026-01-13 20:10:22,NO
1768327560,2026-01-13 18:06:00,2026-01-13 15:06:00,Nevados de Chillan,VIIRS,0.0,0.0,RUTINA,NULO,No descargada,2026-01-13 18:40:24,2026-01-13 18:40:24,NO
1768327560,2026-01-13 18:06:00,2026-01-13 15:06:00,Nevados de Chillan,VIIRS375,0.0,0.0,RUTINA,NULO,No descargada,2026-01-13 18:40:24,2026-01-13 19:40:22,NO
1768327560,2026-01-13 18:06:00,2026-01-13 15:06:00,Peteroa,VIIRS375,0.0,0.0,RUTINA,NULO,No descargada,2026-01-13 18:40:24,2026-01-13 19:40:22,NO
1768309200,2026-01-13 13:00:00,2026-01-13 10:00:00,Villarrica,MODIS,0.0,0.0,RUTINA,NULO,No descargada,2026-01-13 16:40:29,2026-01-13 20:40:23,NO
1768309200,2026-01-13 13:00:00,2026-01-13 10:00:00,Puyehue-Cordon Caulle,MODIS,0.0,0.0,RUTINA,NULO,No descargada,2026-01-13 16:40:29,2026-01-13 20:40:23,NO
1768309200,2026-01-13 13:00:00,2026-01-13 10:00:00,Llaima,MODIS,0.0,0.0,RUTINA,NULO,No descargada,2026-01-13 16:40:29,2026-01-13 20:40:23,NO
1768309200,2026-01-13 13:00:00,2026-01-13 10:00:00,Peteroa,MODIS,0.0,0.0,RUTINA,NULO,No descargada,2026-01-13 16:40:29,2026-01-13 20:40:23,NO
1768309200,2026-01-13 13:00:00,2026-01-13 10:00:00,Chaiten,MODIS,0.0,0.0,RUTINA,NULO,No descargada,2026-01-13 16:40:29,2026-01-13 20:40:23,NO
1768309200,2026-01-13 13:00:00,2026-01-13 10:00:00,Copahue,MODIS,0.0,0.0,RUTINA,NULO,No descargada,2026-01-13 16:40:29,2026-01-13 20:40:23,NO
1768309200,2026-01-13 13:00:00,2026-01-13 10:00:00,Nevados de Chillan,MODIS,0.0,0.0,RUTINA,NULO,No descargada,2026-01-13 16:40:29,2026-01-13 20:40:23,NO
1768308900,2026-01-13 12:55:00,2026-01-13 09:55:00,Lascar,MODIS,0.0,0.0,RUTINA,NULO,No descargada,2026-01-13 16:40:29,2026-01-13 21:30:28,NO
1768308900,2026-01-13 12:55:00,2026-01-13 09:55:00,Lastarria,MODIS,0.0,0.0,RUTINA,NULO,No descargada,2026-01-13 16:40:29,2026-01-13 21:30:28,NO
1768308900,2026-01-13 12:55:00,2026-01-13 09:55:00,Isluga,MODIS,0.0,0.0,RUTINA,NULO,No descargada,2026-01-13 16:40:29,2026-01-13 21:30:28,NO
1768284721,2026-01-13 06:12:01,2026-01-13 03:12:01,Chaiten,VIIRS,0.0,0.0,RUTINA,NULO,No descargada,2026-01-13 08:45:27,2026-01-13 18:30:24,NO
1768284721,2026-01-13 06:12:01,2026-01-13 03:12:01,Puyehue-Cordon Caulle,VIIRS375,1.06,8.19,ALERTA_TERMICA,Bajo,No descargada,2026-01-13 08:45:27,2026-01-13 18:30:24,NO
1768284721,2026-01-13 06:12:01,2026-01-13 03:12:01,Chaiten,VIIRS375,0.0,0.0,RUTINA,NULO,imagenes_satelitales/Chaiten/2026-01-13/06-12-01_Chaiten_VIIRS375_Latest.png,2026-01-13 08:45:27,2026-01-13 18:30:24,NO
1768284721,2026-01-13 06:12:01,2026-01-13 03:12:01,Puyehue-Cordon Caulle,VIIRS,1.07,8.55,ALERTA_TERMICA,Bajo,No descargada,2026-01-13 08:45:27,2026-01-13 18:30:24,NO
1768284361,2026-01-13 06:06:01,2026-01-13 03:06:01,Nevados de Chillan,VIIRS,0.0,0.0,RUTINA,NULO,No descargada,2026-01-13 08:45:27,2026-01-13 18:30:24,NO
1768284361,2026-01-13 06:06:01,2026-01-13 03:06:01,Peteroa,VIIRS375,0.05,1.68,ALERTA_TERMICA,Bajo,No descargada,2026-01-13 08:45:27,2026-01-13 18:30:24,NO
1768284361,2026-01-13 06:06:01,2026-01-13 03:06:01,Isluga,VIIRS375,0.0,0.0,RUTINA,NULO,imagenes_satelitales/Isluga/2026-01-13/06-06-01_Isluga_VIIRS375_Latest.png,2026-01-13 08:45:27,2026-01-13 18:30:24,NO
1768284361,2026-01-13 06:06:01,2026-01-13 03:06:01,Copahue,VIIRS375,0.0,0.0,RUTINA,NULO,imagenes_satelitales/Copahue/2026-01-13/06-06-01_Copahue_VIIRS375_Latest.png,2026-01-13 08:45:27,2026-01-13 18:30:24,NO
1768284361,2026-01-13 06:06:01,2026-01-13 03:06:01,Nevados de Chillan,VIIRS375,0.51,16.77,RUTINA,FALSO POSITIVO,No descargada,2026-01-13 08:45:27,2026-01-13 18:30:24,NO
1768284361,2026-01-13 06:06:01,2026-01-13 03:06:01,Lastarria,VIIRS375,0.13,2.4,ALERTA_TERMICA,Bajo,imagenes_satelitales/Lastarria/2026-01-13/06-06-01_Lastarria_VIIRS375_Latest.png,2026-01-13 08:45:27,2026-01-13 18:30:24,NO
1768284361,2026-01-13 06:06:01,2026-01-13 03:06:01,Lascar,VIIRS,0.32,1.5,ALERTA_TERMICA,Bajo,imagenes_satelitales/Lascar/2026-01-13/06-06-01_Lascar_VIIRS750_Latest.png,2026-01-13 08:45:27,2026-01-13 18:30:24,NO
1768284361,2026-01-13 06:06:01,2026-01-13 03:06:01,Isluga,VIIRS,0.0,0.0,RUTINA,NULO,No descargada,2026-01-13 08:45:27,2026-01-13 18:30:24,NO
1768284361,2026-01-13 06:06:01,2026-01-13 03:06:01,Peteroa,VIIRS,0.0,0.0,RUTINA,NULO,No descargada,2026-01-13 08:45:27,2026-01-13 18:30:24,NO
1768284361,2026-01-13 06:06:01,2026-01-13 03:06:01,Lastarria,VIIRS,0.0,0.0,RUTINA,NULO,No descargada,2026-01-13 08:45:27,2026-01-13 18:30:24,NO
1768284361,2026-01-13 06:06:01,2026-01-13 03:06:01,Lascar,VIIRS375,0.52,1.55,ALERTA_TERMICA,Bajo,imagenes_satelitales/Lascar/2026-01-13/06-06-01_Lascar_VIIRS375_Latest.png,2026-01-13 08:45:27,2026-01-13 18:30:24,NO
1768283280,2026-01-13 05:48:00,2026-01-13 02:48:00,Villarrica,VIIRS,0.0,0.0,RUTINA,NULO,No descargada,2026-01-13 08:45:27,2026-01-13 18:30:24,NO
1768283280,2026-01-13 05:48:00,2026-01-13 02:48:00,Llaima,VIIRS375,0.0,0.0,RUTINA,NULO,imagenes_satelitales/Llaima/2026-01-13/05-48-00_Llaima_VIIRS375_Latest.png,2026-01-13 09:45:29,2026-01-13 18:30:24,NO
1768283280,2026-01-13 05:48:00,2026-01-13 02:48:00,Llaima,VIIRS,0.0,0.0,RUTINA,NULO,No descargada,2026-01-13 08:45:27,2026-01-13 18:30:24,NO
1768283280,2026-01-13 05:48:00,2026-01-13 02:48:00,Villarrica,VIIRS375,0.05,0.84,ALERTA_TERMICA,Bajo,imagenes_satelitales/Villarrica/2026-01-13/05-48-00_Villarrica_VIIRS375_Latest.png,2026-01-13 09:45:29,2026-01-13 18:30:24,NO
1768278601,2026-01-13 04:30:01,2026-01-13 01:30:01,Villarrica,VIIRS375,0.0,0.0,RUTINA,NULO,imagenes_satelitales/Villarrica/2026-01-13/04-30-01_Villarrica_VIIRS375_Latest.png,2026-01-13 06:30:27,2026-01-13 09:30:32,NO
1768278601,2026-01-13 04:30:01,2026-01-13 01:30:01,Nevados de Chillan,VIIRS,0.0,0.0,RUTINA,NULO,No descargada,2026-01-13 06:30:27,2026-01-13 08:30:34,NO
1768278601,2026-01-13 04:30:01,2026-01-13 01:30:01,Chaiten,VIIRS375,0.0,0.0,RUTINA,NULO,imagenes_satelitales/Chaiten/2026-01-13/04-30-01_Chaiten_VIIRS375_Latest.png,2026-01-13 06:30:27,2026-01-13 08:30:34,NO
1768278601,2026-01-13 04:30:01,2026-01-13 01:30:01,Copahue,VIIRS,0.0,0.0,RUTINA,NULO,No descargada,2026-01-13 06:30:27,2026-01-13 08:30:34,NO
1768278601,2026-01-13 04:30:01,2026-01-13 01:30:01,Llaima,VIIRS,0.0,0.0,RUTINA,NULO,No descargada,2026-01-13 06:30:27,2026-01-13 08:30:34,NO
1768278601,2026-01-13 04:30:01,2026-01-13 01:30:01,Chaiten,VIIRS,0.0,0.0,RUTINA,NULO,No descargada,2026-01-13 06:30:27,2026-01-13 08:30:34,NO
1768278601,2026-01-13 04:30:01,2026-01-13 01:30:01,Puyehue-Cordon Caulle,VIIRS,0.0,0.0,RUTINA,NULO,No descargada,2026-01-13 06:30:27,2026-01-13 08:30:34,NO
1768278601,2026-01-13 04:30:01,2026-01-13 01:30:01,Puyehue-Cordon Caulle,VIIRS375,0.0,0.0,RUTINA,NULO,No descargada,2026-01-13 06:30:27,2026-01-13 08:30:34,NO
1768278601,2026-01-13 04:30:01,2026-01-13 01:30:01,Llaima,VIIRS375,0.0,0.0,RUTINA,NULO,imagenes_satelitales/Llaima/2026-01-13/04-30-01_Llaima_VIIRS375_Latest.png,2026-01-13 06:30:27,2026-01-13 09:30:32,NO
1768278601,2026-01-13 04:30:01,2026-01-13 01:30:01,Nevados de Chillan,VIIRS375,0.0,0.0,RUTINA,NULO,No descargada,2026-01-13 06:30:27,2026-01-13 08:30:34,NO
1768278601,2026-01-13 04:30:01,2026-01-13 01:30:01,Villarrica,VIIRS,0.0,0.0,RUTINA,NULO,No descargada,2026-01-13 06:30:27,2026-01-13 08:30:34,NO
1768278601,2026-01-13 04:30:01,2026-01-13 01:30:01,Copahue,VIIRS375,0.0,0.0,RUTINA,NULO,imagenes_satelitales/Copahue/2026-01-13/04-30-01_Copahue_VIIRS375_Latest.png,2026-01-13 06:30:27,2026-01-13 08:30:34,NO
1768269900,2026-01-13 02:05:00,2026-01-12 23:05:00,Isluga,MODIS,0.0,0.0,RUTINA,NULO,No descargada,2026-01-13 02:00:28,2026-01-13 16:30:30,NO
1768269600,2026-01-13 02:00:00,2026-01-12 23:00:00,Lascar,MODIS,0.63,1.0,ALERTA_TERMICA,Bajo,imagenes_satelitales/Lascar/2026-01-13/02-00-00_Lascar_MODIS_Latest.png,2026-01-13 01:00:31,2026-01-13 16:30:30,NO
1768269600,2026-01-13 02:00:00,2026-01-12 23:00:00,Peteroa,MODIS,0.0,0.0,RUTINA,NULO,No descargada,2026-01-13 01:00:31,2026-01-13 16:30:30,NO
1768269600,2026-01-13 02:00:00,2026-01-12 23:00:00,Lastarria,MODIS,0.0,0.0,RUTINA,NULO,No descargada,2026-01-13 01:00:31,2026-01-13 16:30:30,NO
1768269600,2026-01-13 02:00:00,2026-01-12 23:00:00,Copahue,MODIS,0.0,0.0,RUTINA,NULO,No descargada,2026-01-13 01:00:31,2026-01-13 16:30:30,NO
1768269600,2026-01-13 02:00:00,2026-01-12 23:00:00,Puyehue-Cordon Caulle,MODIS,0.0,0.0,RUTINA,NULO,No descargada,2026-01-13 01:00:31,2026-01-13 16:30:30,NO
1768269600,2026-01-13 02:00:00,2026-01-12 23:00:00,Nevados de Chillan,MODIS,3.24,17.26,RUTINA,FALSO POSITIVO,No descargada,2026-01-13 01:00:31,2026-01-13 16:30:30,NO
1768269600,2026-01-13 02:00:00,2026-01-12 23:00:00,Llaima,MODIS,0.0,0.0,RUTINA,NULO,No descargada,2026-01-13 01:00:31,2026-01-13 16:30:30,NO
1768269600,2026-01-13 02:00:00,2026-01-12 23:00:00,Villarrica,MODIS,0.0,0.0,RUTINA,NULO,No descargada,2026-01-13 01:00:31,2026-01-13 16:30:30,NO
1768269300,2026-01-13 01:55:00,2026-01-12 22:55:00,Chaiten,MODIS,0.0,0.0,RUTINA,NULO,No descargada,2026-01-13 00:45:26,2026-01-13 16:30:30,NO
1768252200,2026-01-12 21:10:00,2026-01-12 18:10:00,Puyehue-Cordon Caulle,MODIS,0.0,0.0,RUTINA,NULO,No descargada,2026-01-12 20:16:08,2026-01-13 00:45:26,NO
1768252200,2026-01-12 21:10:00,2026-01-12 18:10:00,Nevados de Chillan,MODIS,0.0,0.0,RUTINA,NULO,No descargada,2026-01-12 20:16:08,2026-01-13 00:45:26,NO
1768252200,2026-01-12 21:10:00,2026-01-12 18:10:00,Chaiten,MODIS,0.0,0.0,RUTINA,NULO,No descargada,2026-01-12 20:16:08,2026-01-13 00:30:26,NO
1768248360,2026-01-12 20:06:00,2026-01-12 17:06:00,Chaiten,VIIRS,0.0,0.0,RUTINA,NULO,No descargada,2026-01-12 20:45:26,2026-01-13 06:15:25,NO
1768248360,2026-01-12 20:06:00,2026-01-12 17:06:00,Chaiten,VIIRS375,0.0,0.0,RUTINA,NULO,imagenes_satelitales/Chaiten/2026-01-12/20-06-00_Chaiten_VIIRS375_Latest.png,2026-01-12 21:45:27,2026-01-13 06:15:25,NO
1768248360,2026-01-12 20:06:00,2026-01-12 17:06:00,Puyehue-Cordon Caulle,VIIRS375,0.0,0.0,RUTINA,NULO,No descargada,2026-01-12 21:45:27,2026-01-13 06:15:25,NO
1768248360,2026-01-12 20:06:00,2026-01-12 17:06:00,Puyehue-Cordon Caulle,VIIRS,0.0,0.0,RUTINA,NULO,No descargada,2026-01-12 20:45:26,2026-01-13 06:15:25,NO
1768246500,2026-01-12 19:35:00,2026-01-12 16:35:00,Lastarria,MODIS,0.0,0.0,RUTINA,NULO,No descargada,2026-01-12 18:45:26,2026-01-13 00:45:26,NO
1768246500,2026-01-12 19:35:00,2026-01-12 16:35:00,Isluga,MODIS,0.0,0.0,RUTINA,NULO,No descargada,2026-01-12 18:45:26,2026-01-13 01:45:25,NO
1768246200,2026-01-12 19:30:00,2026-01-12 16:30:00,Peteroa,MODIS,0.0,0.0,RUTINA,NULO,No descargada,2026-01-12 18:45:26,2026-01-13 00:45:26,NO
1768246200,2026-01-12 19:30:00,2026-01-12 16:30:00,Nevados de Chillan,MODIS,0.0,0.0,RUTINA,NULO,No descargada,2026-01-12 18:45:26,2026-01-12 20:00:29,NO
1768246200,2026-01-12 19:30:00,2026-01-12 16:30:00,Villarrica,MODIS,0.0,0.0,RUTINA,NULO,No descargada,2026-01-12 18:45:26,2026-01-12 20:00:29,NO
1768246200,2026-01-12 19:30:00,2026-01-12 16:30:00,Chaiten,MODIS,0.0,0.0,RUTINA,NULO,No descargada,2026-01-12 18:45:26,2026-01-12 20:00:29,NO
1768246200,2026-01-12 19:30:00,2026-01-12 16:30:00,Puyehue-Cordon Caulle,MODIS,0.0,0.0,RUTINA,NULO,No descargada,2026-01-12 18:45:26,2026-01-12 20:00:29,NO
1768246200,2026-01-12 19:30:00,2026-01-12 16:30:00,Llaima,MODIS,0.0,0.0,RUTINA,NULO,No descargada,2026-01-12 18:45:26,2026-01-12 20:00:29,NO
1768246200,2026-01-12 19:30:00,2026-01-12 16:30:00,Copahue,MODIS,0.0,0.0,RUTINA,NULO,No descargada,2026-01-12 18:45:26,2026-01-12 20:00:29,NO
1768244041,2026-01-12 18:54:01,2026-01-12 15:54:01,Isluga,VIIRS,0.0,0.0,RUTINA,NULO,No descargada,2026-01-12 20:16:08,2026-01-13 08:30:34,NO
1768244041,2026-01-12 18:54:01,2026-01-12 15:54:01,Isluga,VIIRS375,0.0,0.0,RUTINA,NULO,imagenes_satelitales/Isluga/2026-01-12/18-54-01_Isluga_VIIRS375_Latest.png,2026-01-12 20:45:26,2026-01-13 08:30:34,NO
1768243681,2026-01-12 18:48:01,2026-01-12 15:48:01,Lascar,VIIRS,0.0,0.0,RUTINA,NULO,No descargada,2026-01-12 20:16:08,2026-01-13 08:30:34,NO
1768243681,2026-01-12 18:48:01,2026-01-12 15:48:01,Lastarria,VIIRS375,0.0,0.0,RUTINA,NULO,imagenes_satelitales/Lastarria/2026-01-12/18-48-01_Lastarria_VIIRS375_Latest.png,2026-01-12 20:45:26,2026-01-13 08:30:34,NO
1768243681,2026-01-12 18:48:01,2026-01-12 15:48:01,Peteroa,VIIRS375,0.0,0.0,RUTINA,NULO,No descargada,2026-01-12 20:45:26,2026-01-13 08:30:34,NO
1768243681,2026-01-12 18:48:01,2026-01-12 15:48:01,Nevados de Chillan,VIIRS375,6.93,17.14,RUTINA,FALSO POSITIVO,No descargada,2026-01-12 20:45:26,2026-01-13 06:15:25,NO
1768243681,2026-01-12 18:48:01,2026-01-12 15:48:01,Chaiten,VIIRS375,0.0,0.0,RUTINA,NULO,imagenes_satelitales/Chaiten/2026-01-12/18-48-01_Chaiten_VIIRS375_Latest.png,2026-01-12 20:45:26,2026-01-12 21:30:29,NO
1768243681,2026-01-12 18:48:01,2026-01-12 15:48:01,Chaiten,VIIRS,0.0,0.0,RUTINA,NULO,No descargada,2026-01-12 20:16:08,2026-01-12 20:30:27,NO
1768243681,2026-01-12 18:48:01,2026-01-12 15:48:01,Lascar,VIIRS375,0.0,0.0,RUTINA,NULO,imagenes_satelitales/Lascar/2026-01-12/18-48-01_Lascar_VIIRS375_Latest.png,2026-01-12 20:45:26,2026-01-13 08:30:34,NO
1768243681,2026-01-12 18:48:01,2026-01-12 15:48:01,Copahue,VIIRS,0.0,0.0,RUTINA,NULO,No descargada,2026-01-12 20:16:08,2026-01-13 06:15:25,NO
1768243681,2026-01-12 18:48:01,2026-01-12 15:48:01,Peteroa,VIIRS,0.0,0.0,RUTINA,NULO,No descargada,2026-01-12 20:16:08,2026-01-13 08:30:34,NO
1768243681,2026-01-12 18:48:01,2026-01-12 15:48:01,Puyehue-Cordon Caulle,VIIRS375,0.0,0.0,RUTINA,NULO,No descargada,2026-01-12 20:45:26,2026-01-12 21:30:29,NO
1768243681,2026-01-12 18:48:01,2026-01-12 15:48:01,Villarrica,VIIRS,0.0,0.0,RUTINA,NULO,No descargada,2026-01-12 20:16:08,2026-01-13 06:15:25,NO
1768243681,2026-01-12 18:48:01,2026-01-12 15:48:01,Copahue,VIIRS375,0.0,0.0,RUTINA,NULO,imagenes_satelitales/Copahue/2026-01-12/18-48-01_Copahue_VIIRS375_Latest.png,2026-01-12 20:45:26,2026-01-13 06:15:25,NO
1768243681,2026-01-12 18:48:01,2026-01-12 15:48:01,Villarrica,VIIRS375,0.0,0.0,RUTINA,NULO,imagenes_satelitales/Villarrica/2026-01-12/18-48-01_Villarrica_VIIRS375_Latest.png,2026-01-12 20:45:26,2026-01-13 06:15:25,NO
1768243681,2026-01-12 18:48:01,2026-01-12 15:48:01,Llaima,VIIRS375,0.0,0.0,RUTINA,NULO,imagenes_satelitales/Llaima/2026-01-12/18-48-01_Llaima_VIIRS375_Latest.png,2026-01-12 20:45:26,2026-01-13 06:15:25,NO
1768243681,2026-01-12 18:48:01,2026-01-12 15:48:01,Nevados de Chillan,VIIRS,6.58,16.77,RUTINA,FALSO POSITIVO,No descargada,2026-01-12 20:16:08,2026-01-13 06:15:25,NO
1768243681,2026-01-12 18:48:01,2026-01-12 15:48:01,Llaima,VIIRS,0.0,0.0,RUTINA,NULO,No descargada,2026-01-12 20:16:08,2026-01-13 06:15:25,NO
1768243681,2026-01-12 18:48:01,2026-01-12 15:48:01,Lastarria,VIIRS,0.0,0.0,RUTINA,NULO,No descargada,2026-01-12 20:16:08,2026-01-13 08:30:34,NO
1768243681,2026-01-12 18:48:01,2026-01-12 15:48:01,Puyehue-Cordon Caulle,VIIRS,0.0,0.0,RUTINA,NULO,No descargada,2026-01-12 20:16:08,2026-01-12 20:30:27,NO
1768242600,2026-01-12 18:30:00,2026-01-12 15:30:00,Lastarria,VIIRS375,0.0,0.0,RUTINA,NULO,imagenes_satelitales/Lastarria/2026-01-12/18-30-00_Lastarria_VIIRS375_Latest.png,2026-01-12 20:16:08,2026-01-12 20:30:27,NO
1768242600,2026-01-12 18:30:00,2026-01-12 15:30:00,Lastarria,VIIRS,0.0,0.0,RUTINA,NULO,No descargada,2026-01-12 19:15:26,2026-01-12 20:00:29,NO
1768242600,2026-01-12 18:30:00,2026-01-12 15:30:00,Isluga,VIIRS,0.0,0.0,RUTINA,NULO,No descargada,2026-01-12 19:15:26,2026-01-12 20:00:29,NO
1768242600,2026-01-12 18:30:00,2026-01-12 15:30:00,Lascar,VIIRS375,0.0,0.0,RUTINA,NULO,imagenes_satelitales/Lascar/2026-01-12/18-30-00_Lascar_VIIRS375_Latest.png,2026-01-12 20:16:08,2026-01-12 20:30:27,NO
1768242600,2026-01-12 18:30:00,2026-01-12 15:30:00,Isluga,VIIRS375,0.0,0.0,RUTINA,NULO,imagenes_satelitales/Isluga/2026-01-12/18-30-00_Isluga_VIIRS375_Latest.png,2026-01-12 20:16:08,2026-01-12 20:30:27,NO
1768242600,2026-01-12 18:30:00,2026-01-12 15:30:00,Lascar,VIIRS,0.0,0.0,RUTINA,NULO,No descargada,2026-01-12 19:15:26,2026-01-12 20:00:29,NO
1768242240,2026-01-12 18:24:00,2026-01-12 15:24:00,Villarrica,VIIRS375,0.0,0.0,RUTINA,NULO,imagenes_satelitales/Villarrica/2026-01-12/18-24-00_Villarrica_VIIRS375_Latest.png,2026-01-12 19:30:26,2026-01-12 20:30:27,NO
1768242240,2026-01-12 18:24:00,2026-01-12 15:24:00,Llaima,VIIRS375,0.0,0.0,RUTINA,NULO,imagenes_satelitales/Llaima/2026-01-12/18-24-00_Llaima_VIIRS375_Latest.png,2026-01-12 19:30:26,2026-01-12 20:30:27,NO
1768242240,2026-01-12 18:24:00,2026-01-12 15:24:00,Villarrica,VIIRS,0.0,0.0,RUTINA,NULO,No descargada,2026-01-12 19:15:26,2026-01-12 20:00:29,NO
1768242240,2026-01-12 18:24:00,2026-01-12 15:24:00,Copahue,VIIRS,0.0,0.0,RUTINA,NULO,No descargada,2026-01-12 19:15:26,2026-01-12 20:00:29,NO
1768242240,2026-01-12 18:24:00,2026-01-12 15:24:00,Llaima,VIIRS,0.0,0.0,RUTINA,NULO,No descargada,2026-01-12 19:15:26,2026-01-12 20:00:29,NO
1768242240,2026-01-12 18:24:00,2026-01-12 15:24:00,Nevados de Chillan,VIIRS375,3.34,16.77,RUTINA,FALSO POSITIVO,No descargada,2026-01-12 19:15:26,2026-01-12 20:30:27,NO
1768242240,2026-01-12 18:24:00,2026-01-12 15:24:00,Puyehue-Cordon Caulle,VIIRS,0.0,0.0,RUTINA,NULO,No descargada,2026-01-12 19:15:26,2026-01-12 20:00:29,NO
1768242240,2026-01-12 18:24:00,2026-01-12 15:24:00,Chaiten,VIIRS375,0.0,0.0,RUTINA,NULO,imagenes_satelitales/Chaiten/2026-01-12/18-24-00_Chaiten_VIIRS375_Latest.png,2026-01-12 20:16:08,2026-01-12 20:30:27,NO
1768242240,2026-01-12 18:24:00,2026-01-12 15:24:00,Puyehue-Cordon Caulle,VIIRS375,0.0,0.0,RUTINA,NULO,No descargada,2026-01-12 19:30:26,2026-01-12 20:30:27,NO
1768242240,2026-01-12 18:24:00,2026-01-12 15:24:00,Nevados de Chillan,VIIRS,18.66,16.77,RUTINA,FALSO POSITIVO,No descargada,2026-01-12 19:15:26,2026-01-12 20:00:29,NO
1768242240,2026-01-12 18:24:00,2026-01-12 15:24:00,Copahue,VIIRS375,0.0,0.0,RUTINA,NULO,imagenes_satelitales/Copahue/2026-01-12/18-24-00_Copahue_VIIRS375_Latest.png,2026-01-12 19:30:26,2026-01-12 20:30:27,NO
1768242240,2026-01-12 18:24:00,2026-01-12 15:24:00,Chaiten,VIIRS,0.0,0.0,RUTINA,NULO,No descargada,2026-01-12 19:15:26,2026-01-12 20:00:29,NO
1768237921,2026-01-12 17:12:01,2026-01-12 14:12:01,Lascar,VIIRS375,0.0,0.0,RUTINA,NULO,imagenes_satelitales/Lascar/2026-01-12/17-12-01_Lascar_VIIRS375_Latest.png,2026-01-12 17:30:26,2026-01-12 20:00:29,NO
1768237921,2026-01-12 17:12:01,2026-01-12 14:12:01,Lascar,VIIRS,0.0,0.0,RUTINA,NULO,No descargada,2026-01-12 17:00:29,2026-01-12 19:00:30,NO
1768226400,2026-01-12 14:00:00,2026-01-12 11:00:00,Copahue,MODIS,0.0,0.0,RUTINA,NULO,No descargada,2026-01-12 14:46:12,2026-01-12 18:30:29,NO
1768226400,2026-01-12 14:00:00,2026-01-12 11:00:00,Villarrica,MODIS,0.0,0.0,RUTINA,NULO,No descargada,2026-01-12 14:46:12,2026-01-12 18:30:29,NO
1768226400,2026-01-12 14:00:00,2026-01-12 11:00:00,Nevados de Chillan,MODIS,0.0,0.0,RUTINA,NULO,No descargada,2026-01-12 14:46:12,2026-01-12 18:30:29,NO
1768226400,2026-01-12 14:00:00,2026-01-12 11:00:00,Llaima,MODIS,0.0,0.0,RUTINA,NULO,No descargada,2026-01-12 14:46:12,2026-01-12 18:30:29,NO
1768226400,2026-01-12 14:00:00,2026-01-12 11:00:00,Chaiten,MODIS,0.0,0.0,RUTINA,NULO,No descargada,2026-01-12 14:46:12,2026-01-12 18:30:29,NO
1768226400,2026-01-12 14:00:00,2026-01-12 11:00:00,Peteroa,MODIS,0.0,0.0,RUTINA,NULO,No descargada,2026-01-12 14:46:12,2026-01-12 18:30:29,NO
1768226400,2026-01-12 14:00:00,2026-01-12 11:00:00,Puyehue-Cordon Caulle,MODIS,0.0,0.0,RUTINA,NULO,No descargada,2026-01-12 14:46:12,2026-01-12 18:30:29,NO
1768226100,2026-01-12 13:55:00,2026-01-12 10:55:00,Lastarria,MODIS,0.0,0.0,RUTINA,NULO,No descargada,2026-01-12 14:46:12,2026-01-12 18:30:29,NO
1768226100,2026-01-12 13:55:00,2026-01-12 10:55:00,Lascar,MODIS,0.0,0.0,RUTINA,NULO,No descargada,2026-01-12 14:46:12,2026-01-12 18:30:29,NO
1768226100,2026-01-12 13:55:00,2026-01-12 10:55:00,Isluga,MODIS,0.0,0.0,RUTINA,NULO,No descargada,2026-01-12 14:46:12,2026-01-12 18:30:29,NO
1768220700,2026-01-12 12:25:00,2026-01-12 09:25:00,Chaiten,MODIS,0.0,0.0,RUTINA,NULO,No descargada,,2026-01-12 11:47:10,NO
1768203300,2026-01-12 07:35:00,2026-01-12 04:35:00,Puyehue-Cordon Caulle,MODIS,0.0,0.0,RUTINA,NULO,No descargada,,2026-01-12 11:47:10,NO
1768203300,2026-01-12 07:35:00,2026-01-12 04:35:00,Llaima,MODIS,0.0,0.0,RUTINA,NULO,No descargada,,2026-01-12 11:47:10,NO
1768203300,2026-01-12 07:35:00,2026-01-12 04:35:00,Villarrica,MODIS,0.0,0.0,RUTINA,NULO,No descargada,,2026-01-12 11:47:10,NO
1768203300,2026-01-12 07:35:00,2026-01-12 04:35:00,Chaiten,MODIS,0.0,0.0,RUTINA,NULO,No descargada,,2026-01-12 10:43:34,NO
1768203300,2026-01-12 07:35:00,2026-01-12 04:35:00,Copahue,MODIS,0.0,0.0,RUTINA,NULO,No descargada,,2026-01-12 11:47:10,NO
1768203000,2026-01-12 07:30:00,2026-01-12 04:30:00,Peteroa,MODIS,0.0,0.0,RUTINA,NULO,No descargada,,2026-01-12 11:47:10,NO
1768203000,2026-01-12 07:30:00,2026-01-12 04:30:00,Lastarria,MODIS,0.0,0.0,RUTINA,NULO,No descargada,,2026-01-12 11:47:10,NO
1768199401,2026-01-12 06:30:01,2026-01-12 03:30:01,Copahue,VIIRS375,0.0,0.0,RUTINA,NULO,imagenes_satelitales/Copahue/2026-01-12/06-30-01_Copahue_VIIRS375_Latest.png,2026-01-12 14:46:12,2026-01-12 19:15:26,NO
1768199401,2026-01-12 06:30:01,2026-01-12 03:30:01,Villarrica,VIIRS,0.0,0.0,RUTINA,NULO,No descargada,2026-01-12 14:46:12,2026-01-12 19:00:30,NO
1768199401,2026-01-12 06:30:01,2026-01-12 03:30:01,Puyehue-Cordon Caulle,VIIRS375,0.28,8.1,ALERTA_TERMICA,Bajo,No descargada,2026-01-12 14:46:12,2026-01-12 19:15:26,NO
1768199401,2026-01-12 06:30:01,2026-01-12 03:30:01,Copahue,VIIRS,0.0,0.0,RUTINA,NULO,No descargada,2026-01-12 14:46:12,2026-01-12 19:00:30,NO
1768199401,2026-01-12 06:30:01,2026-01-12 03:30:01,Chaiten,VIIRS,0.0,0.0,RUTINA,NULO,No descargada,2026-01-12 14:46:12,2026-01-12 19:00:30,NO
1768199401,2026-01-12 06:30:01,2026-01-12 03:30:01,Nevados de Chillan,VIIRS,0.0,0.0,RUTINA,NULO,No descargada,2026-01-12 14:46:12,2026-01-12 19:00:30,NO
1768199401,2026-01-12 06:30:01,2026-01-12 03:30:01,Llaima,VIIRS375,0.0,0.0,RUTINA,NULO,imagenes_satelitales/Llaima/2026-01-12/06-30-01_Llaima_VIIRS375_Latest.png,2026-01-12 14:46:12,2026-01-12 19:15:26,NO
1768199401,2026-01-12 06:30:01,2026-01-12 03:30:01,Chaiten,VIIRS375,0.0,0.0,RUTINA,NULO,imagenes_satelitales/Chaiten/2026-01-12/06-30-01_Chaiten_VIIRS375_Latest.png,2026-01-12 14:46:12,2026-01-12 20:00:29,NO
1768199401,2026-01-12 06:30:01,2026-01-12 03:30:01,Puyehue-Cordon Caulle,VIIRS,0.0,0.0,RUTINA,NULO,No descargada,2026-01-12 14:46:12,2026-01-12 19:00:30,NO
1768199401,2026-01-12 06:30:01,2026-01-12 03:30:01,Villarrica,VIIRS375,0.0,0.0,RUTINA,NULO,imagenes_satelitales/Villarrica/2026-01-12/06-30-01_Villarrica_VIIRS375_Latest.png,2026-01-12 14:46:12,2026-01-12 19:15:26,NO
1768199401,2026-01-12 06:30:01,2026-01-12 03:30:01,Llaima,VIIRS,0.0,0.0,RUTINA,NULO,No descargada,2026-01-12 14:46:12,2026-01-12 19:00:30,NO
1768199401,2026-01-12 06:30:01,2026-01-12 03:30:01,Nevados de Chillan,VIIRS375,0.81,17.08,RUTINA,FALSO POSITIVO,No descargada,2026-01-12 14:46:12,2026-01-12 19:00:30,NO
1768199041,2026-01-12 06:24:01,2026-01-12 03:24:01,Isluga,VIIRS375,0.0,0.0,RUTINA,NULO,imagenes_satelitales/Isluga/2026-01-12/06-24-01_Isluga_VIIRS375_Latest.png,2026-01-12 14:46:12,2026-01-12 20:00:29,NO
1768199041,2026-01-12 06:24:01,2026-01-12 03:24:01,Lascar,VIIRS375,0.62,5.0,ALERTA_TERMICA,Bajo,imagenes_satelitales/Lascar/2026-01-12/06-24-01_Lascar_VIIRS375_Latest.png,2026-01-12 14:46:12,2026-01-12 17:15:28,NO
1768199041,2026-01-12 06:24:01,2026-01-12 03:24:01,Isluga,VIIRS,0.0,0.0,RUTINA,NULO,No descargada,2026-01-12 14:46:12,2026-01-12 19:00:30,NO
1768199041,2026-01-12 06:24:01,2026-01-12 03:24:01,Peteroa,VIIRS375,0.0,0.0,RUTINA,NULO,No descargada,2026-01-12 14:46:12,2026-01-12 20:00:29,NO
1768199041,2026-01-12 06:24:01,2026-01-12 03:24:01,Peteroa,VIIRS,0.0,0.0,RUTINA,NULO,No descargada,2026-01-12 14:46:12,2026-01-12 20:00:29,NO
1768199041,2026-01-12 06:24:01,2026-01-12 03:24:01,Lastarria,VIIRS375,0.87,5.03,RUTINA,FALSO POSITIVO,imagenes_satelitales/Lastarria/2026-01-12/06-24-01_Lastarria_VIIRS375_Latest.png,2026-01-12 14:46:12,2026-01-12 20:00:29,NO
1768199041,2026-01-12 06:24:01,2026-01-12 03:24:01,Lascar,VIIRS,0.0,0.0,RUTINA,NULO,No descargada,2026-01-12 14:46:12,2026-01-12 16:45:23,NO
1768199041,2026-01-12 06:24:01,2026-01-12 03:24:01,Lastarria,VIIRS,0.0,0.0,RUTINA,NULO,No descargada,2026-01-12 14:46:12,2026-01-12 19:00:30,NO
1768193281,2026-01-12 04:48:01,2026-01-12 01:48:01,Villarrica,VIIRS,0.0,0.0,RUTINA,NULO,No descargada,2026-01-12 05:35:34,2026-01-12 06:03:55,NO
1768193281,2026-01-12 04:48:01,2026-01-12 01:48:01,Llaima,VIIRS375,0.0,0.0,RUTINA,NULO,imagenes_satelitales/Llaima/2026-01-12/04-48-01_Llaima_VIIRS375_Latest.png,2026-01-12 05:35:34,2026-01-12 06:47:23,NO
1768193281,2026-01-12 04:48:01,2026-01-12 01:48:01,Peteroa,VIIRS375,0.0,0.0,RUTINA,NULO,imagenes_satelitales/Peteroa/2026-01-12/04-48-01_Peteroa_VIIRS375_Latest.png,2026-01-12 05:35:34,2026-01-12 06:47:23,NO
1768193281,2026-01-12 04:48:01,2026-01-12 01:48:01,Villarrica,VIIRS375,0.0,0.0,RUTINA,NULO,imagenes_satelitales/Villarrica/2026-01-12/04-48-01_Villarrica_VIIRS375_Latest.png,2026-01-12 05:35:34,2026-01-12 06:47:23,NO
1768193281,2026-01-12 04:48:01,2026-01-12 01:48:01,Copahue,VIIRS,0.0,0.0,RUTINA,NULO,No descargada,2026-01-12 05:35:34,2026-01-12 06:03:55,NO
1768193281,2026-01-12 04:48:01,2026-01-12 01:48:01,Nevados de Chillan,VIIRS375,3.3,16.77,RUTINA,FALSO POSITIVO,imagenes_satelitales/Nevados de Chillan/2026-01-12/04-48-01_Nevados de Chillan_VIIRS375_Latest.png,2026-01-12 05:35:34,2026-01-12 06:47:23,NO
1768193281,2026-01-12 04:48:01,2026-01-12 01:48:01,Puyehue-Cordon Caulle,VIIRS375,0.0,0.0,RUTINA,NULO,imagenes_satelitales/Puyehue-Cordon Caulle/2026-01-12/04-48-01_Puyehue-Cordon Caulle_VIIRS375_Latest.png,2026-01-12 05:35:34,2026-01-12 06:47:23,NO
1768193281,2026-01-12 04:48:01,2026-01-12 01:48:01,Copahue,VIIRS375,0.0,0.0,RUTINA,NULO,imagenes_satelitales/Copahue/2026-01-12/04-48-01_Copahue_VIIRS375_Latest.png,2026-01-12 05:35:34,2026-01-12 06:47:23,NO
1768193281,2026-01-12 04:48:01,2026-01-12 01:48:01,Chaiten,VIIRS,0.0,0.0,RUTINA,NULO,No descargada,2026-01-12 05:35:34,2026-01-12 06:03:55,NO
1768193281,2026-01-12 04:48:01,2026-01-12 01:48:01,Peteroa,VIIRS,0.0,0.0,RUTINA,NULO,No descargada,2026-01-12 05:35:34,2026-01-12 06:03:55,NO
1768193281,2026-01-12 04:48:01,2026-01-12 01:48:01,Llaima,VIIRS,0.0,0.0,RUTINA,NULO,No descargada,2026-01-12 05:35:34,2026-01-12 06:03:55,NO
1768193281,2026-01-12 04:48:01,2026-01-12 01:48:01,Puyehue-Cordon Caulle,VIIRS,0.0,0.0,RUTINA,NULO,No descargada,2026-01-12 05:35:34,2026-01-12 06:03:55,NO
1768193281,2026-01-12 04:48:01,2026-01-12 01:48:01,Nevados de Chillan,VIIRS,0.0,0.0,RUTINA,NULO,No descargada,2026-01-12 05:35:34,2026-01-12 06:03:55,NO
1768193281,2026-01-12 04:48:01,2026-01-12 01:48:01,Chaiten,VIIRS375,0.0,0.0,RUTINA,NULO,imagenes_satelitales/Chaiten/2026-01-12/04-48-01_Chaiten_VIIRS375_Latest.png,2026-01-12 05:35:34,2026-01-12 06:47:23,NO
1768192921,2026-01-12 04:42:01,2026-01-12 01:42:01,Lastarria,VIIRS375,0.0,0.0,RUTINA,NULO,imagenes_satelitales/Lastarria/2026-01-12/04-42-01_Lastarria_VIIRS375_Latest.png,2026-01-12 05:35:34,2026-01-12 06:47:23,NO
1768192921,2026-01-12 04:42:01,2026-01-12 01:42:01,Lascar,VIIRS375,0.0,0.0,RUTINA,NULO,imagenes_satelitales/Lascar/2026-01-12/04-42-01_Lascar_VIIRS375_Latest.png,2026-01-12 05:35:34,2026-01-12 06:47:23,NO
1768192921,2026-01-12 04:42:01,2026-01-12 01:42:01,Lascar,VIIRS,0.0,0.0,RUTINA,NULO,No descargada,2026-01-12 05:35:34,2026-01-12 06:03:55,NO
1768192921,2026-01-12 04:42:01,2026-01-12 01:42:01,Lastarria,VIIRS,0.0,0.0,RUTINA,NULO,No descargada,2026-01-12 05:35:34,2026-01-12 06:03:55,NO
1768186800,2026-01-12 03:00:00,2026-01-12 00:00:00,Peteroa,MODIS,0.0,0.0,RUTINA,NULO,No descargada,2026-01-12 01:50:50,2026-01-12 06:47:23,NO
1768186500,2026-01-12 02:55:00,2026-01-11 23:55:00,Villarrica,MODIS,0.0,0.0,RUTINA,NULO,No descargada,2026-01-12 01:50:50,2026-01-12 06:47:23,NO
1768186500,2026-01-12 02:55:00,2026-01-11 23:55:00,Copahue,MODIS,0.0,0.0,RUTINA,NULO,No descargada,2026-01-12 01:50:50,2026-01-12 06:47:23,NO
1768186500,2026-01-12 02:55:00,2026-01-11 23:55:00,Chaiten,MODIS,0.0,0.0,RUTINA,NULO,No descargada,2026-01-12 01:50:50,2026-01-12 06:47:23,NO
1768186500,2026-01-12 02:55:00,2026-01-11 23:55:00,Puyehue-Cordon Caulle,MODIS,0.0,0.0,RUTINA,NULO,No descargada,2026-01-12 01:50:50,2026-01-12 06:47:23,NO
1768186500,2026-01-12 02:55:00,2026-01-11 23:55:00,Nevados de Chillan,MODIS,0.0,0.0,RUTINA,NULO,No descargada,2026-01-12 01:50:50,2026-01-12 06:47:23,NO
1768186500,2026-01-12 02:55:00,2026-01-11 23:55:00,Llaima,MODIS,0.0,0.0,RUTINA,NULO,No descargada,2026-01-12 01:50:50,2026-01-12 06:47:23,NO
1768181100,2026-01-12 01:25:00,2026-01-11 22:25:00,Isluga,MODIS,0.0,0.0,RUTINA,NULO,No descargada,2026-01-12 00:55:00,2026-01-12 06:47:23,NO
1768181100,2026-01-12 01:25:00,2026-01-11 22:25:00,Lastarria,MODIS,0.0,0.0,RUTINA,NULO,No descargada,2026-01-12 00:55:00,2026-01-12 06:47:23,NO
1768181100,2026-01-12 01:25:00,2026-01-11 22:25:00,Lascar,MODIS,0.0,0.0,RUTINA,NULO,No descargada,2026-01-12 00:55:00,2026-01-12 06:47:23,NO
1768180800,2026-01-12 01:20:00,2026-01-11 22:20:00,Peteroa,MODIS,0.0,0.0,RUTINA,NULO,No descargada,2026-01-12 00:55:00,2026-01-12 00:55:00,NO
1768180800,2026-01-12 01:20:00,2026-01-11 22:20:00,Copahue,MODIS,0.0,0.0,RUTINA,NULO,No descargada,2026-01-12 00:55:00,2026-01-12 00:55:00,NO
1768180800,2026-01-12 01:20:00,2026-01-11 22:20:00,Nevados de Chillan,MODIS,0.0,0.0,RUTINA,NULO,No descargada,2026-01-12 00:55:00,2026-01-12 00:55:00,NO
1768163700,2026-01-11 20:35:00,2026-01-11 17:35:00,Lastarria,MODIS,0.0,0.0,RUTINA,NULO,No descargada,2026-01-11 22:57:40,2026-01-12 00:14:15,NO
1768163700,2026-01-11 20:35:00,2026-01-11 17:35:00,Lascar,MODIS,0.0,0.0,RUTINA,NULO,No descargada,2026-01-11 22:57:40,2026-01-12 00:14:15,NO
1768163700,2026-01-11 20:35:00,2026-01-11 17:35:00,Isluga,MODIS,0.0,0.0,RUTINA,NULO,No descargada,2026-01-11 22:57:40,2026-01-12 00:14:15,NO
1768163400,2026-01-11 20:30:00,2026-01-11 17:30:00,Peteroa,MODIS,0.0,0.0,RUTINA,NULO,No descargada,2026-01-11 22:57:40,2026-01-12 00:14:15,NO
1768163400,2026-01-11 20:30:00,2026-01-11 17:30:00,Nevados de Chillan,MODIS,0.0,0.0,RUTINA,NULO,No descargada,2026-01-11 22:57:40,2026-01-12 00:14:15,NO
1768163400,2026-01-11 20:30:00,2026-01-11 17:30:00,Copahue,MODIS,0.0,0.0,RUTINA,NULO,No descargada,2026-01-11 22:57:40,2026-01-12 00:14:15,NO
1768163400,2026-01-11 20:30:00,2026-01-11 17:30:00,Chaiten,MODIS,0.0,0.0,RUTINA,NULO,No descargada,2026-01-11 22:57:40,2026-01-12 00:55:00,NO
1768163400,2026-01-11 20:30:00,2026-01-11 17:30:00,Llaima,MODIS,0.0,0.0,RUTINA,NULO,No descargada,2026-01-11 22:57:40,2026-01-12 00:55:00,NO
1768163400,2026-01-11 20:30:00,2026-01-11 17:30:00,Villarrica,MODIS,0.0,0.0,RUTINA,NULO,No descargada,2026-01-11 22:57:40,2026-01-12 00:55:00,NO
1768163400,2026-01-11 20:30:00,2026-01-11 17:30:00,Puyehue-Cordon Caulle,MODIS,0.0,0.0,RUTINA,NULO,No descargada,2026-01-11 22:57:40,2026-01-12 00:55:00,NO
1768158721,2026-01-11 19:12:01,2026-01-11 16:12:01,Lascar,VIIRS375,0.0,0.0,RUTINA,NULO,imagenes_satelitales/Lascar/2026-01-11/19-12-01_Lascar_VIIRS375_Latest.png,2026-01-11 22:57:40,2026-01-12 04:49:27,NO
1768158721,2026-01-11 19:12:01,2026-01-11 16:12:01,Lastarria,VIIRS375,0.0,0.0,RUTINA,NULO,imagenes_satelitales/Lastarria/2026-01-11/19-12-01_Lastarria_VIIRS375_Latest.png,2026-01-11 22:57:40,2026-01-12 04:49:27,NO
1768158721,2026-01-11 19:12:01,2026-01-11 16:12:01,Lascar,VIIRS,0.0,0.0,RUTINA,NULO,No descargada,2026-01-11 22:57:40,2026-01-12 04:49:27,NO
1768158721,2026-01-11 19:12:01,2026-01-11 16:12:01,Lastarria,VIIRS,0.0,0.0,RUTINA,NULO,No descargada,2026-01-11 22:57:40,2026-01-12 04:49:27,NO
1768158361,2026-01-11 19:06:01,2026-01-11 16:06:01,Puyehue-Cordon Caulle,VIIRS,0.0,0.0,RUTINA,NULO,No descargada,2026-01-11 22:57:40,2026-01-12 04:49:27,NO
1768158361,2026-01-11 19:06:01,2026-01-11 16:06:01,Peteroa,VIIRS,0.0,0.0,RUTINA,NULO,No descargada,2026-01-11 22:57:40,2026-01-12 04:49:27,NO
1768158361,2026-01-11 19:06:01,2026-01-11 16:06:01,Chaiten,VIIRS375,0.5,32.14,RUTINA,FALSO POSITIVO,imagenes_satelitales/Chaiten/2026-01-11/19-06-01_Chaiten_VIIRS375_Latest.png,2026-01-11 22:57:40,2026-01-12 04:49:27,NO
1768158361,2026-01-11 19:06:01,2026-01-11 16:06:01,Puyehue-Cordon Caulle,VIIRS375,0.0,0.0,RUTINA,NULO,imagenes_satelitales/Puyehue-Cordon Caulle/2026-01-11/19-06-01_Puyehue-Cordon Caulle_VIIRS375_Latest.png,2026-01-11 22:57:40,2026-01-12 04:49:27,NO
1768158361,2026-01-11 19:06:01,2026-01-11 16:06:01,Peteroa,VIIRS375,0.0,0.0,RUTINA,NULO,imagenes_satelitales/Peteroa/2026-01-11/19-06-01_Peteroa_VIIRS375_Latest.png,2026-01-11 22:57:40,2026-01-12 04:49:27,NO
1768158361,2026-01-11 19:06:01,2026-01-11 16:06:01,Nevados de Chillan,VIIRS,0.0,0.0,RUTINA,NULO,No descargada,2026-01-11 22:57:40,2026-01-12 04:49:27,NO
1768158361,2026-01-11 19:06:01,2026-01-11 16:06:01,Llaima,VIIRS375,0.0,0.0,RUTINA,NULO,imagenes_satelitales/Llaima/2026-01-11/19-06-01_Llaima_VIIRS375_Latest.png,2026-01-11 22:57:40,2026-01-12 04:49:27,NO
1768158361,2026-01-11 19:06:01,2026-01-11 16:06:01,Llaima,VIIRS,0.0,0.0,RUTINA,NULO,No descargada,2026-01-11 22:57:40,2026-01-12 04:49:27,NO
1768158361,2026-01-11 19:06:01,2026-01-11 16:06:01,Nevados de Chillan,VIIRS375,0.0,0.0,RUTINA,NULO,imagenes_satelitales/Nevados de Chillan/2026-01-11/19-06-01_Nevados de Chillan_VIIRS375_Latest.png,2026-01-11 22:57:40,2026-01-12 04:49:27,NO
1768158361,2026-01-11 19:06:01,2026-01-11 16:06:01,Villarrica,VIIRS375,0.0,0.0,RUTINA,NULO,imagenes_satelitales/Villarrica/2026-01-11/19-06-01_Villarrica_VIIRS375_Latest.png,2026-01-11 22:57:40,2026-01-12 04:49:27,NO
1768158361,2026-01-11 19:06:01,2026-01-11 16:06:01,Copahue,VIIRS375,7.81,25.86,RUTINA,FALSO POSITIVO,imagenes_satelitales/Copahue/2026-01-11/19-06-01_Copahue_VIIRS375_Latest.png,2026-01-11 22:57:40,2026-01-12 04:49:27,NO
1768158361,2026-01-11 19:06:01,2026-01-11 16:06:01,Chaiten,VIIRS,0.0,0.0,RUTINA,NULO,No descargada,2026-01-11 22:57:40,2026-01-12 04:49:27,NO
1768158361,2026-01-11 19:06:01,2026-01-11 16:06:01,Villarrica,VIIRS,0.0,0.0,RUTINA,NULO,No descargada,2026-01-11 22:57:40,2026-01-12 04:49:27,NO
1768158361,2026-01-11 19:06:01,2026-01-11 16:06:01,Copahue,VIIRS,0.0,0.0,RUTINA,NULO,No descargada,2026-01-11 22:57:40,2026-01-12 04:49:27,NO
1768157280,2026-01-11 18:48:00,2026-01-11 15:48:00,Lastarria,VIIRS,0.0,0.0,RUTINA,NULO,No descargada,,,NO
1768157280,2026-01-11 18:48:00,2026-01-11 15:48:00,Lascar,VIIRS,0.0,0.0,RUTINA,NULO,No descargada,,,NO
1768157280,2026-01-11 18:48:00,2026-01-11 15:48:00,Copahue,VIIRS,0.0,0.0,RUTINA,NULO,No descargada,,,NO
1768157280,2026-01-11 18:48:00,2026-01-11 15:48:00,Isluga,VIIRS,0.0,0.0,RUTINA,NULO,No descargada,2026-01-11 22:57:40,2026-01-12 06:03:55,NO
1768157280,2026-01-11 18:48:00,2026-01-11 15:48:00,Peteroa,VIIRS,0.0,0.0,RUTINA,NULO,No descargada,,,NO
1768157280,2026-01-11 18:48:00,2026-01-11 15:48:00,Isluga,VIIRS375,0.0,0.0,RUTINA,NULO,imagenes_satelitales/Isluga/2026-01-11/18-48-00_Isluga_VIIRS375_Latest.png,2026-01-11 22:57:40,2026-01-12 06:47:23,NO
1768156920,2026-01-11 18:42:00,2026-01-11 15:42:00,Chaiten,VIIRS,0.0,0.0,RUTINA,NULO,No descargada,,,NO
1768156920,2026-01-11 18:42:00,2026-01-11 15:42:00,Villarrica,VIIRS,0.0,0.0,RUTINA,NULO,No descargada,,,NO
1768156920,2026-01-11 18:42:00,2026-01-11 15:42:00,Puyehue-Cordon Caulle,VIIRS,0.0,0.0,RUTINA,NULO,No descargada,,,NO
1768152601,2026-01-11 17:30:01,2026-01-11 14:30:01,Isluga,VIIRS375,0.0,0.0,RUTINA,NULO,imagenes_satelitales/Isluga/2026-01-11/17-30-01_Isluga_VIIRS375_Latest.png,,,NO
1768152601,2026-01-11 17:30:01,2026-01-11 14:30:01,Isluga,VIIRS,0.0,0.0,RUTINA,NULO,No descargada,,,NO
1768152601,2026-01-11 17:30:01,2026-01-11 14:30:01,Lastarria,VIIRS375,0.0,0.0,RUTINA,NULO,imagenes_satelitales/Lastarria/2026-01-11/17-30-01_Lastarria_VIIRS375_Latest.png,,,NO
1768152601,2026-01-11 17:30:01,2026-01-11 14:30:01,Lascar,VIIRS,0.0,0.0,RUTINA,NULO,No descargada,,,NO
1768152601,2026-01-11 17:30:01,2026-01-11 14:30:01,Lascar,VIIRS375,0.0,0.0,RUTINA,NULO,imagenes_satelitales/Lascar/2026-01-11/17-30-01_Lascar_VIIRS375_Latest.png,,,NO
1768152601,2026-01-11 17:30:01,2026-01-11 14:30:01,Lastarria,VIIRS,0.0,0.0,RUTINA,NULO,No descargada,,,NO
1768152241,2026-01-11 17:24:01,2026-01-11 14:24:01,Copahue,VIIRS375,0.0,0.0,RUTINA,NULO,imagenes_satelitales/Copahue/2026-01-11/17-24-01_Copahue_VIIRS375_Latest.png,,,NO
1768152241,2026-01-11 17:24:01,2026-01-11 14:24:01,Peteroa,VIIRS375,0.0,0.0,RUTINA,NULO,imagenes_satelitales/Peteroa/2026-01-11/17-24-01_Peteroa_VIIRS375_Latest.png,,,NO
1768152241,2026-01-11 17:24:01,2026-01-11 14:24:01,Nevados de Chillan,VIIRS,0.0,0.0,RUTINA,NULO,No descargada,,,NO
1768152241,2026-01-11 17:24:01,2026-01-11 14:24:01,Copahue,VIIRS,0.0,0.0,RUTINA,NULO,No descargada,,,NO
1768152241,2026-01-11 17:24:01,2026-01-11 14:24:01,Nevados de Chillan,VIIRS375,0.0,0.0,RUTINA,NULO,imagenes_satelitales/Nevados de Chillan/2026-01-11/17-24-01_Nevados de Chillan_VIIRS375_Latest.png,,,NO
1768152241,2026-01-11 17:24:01,2026-01-11 14:24:01,Peteroa,VIIRS,0.0,0.0,RUTINA,NULO,No descargada,,,NO
1768137600,2026-01-11 13:20:00,2026-01-11 10:20:00,Nevados de Chillan,MODIS,0.0,0.0,RUTINA,NULO,No descargada,,,NO
1768137600,2026-01-11 13:20:00,2026-01-11 10:20:00,Villarrica,MODIS,0.0,0.0,RUTINA,NULO,No descargada,,,NO
1768137600,2026-01-11 13:20:00,2026-01-11 10:20:00,Chaiten,MODIS,0.0,0.0,RUTINA,NULO,No descargada,,,NO
1768137600,2026-01-11 13:20:00,2026-01-11 10:20:00,Puyehue-Cordon Caulle,MODIS,0.0,0.0,RUTINA,NULO,No descargada,,,NO
1768137600,2026-01-11 13:20:00,2026-01-11 10:20:00,Llaima,MODIS,0.0,0.0,RUTINA,NULO,No descargada,,,NO
1768137600,2026-01-11 13:20:00,2026-01-11 10:20:00,Peteroa,MODIS,0.0,0.0,RUTINA,NULO,No descargada,,,NO
1768137600,2026-01-11 13:20:00,2026-01-11 10:20:00,Copahue,MODIS,0.0,0.0,RUTINA,NULO,No descargada,,,NO
1768137300,2026-01-11 13:15:00,2026-01-11 10:15:00,Isluga,MODIS,0.0,0.0,RUTINA,NULO,No descargada,,,NO
1768137300,2026-01-11 13:15:00,2026-01-11 10:15:00,Lastarria,MODIS,0.0,0.0,RUTINA,NULO,No descargada,,,NO
1768137300,2026-01-11 13:15:00,2026-01-11 10:15:00,Lascar,MODIS,0.0,0.0,RUTINA,NULO,No descargada,,,NO
1768114500,2026-01-11 06:55:00,2026-01-11 03:55:00,Villarrica,MODIS,0.0,0.0,RUTINA,NULO,No descargada,,,NO
1768114500,2026-01-11 06:55:00,2026-01-11 03:55:00,Puyehue-Cordon Caulle,MODIS,0.0,0.0,RUTINA,NULO,No descargada,,,NO
1768114500,2026-01-11 06:55:00,2026-01-11 03:55:00,Llaima,MODIS,0.0,0.0,RUTINA,NULO,No descargada,,,NO
1768114500,2026-01-11 06:55:00,2026-01-11 03:55:00,Peteroa,MODIS,0.0,0.0,RUTINA,NULO,No descargada,,,NO
1768114500,2026-01-11 06:55:00,2026-01-11 03:55:00,Chaiten,MODIS,0.0,0.0,RUTINA,NULO,No descargada,,,NO
1768114200,2026-01-11 06:50:00,2026-01-11 03:50:00,Lascar,MODIS,0.0,0.0,RUTINA,NULO,No descargada,,,NO
1768114081,2026-01-11 06:48:01,2026-01-11 03:48:01,Peteroa,VIIRS375,0.0,0.0,RUTINA,NULO,No descargada,,,NO
1768114081,2026-01-11 06:48:01,2026-01-11 03:48:01,Chaiten,VIIRS375,0.0,0.0,RUTINA,NULO,No descargada,,,NO
1768114081,2026-01-11 06:48:01,2026-01-11 03:48:01,Chaiten,VIIRS,0.0,0.0,RUTINA,NULO,No descargada,,,NO
1768114081,2026-01-11 06:48:01,2026-01-11 03:48:01,Villarrica,VIIRS375,0.0,0.0,RUTINA,NULO,No descargada,,,NO
1768114081,2026-01-11 06:48:01,2026-01-11 03:48:01,Nevados de Chillan,VIIRS375,0.0,0.0,RUTINA,NULO,imagenes_satelitales/Nevados de Chillan/2026-01-11/06-48-01_Nevados de Chillan_VIIRS375_Latest.png,,,NO
1768114081,2026-01-11 06:48:01,2026-01-11 03:48:01,Peteroa,VIIRS,0.0,0.0,RUTINA,NULO,No descargada,,,NO
1768114081,2026-01-11 06:48:01,2026-01-11 03:48:01,Copahue,VIIRS,0.0,0.0,RUTINA,NULO,No descargada,,,NO
1768114081,2026-01-11 06:48:01,2026-01-11 03:48:01,Puyehue-Cordon Caulle,VIIRS375,0.0,0.0,RUTINA,NULO,No descargada,,,NO
1768114081,2026-01-11 06:48:01,2026-01-11 03:48:01,Puyehue-Cordon Caulle,VIIRS,0.0,0.0,RUTINA,NULO,No descargada,,,NO
1768114081,2026-01-11 06:48:01,2026-01-11 03:48:01,Villarrica,VIIRS,0.0,0.0,RUTINA,NULO,No descargada,,,NO
1768114081,2026-01-11 06:48:01,2026-01-11 03:48:01,Copahue,VIIRS375,0.0,0.0,RUTINA,NULO,imagenes_satelitales/Copahue/2026-01-11/06-48-01_Copahue_VIIRS375_Latest.png,,,NO
1768114081,2026-01-11 06:48:01,2026-01-11 03:48:01,Llaima,VIIRS375,0.0,0.0,RUTINA,NULO,No descargada,,,NO
1768114081,2026-01-11 06:48:01,2026-01-11 03:48:01,Nevados de Chillan,VIIRS,0.0,0.0,RUTINA,NULO,No descargada,,,NO
1768114081,2026-01-11 06:48:01,2026-01-11 03:48:01,Llaima,VIIRS,0.0,0.0,RUTINA,NULO,No descargada,,,NO
1768113721,2026-01-11 06:42:01,2026-01-11 03:42:01,Isluga,VIIRS375,0.0,0.0,RUTINA,NULO,imagenes_satelitales/Isluga/2026-01-11/06-42-01_Isluga_VIIRS375_Latest.png,,,NO
1768113721,2026-01-11 06:42:01,2026-01-11 03:42:01,Isluga,VIIRS,0.0,0.0,RUTINA,NULO,No descargada,,,NO
1768112640,2026-01-11 06:24:00,2026-01-11 03:24:00,Lascar,VIIRS375,0.04,1.19,ALERTA_TERMICA,Bajo,imagenes_satelitales/Lascar/2026-01-11/06-24-00_Lascar_VIIRS375_VRP.png,,,NO
1768112640,2026-01-11 06:24:00,2026-01-11 03:24:00,Lascar,VIIRS,0.0,0.0,RUTINA,NULO,No descargada,,,NO
1768112640,2026-01-11 06:24:00,2026-01-11 03:24:00,Lastarria,VIIRS,0.0,0.0,RUTINA,NULO,No descargada,,,NO
1768112640,2026-01-11 06:24:00,2026-01-11 03:24:00,Lastarria,VIIRS375,0.15,1.55,ALERTA_TERMICA,Bajo,imagenes_satelitales/Lastarria/2026-01-11/06-24-00_Lastarria_VIIRS375_VRP.png,,,NO
1768107961,2026-01-11 05:06:01,2026-01-11 02:06:01,Chaiten,VIIRS,0.0,0.0,RUTINA,NULO,No descargada,,,NO
1768107961,2026-01-11 05:06:01,2026-01-11 02:06:01,Villarrica,VIIRS375,0.0,0.0,RUTINA,NULO,imagenes_satelitales/Villarrica/2026-01-11/05-06-01_Villarrica_VIIRS375_Latest.png,,,NO
1768107961,2026-01-11 05:06:01,2026-01-11 02:06:01,Nevados de Chillan,VIIRS,0.0,0.0,RUTINA,NULO,No descargada,,,NO
1768107961,2026-01-11 05:06:01,2026-01-11 02:06:01,Villarrica,VIIRS,0.0,0.0,RUTINA,NULO,No descargada,,,NO
1768107961,2026-01-11 05:06:01,2026-01-11 02:06:01,Peteroa,VIIRS375,0.0,0.0,RUTINA,NULO,imagenes_satelitales/Peteroa/2026-01-11/05-06-01_Peteroa_VIIRS375_Latest.png,,,NO
1768107961,2026-01-11 05:06:01,2026-01-11 02:06:01,Puyehue-Cordon Caulle,VIIRS,0.0,0.0,RUTINA,NULO,No descargada,,,NO
1768107961,2026-01-11 05:06:01,2026-01-11 02:06:01,Peteroa,VIIRS,0.0,0.0,RUTINA,NULO,No descargada,,,NO
1768107961,2026-01-11 05:06:01,2026-01-11 02:06:01,Copahue,VIIRS,0.0,0.0,RUTINA,NULO,No descargada,,,NO
1768107961,2026-01-11 05:06:01,2026-01-11 02:06:01,Llaima,VIIRS,0.0,0.0,RUTINA,NULO,No descargada,,,NO
1768107961,2026-01-11 05:06:01,2026-01-11 02:06:01,Llaima,VIIRS375,0.0,0.0,RUTINA,NULO,imagenes_satelitales/Llaima/2026-01-11/05-06-01_Llaima_VIIRS375_Latest.png,,,NO
1768107961,2026-01-11 05:06:01,2026-01-11 02:06:01,Chaiten,VIIRS375,0.0,0.0,RUTINA,NULO,imagenes_satelitales/Chaiten/2026-01-11/05-06-01_Chaiten_VIIRS375_Latest.png,,,NO
1768107961,2026-01-11 05:06:01,2026-01-11 02:06:01,Puyehue-Cordon Caulle,VIIRS375,0.25,8.19,ALERTA_TERMICA,Bajo,imagenes_satelitales/Puyehue-Cordon Caulle/2026-01-11/05-06-01_Puyehue-Cordon Caulle_VIIRS375_VRP.png,,,NO
1768107601,2026-01-11 05:00:01,2026-01-11 02:00:01,Lascar,VIIRS,0.27,0.75,ALERTA_TERMICA,Bajo,imagenes_satelitales/Lascar/2026-01-11/05-00-01_Lascar_VIIRS750_VRP.png,,,NO
1768107601,2026-01-11 05:00:01,2026-01-11 02:00:01,Lascar,VIIRS375,0.51,1.5,ALERTA_TERMICA,Bajo,imagenes_satelitales/Lascar/2026-01-11/05-00-01_Lascar_VIIRS375_VRP.png,,,NO
1768107601,2026-01-11 05:00:01,2026-01-11 02:00:01,Isluga,VIIRS,0.0,0.0,RUTINA,NULO,No descargada,,,NO
1768098300,2026-01-11 02:25:00,2026-01-10 23:25:00,Isluga,MODIS,0.0,0.0,RUTINA,NULO,No descargada,,,NO
1768098000,2026-01-11 02:20:00,2026-01-10 23:20:00,Nevados de Chillan,MODIS,0.0,0.0,RUTINA,NULO,No descargada,,,NO
1768098000,2026-01-11 02:20:00,2026-01-10 23:20:00,Peteroa,MODIS,0.0,0.0,RUTINA,NULO,No descargada,,,NO
1768098000,2026-01-11 02:20:00,2026-01-10 23:20:00,Lascar,MODIS,0.0,0.0,RUTINA,NULO,No descargada,,,NO
1768098000,2026-01-11 02:20:00,2026-01-10 23:20:00,Llaima,MODIS,0.0,0.0,RUTINA,NULO,No descargada,,,NO
1768098000,2026-01-11 02:20:00,2026-01-10 23:20:00,Copahue,MODIS,0.0,0.0,RUTINA,NULO,No descargada,,,NO
1768098000,2026-01-11 02:20:00,2026-01-10 23:20:00,Villarrica,MODIS,0.0,0.0,RUTINA,NULO,No descargada,,,NO
1768097700,2026-01-11 02:15:00,2026-01-10 23:15:00,Chaiten,MODIS,0.0,0.0,RUTINA,NULO,No descargada,,,NO
1768075200,2026-01-10 20:00:00,2026-01-10 17:00:00,Isluga,MODIS,0.0,0.0,RUTINA,NULO,No descargada,,,NO
1768074600,2026-01-10 19:50:00,2026-01-10 16:50:00,Puyehue-Cordon Caulle,MODIS,0.0,0.0,RUTINA,NULO,No descargada,,,NO
1768073041,2026-01-10 19:24:01,2026-01-10 16:24:01,Llaima,VIIRS,0.0,0.0,RUTINA,NULO,No descargada,,,NO
1768073041,2026-01-10 19:24:01,2026-01-10 16:24:01,Puyehue-Cordon Caulle,VIIRS,0.0,0.0,RUTINA,NULO,No descargada,,,NO
1768073041,2026-01-10 19:24:01,2026-01-10 16:24:01,Nevados de Chillan,VIIRS375,0.0,0.0,RUTINA,NULO,imagenes_satelitales/Nevados de Chillan/2026-01-10/19-24-01_Nevados de Chillan_VIIRS375_Latest.png,,,NO
1768073041,2026-01-10 19:24:01,2026-01-10 16:24:01,Villarrica,VIIRS,0.0,0.0,RUTINA,NULO,No descargada,,,NO
1768073041,2026-01-10 19:24:01,2026-01-10 16:24:01,Llaima,VIIRS375,0.0,0.0,RUTINA,NULO,imagenes_satelitales/Llaima/2026-01-10/19-24-01_Llaima_VIIRS375_Latest.png,,,NO
1768073041,2026-01-10 19:24:01,2026-01-10 16:24:01,Peteroa,VIIRS,0.0,0.0,RUTINA,NULO,No descargada,,,NO
1768073041,2026-01-10 19:24:01,2026-01-10 16:24:01,Peteroa,VIIRS375,0.0,0.0,RUTINA,NULO,imagenes_satelitales/Peteroa/2026-01-10/19-24-01_Peteroa_VIIRS375_Latest.png,,,NO
1768073041,2026-01-10 19:24:01,2026-01-10 16:24:01,Copahue,VIIRS,0.0,0.0,RUTINA,NULO,No descargada,,,NO
1768073041,2026-01-10 19:24:01,2026-01-10 16:24:01,Nevados de Chillan,VIIRS,0.0,0.0,RUTINA,NULO,No descargada,,,NO
1768073041,2026-01-10 19:24:01,2026-01-10 16:24:01,Copahue,VIIRS375,5.73,25.86,RUTINA,FALSO POSITIVO,imagenes_satelitales/Copahue/2026-01-10/19-24-01_Copahue_VIIRS375_Latest.png,,,NO
1768073041,2026-01-10 19:24:01,2026-01-10 16:24:01,Puyehue-Cordon Caulle,VIIRS375,0.0,0.0,RUTINA,NULO,imagenes_satelitales/Puyehue-Cordon Caulle/2026-01-10/19-24-01_Puyehue-Cordon Caulle_VIIRS375_Latest.png,,,NO
1768073041,2026-01-10 19:24:01,2026-01-10 16:24:01,Villarrica,VIIRS375,0.0,0.0,RUTINA,NULO,imagenes_satelitales/Villarrica/2026-01-10/19-24-01_Villarrica_VIIRS375_Latest.png,,,NO
1768072320,2026-01-10 19:12:00,2026-01-10 16:12:00,Isluga,VIIRS,0.0,0.0,RUTINA,NULO,No descargada,,,NO
1768072320,2026-01-10 19:12:00,2026-01-10 16:12:00,Isluga,VIIRS375,0.0,0.0,RUTINA,NULO,imagenes_satelitales/Isluga/2026-01-10/19-12-00_Isluga_VIIRS375_Latest.png,,,NO
1768071960,2026-01-10 19:06:00,2026-01-10 16:06:00,Lascar,VIIRS,0.0,0.0,RUTINA,NULO,No descargada,,,NO
1768071960,2026-01-10 19:06:00,2026-01-10 16:06:00,Lascar,VIIRS375,0.0,0.0,RUTINA,NULO,imagenes_satelitales/Lascar/2026-01-10/19-06-00_Lascar_VIIRS375_Latest.png,,,NO
